Ｇパン,ジーパン,  jeans; dungarees   ジーパン: gai1; ichi,Noun
アクセル,アクセル,  accelerator  ,Noun
あざ笑う,あざわらう,  to sneer at; to ridicule  ,Godan
あっさり,あっさり,  easily; readily; quickly  ,Adverb
アップ,アップ,  increasing,Noun
アプローチ,アプローチ,  approach ,Noun
あべこべ,あべこべ,  contrary; opposite; inverseあべこべ: ichi,Naadjective
アマチュア,アマチュア,  amateur,Noun
あやふや,あやふや,  uncertain; vague; ambiguous ,Naadjective
アラブ,アラブ,  Arab  アラブ: gai,Noun
アルカリ,アルカリ,  alkali ,Noun
アルミ,アルミ,  aluminum ; aluminium ,Noun
アワー,アワー,  hour ,Noun
アンケート,アンケート,  questionnaire; survey ,Noun
アンコール,アンコール,  encore  ,Noun
いいかげん,いいかげん,  irresponsible; perfunctory; careless  ,Naadjective
イエス,イエス,  Jesus,Noun
いざ,いざ,  now; come ; well,Adverb
いっそ,いっそ,  rather; sooner; preferably ,Adverb
インターチェンジ,インターチェンジ,  interchange; service interchange ,Noun
インターナショナル,インターナショナル,  international ,Naadjective
インターフォン,インターフォン,  intercom; interphone ,Noun
インテリ,インテリ,  intellectual; egghead  ,Noun
インフォメーション,インフォメーション,  information ,Noun
インフレ,インフレ,  inflation ,Noun
ウイルス,ウイルス,  virus,Noun
うんざり,うんざり,  tedious; boring; being fed up with  ,Suru
エアメール,エアメール,  air mail ,Noun
エレガント,エレガント,  elegant  エレガント: gai,Naadjective
エンジニア,エンジニア,  engineer,Noun
オートマチック,オートマチック,  automatic  ,Naadjective
オープン,オープン,  open  ,Naadjective
おい,おい, hey!; oi!; ahoy!  ,
おっかない,おっかない,  frightening; scary  ,Iadjective
オドオド,オドオド,  coweringly; hesitantly  ,Adverb
オリエンテーション,オリエンテーション,  orientation  オリエンテーション: gai,Noun
オレンジ,オレンジ,  orange,Noun
オンライン,オンライン,  onlineオンライン: gai,Noun
お世辞,おせじ,  flattery; compliment  ,Noun
お使い,おつかい,  errand; mission; going as envoy ,Noun
お供,おとも,  attendant; companion  ,Noun
お宮,おみや,  Shinto shrine,Noun
お手上げ,おてあげ,  all over; given in; given up hope,Expression
お産,おさん,   birth; childbirth; delivery,Noun
おじいさん,おじいさん,  grandfather  ,Noun
おむつ,おむつ,  diaper; nappy; napkin  ,Noun
カーペット,カーペット,  carpet  カーペット: gai1; ichi,Noun
ガイド,ガイド,  guide; tour guide; conductor,Noun
ガイドブック,ガイドブック,  guidebook  ガイドブック: gai,Noun
カクテル,カクテル,  cocktail ,Noun
がっくり,がっくり,  heartbroken; crestfallen; dejected,Adverb
がっしり,がっしり,  firmly; solidly; toughがっしり: ichi,Adverb
がっちり,がっちり,  solid; robust; well-built  ,Adverb
カット,カット,  cut; cutting ,Noun
カテゴリー,カテゴリー,  category  ,Noun
カムバック,カムバック,  comeback,Noun
カメラマン,カメラマン,  cameraman; photographer; cinematographer,Noun
がる,がる,  to show signs of being; to feel; to think  ,Suffix
カルテ,カルテ,  patient's chart; clinical records  ,Noun
ガレージ,ガレージ,  garage  ,Noun
カンニング,カンニング,  cheating ,Noun
きちっと,きちっと,  exactly; perfectlyきちっと: spec,Adverb
きっかり,きっかり,  exactly; just; precisely  ,Adverb
きっちり,きっちり,  punctually; on the dot; precisely  ,Adverb
きっぱり,きっぱり,  clearly; plainly; decisively,Adverb
きまり悪い,きまりわるい,  feeling awkward; being ashamed; being bashful ,Iadjective
キャッチ,キャッチ,  catch; catching; obtaining ,Noun
キャリア,キャリア,  career ,Noun
クイズ,クイズ,  quiz,Noun
くじ引き,くじびき,  lottery; drawn lot ,Noun
くっきり,くっきり,  distinctly ; clearly; in sharp relief,Adverb
ぐっと,ぐっと,  suddenly; at once; in one go,Adverb
くらい,くらい,  approximately; about; around,Suffix
クラブ,クラブ,  nightclub ,Noun
グラフ,グラフ,  graph  ,Noun
グレー,グレー,  grey  ,Naadjective
クレーン,クレーン,  crane,Noun
ゲスト,ゲスト,  guest,Noun
げっそり,げっそり,  being disheartened; being dejected,Adverb
ヶ月,かげつ,  months  ,Counter
コーナー,コーナー,  corner ,Noun
こげ茶,こげちゃ,  dark brown; olive brown  ,Noun
コマーシャル,コマーシャル,  commercialコマーシャル: gai1; ichi,Noun
コミュニケーション,コミュニケーション,  communication ,Noun
コメント,コメント,  comment ,Noun
コンタクト,コンタクト,  contact ,Noun
コンテスト,コンテスト,  contest  ,Noun
コントラスト,コントラスト,  contrast  コントラスト: gai,Noun
コントロール,コントロール,  control,Noun
コンパス,コンパス,  pair of compasses; compass,Noun
サイクル,サイクル,  cycle,Noun
サイズ,サイズ,  size  ,Noun
サボる,サボる,  to be truant; to play hooky; to skip school,Godan
さん,さん,  Mr.; Mrs.; Miss,Suffix
サン,サン,  sun ,Noun
サンキュー,サンキュー, thank you ,
サンタクロース,サンタクロース,  Santa Claus ,Noun
シート,シート,  seat ,Noun
しくじる,しくじる,  to fail; to blunder; to mess up,Godan
システム,システム,  system,Noun
シック,シック,  chic  ,Naadjective
じっくり,じっくり,  deliberately; carefully; thoroughly,Adverb
シナリオ,シナリオ,  script; screenplay ,Noun
しぶとい,しぶとい,  tenacious; tough; enduring,Iadjective
ジャズ,ジャズ,  jazz,Noun
ジャンパー,ジャンパー,  jacket; jumper ,Noun
ジャンプ,ジャンプ,  jump  ,Noun
ジャンボ,ジャンボ,  jumbo,Naadjective
ジャンル,ジャンル,  genre ,Noun
ショー,ショー,  show  ,Noun
ショック,ショック,  shock,Naadjective
しょっちゅう,しょっちゅう,  always; constantly; frequently,Adverb
し尿,しにょう,  excreta; raw sewage; human waste,Noun
スタジオ,スタジオ,  studio,Noun
スチーム,スチーム,  steam,Noun
ストライキ,ストライキ,  strike ,Noun
ストレス,ストレス,  stress  ,Noun
ストロー,ストロー,  drinking straw ,Noun
ストロボ,ストロボ,  stroboscope; strobe lamp; stroboscopic lamp ,Noun
すばしこい,すばしこい,  nimble; smart; quick ,Iadjective
ずばり,ずばり,  decisively; decidedly; boldly,Adverb
スピード,スピード,  speed  スピード: gai1; ichi,Noun
スプリング,スプリング,  spring  ,Noun
ずぶ濡れ,ずぶぬれ,  soaked; dripping wet,Noun
スペース,スペース,  spaceスペース: gai,Noun
スポーツカー,スポーツカー,  sports car ,Noun
スラックス,スラックス,  slacks  スラックス: gai,Noun
ずらっと,ずらっと,  in a line; in a row ,Adverb
ずるずる,ずるずる,  sound or act of dragging  ,Adverb
ずれ,ずれ,  gap; slippage ,Noun
ずれる,ずれる,  to slide; to slip off; to get dislocated,Ichidan
すれ違い,すれちがい,  passing each other; crossing paths without meeting; being at cross purposes ,Noun
すんなり,すんなり,  slim; slender; lithe,Adverb
セール,セール,  sale  ,Noun
セクション,セクション,  section  セクション: gai,Noun
セックス,セックス,  sexual intercourse,Noun
ゼリー,ゼリー,  jello; gelatin dessert; jelly  ,Noun
セレモニー,セレモニー,  ceremony  セレモニー: gai,Noun
センス,センス,  taste ; sense ; flair ,Noun
ソース,ソース,  sauce  ,Noun
ソックス,ソックス,  socks  ソックス: gai,Noun
それゆえ,それゆえ,  therefore; for that reason; so  ,Conjunction
ソロ,ソロ,  solo,Noun
ぞんざい,ぞんざい,  rude; careless; slovenly,Naadjective
タイトル,タイトル,  title,Noun
タイピスト,タイピスト,  typist,Noun
タイマー,タイマー,  timer; clock register,Noun
タイミング,タイミング,  timing  ,Noun
タイム,タイム,  time ,Noun
タイムリー,タイムリー,  timely  ,Naadjective
タイヤ,タイヤ,  tire; tyre,Noun
タイル,タイル,  tile ,Noun
ダウン,ダウン,  down ; becoming lower; being brought down,Noun
たどり着く,たどりつく,  to struggle on to; to arrive somewhere after a struggle; to grope along to,Godan
だぶだぶ,だぶだぶ,  loose; baggy  ,Naadjective
ダブる,ダブる,  to be duplicated; to be repeated  ,Godan
だらけ,だらけ,  implying  that something is full of  ,Noun
タレント,タレント,  star ; personality  ,Noun
タワー,タワー,  tower,Noun
タンパク質,タンパクしつ,  protein ,Noun
ダンプ,ダンプ,  dump ,Noun
チームワーク,チームワーク,  teamwork,Noun
チェンジ,チェンジ,  change  ,Noun
チャイム,チャイム,  chime; bell ,Noun
チャネル,チャネル,  channel ,Noun
ちやほや,ちやほや,  to pamper; to make a fuss of; to spoil,Suru
ちょくちょく,ちょくちょく,  often; frequently; now and then,Adverb
ちらっと,ちらっと,  at a glance; by accident  ,Adverb
ちり取り,ちりとり,  dustpan ,Noun
つり革,つりかわ,  strap  ,Noun
データ,データ,  data; datum ,Noun
ティッシュペーパー,ティッシュペーパー,  tissue paper; tissue; facial tissue,Noun
でかい,でかい,  huge; big; gargantuan  ,Iadjective
デコレーション,デコレーション,  decoration  デコレーション: gai,Noun
デザート,デザート,  dessert ,Noun
デザイン,デザイン,  design  デザイン: gai1; ichi,Noun
てっきり,てっきり,  surely; certainly; beyond doubt,Adverb
デッサン,デッサン,  rough sketch ,Noun
デモンストレーション,デモンストレーション,  demonstration  ,Noun
テレックス,テレックス,  telex; teletypewriter exchangeテレックス: gai,Noun
てんで,てんで,   at all; altogether; entirely,Adverb
トーン,トーン,  tone  トーン: gai,Noun
どうにか,どうにか,  in some way or other; one way or another,Adverb
どうやら,どうやら,  it seems like; it appears that ,Adverb
ドライ,ドライ,  dry,Naadjective
ドライクリーニング,ドライクリーニング,  dry cleaning ,Noun
ドライバー,ドライバー,  driver  ,Noun
ドライブイン,ドライブイン,  drive-in,Noun
トラブル,トラブル,  trouble,Noun
トランジスタ,トランジスタ,  electrical transistor ,Noun
ドリル,ドリル,  drill bit; drill  ,Noun
とんだ,とんだ,  unthinkable; unimaginable; inconceivable,Prenoun
ど忘れ,どわすれ,  lapse of memory; forgetting for a moment something one knows well;  slipping one's mind  ,Noun
ナイター,ナイター,  game under lights ; night game ,Noun
ナプキン,ナプキン,   napkin; serviette ,Noun
なんか,なんか,  things like ...; or something like that ... ,Expression
ナンセンス,ナンセンス,  nonsense ,Naadjective
にもかかわらず,にもかかわらず,  in spite of; nevertheless; although,Expression
ニュー,ニュー,  new ,Noun
ニュアンス,ニュアンス,  nuanceニュアンス: gai1; ichi,Noun
ネガ,ネガ,   negative,Noun
ノイローゼ,ノイローゼ,  neurosis; nervous breakdown; mental problem,Noun
バー,バー,  bar ,Noun
ばい菌,ばいきん,  germ; germs; bacteria,Noun
パジャマ,パジャマ,  pajamas; pyjamas,Noun
パチンコ,パチンコ,  pachinko; mechanical gambling game superficially resembling pinball ,Noun
バッジ,バッジ,  badge ,Noun
バット,バット,  bat  ,Noun
ばてる,ばてる,  to be exhausted; to be worn out  ばてる: ichi,Ichidan
パトカー,パトカー,  patrol car ,Noun
ばらまく,ばらまく,  to disseminate; to scatter; to broadcast,Godan
ハンガー,ハンガー,   hangar ,Noun
パンク,パンク,  puncture; flat tyre ; bursting,Noun
ビジネス,ビジネス,  business,Noun
びっしょり,びっしょり,  wet through; drenched ,Naadjective
ひょっと,ひょっと,  possibly; perhaps; perchance  ,Adverb
ビリ,ビリ,  last on the list; at the bottom ,Noun
ヒント,ヒント,  hint,Noun
ブーツ,ブーツ,  boots,Noun
ブーム,ブーム,  boom  ,Noun
ファイト,ファイト,  fight ,Noun
ファイル,ファイル,  file,Noun
ファン,ファン,  fan ,Noun
フィルター,フィルター,  filter,Noun
フェリー,フェリー,  ferry,Noun
フォーム,フォーム,  foam ,Noun
ぶかぶか,ぶかぶか,  too large ; baggy; loose-fitting  ,Noadjective
ブザー,ブザー,  buzzer; personal alarm ,Noun
ぶらぶら,ぶらぶら,  dangling heavily; swaying to and fro; swinging  ,Suru
ブルー,ブルー,  blue  ,Naadjective
フロント,フロント,  front  ,Noun
ふんだん,ふんだん,  plentiful; abundant; lavish,Naadjective
ベース,ベース,  base ,Noun
ペア,ペア,  pair ,Noun
ペコペコ,ペコペコ,  very hungry; starving; famished,Naadjective
ベスト,ベスト,  best,Naadjective
ベストセラー,ベストセラー,  best-seller  ベストセラー: gai,Noun
ホース,ホース,  hose,Noun
ポーズ,ポーズ,  pose ,Noun
ホール,ホール,  hall  ,Noun
ボイコット,ボイコット,  boycott,Noun
ポイント,ポイント,  point  ,Noun
ポジション,ポジション,  position  ,Noun
ほっと,ほっと,  feeling relieved;  relief  ,Adverb
ホット,ホット,  hot,Naadjective
ポット,ポット,  pot  ,Noun
ぼつぼつ,ぼつぼつ,  gradually; little by little; in a breezy manner,Adverb
ぼやく,ぼやく,  to grumble; to complain ,Godan
ぼやける,ぼやける,  to become dim; to become blurred,Ichidan
ボルト,ボルト,  volt ,Noun
ポンプ,ポンプ,  pump ,Noun
マーク,マーク,  mark; symbol; insignia,Noun
マスコミ,マスコミ,  mass communication; the media ,Noun
マッサージ,マッサージ,  massage ,Noun
ミスプリント,ミスプリント,  misprint  ミスプリント: ichi,Noun
ミセス,ミセス,  Mrs ,Noun
ミュージック,ミュージック,  music,Noun
ムード,ムード,  mood  ,Noun
メーカー,メーカー,  manufacturer; maker ,Noun
メッセージ,メッセージ,  message ,Noun
メディア,メディア,  media,Noun
メロディー,メロディー,  melody ,Noun
モーテル,モーテル,  motel ,Noun
モニター,モニター,   monitor,Noun
ややこしい,ややこしい,  puzzling; tangled; complicated,Iadjective
やり遂げる,やりとげる,  to accomplish; to finish; to carry through,Ichidan
ヤング,ヤング,  young  ,Noun
ゆとり,ゆとり,  elbowroom; leeway; room,Noun
ユニーク,ユニーク,  unique; individual; original,Naadjective
ユニフォーム,ユニフォーム,  uniform ,Noun
よそ見,よそみ,  looking away; looking aside ,Noun
ライス,ライス,  rice  ,Noun
ラベル,ラベル,  label  ,Noun
ランプ,ランプ,  lamp; light  ,Noun
ルーズ,ルーズ,  loose  ,Naadjective
ルール,ルール,  rule,Noun
レース,レース,  race ,Noun
レギュラー,レギュラー,  regular  ,Naadjective
レッスン,レッスン,  lesson  レッスン: gai,Noun
レディー,レディー,  lady ,Noun
レバー,レバー,  lever; joystick ,Noun
レンジ,レンジ,  range; stove; cooker ,Noun
レンタカー,レンタカー,  rental car; rent-a-car; hired auto ,Noun
レントゲン,レントゲン,  X-ray  ,Noun
ロープ,ロープ,  rope,Noun
ロマンチック,ロマンチック,  romantic ,Naadjective
ワット,ワット,  watt,Noun
一切,いっさい,  all; everything; the whole,Noun
一別,いちべつ,  parting,Noun
一同,いちどう,  all present; all concerned; all of us,Noun
一変,いっぺん,  complete change; about-face,Noun
一帯,いったい,  region; zone; whole place,Noun
一心,いっしん,  one mind ,Adverb
一息,ひといき,  one breath; pause; rest ,Noun
一括,いっかつ,  all together; batch; one lump,Noun
一挙に,いっきょに,  at a stroke; with a single swoop,Adverb
一敗,いっぱい,  one defeat,Noun
一様,いちよう,  uniformity; evenness; similarity,Naadjective
一気,いっき, chug!; drink!  ,
一目,ひとめ,  glance; look; glimpse ,Noun
一筋,ひとすじ,  one long straight object,Noun
一見,いちげん,  first visit to inn; restaurant; etc. without an introduction ,Noun
一連,いちれん,  series; chain; sequence,Noun
一部,いちぶ,  one part; one portion; one section,Adverbial
一部分,いちぶぶん,  part; portion; section,Noun
一重,ひとえ,  one layer; single; onefold ,Noun
一面,いちめん,  one face; one surface ,Noun
ひところ,ひところ,  once; some time ago  ,Adverbial
丁々,ちょうちょう,  clashing of swords; felling of trees; ringing of an ax ,Adverb
丁目,ちょうめ,  district of a town; city block ,Noun
万,ばん,  many; all,Adverb
万人,ばんにん,  all people; everybody ,Noun
万能,ばんのう,  all-purpose; utility ,Noun
丈,たけ,  height; stature ,Noun
だけ,だけ,  only; just; merely,Particle
丈夫,じょうふ,  hero; manly person; warrior  ,Noun
上がり,あがり,  rise; increase; ascent,Noun
上下,うえした,  top and bottom; up and down; high and low,Noun
上司,じょうし,  superior authorities; boss,Noun
上回る,うわまわる,  to exceed ; to surpass; to be more than,Godan
上手,うわて,  upper part  ,Naadjective
上昇,じょうしょう,  rising; ascending; climbing,Noun
上演,じょうえん,  performance ; staging,Noun
上陸,じょうりく,  landing; disembarkation; landfall,Noun
下位,かい,  low rank; subordinate; lower order ,Noun
下取り,したどり,  trade in; part exchange,Noun
下吏,かり,  lower official,Noun
下品,かひん,  inferior article ,Noun
下地,したじ,  groundwork; foundation ,Noun
下心,したごころ,  secret intention; ulterior motive ,Noun
下火,したび,  burning low; waning; declining,Noun
下調べ,したしらべ,  preliminary investigation; preparation,Noun
不便,ふびん,  pity; compassion ,Naadjective
不動産,ふどうさん,  real estate,Noun
不可欠,ふかけつ,  indispensable; essential,Naadjective
不吉,ふきつ,  ominous; sinister; unlucky,Naadjective
不在,ふざい,  absence  ,Noun
不当,ふとう,  injustice; impropriety; unreasonableness,Naadjective
不意,ふい,  sudden; abrupt; unexpected,Naadjective
不振,ふしん,  dullness; depression; slump,Naadjective
不明,ふめい,  unclear; obscure; indistinct,Naadjective
不景気,ふけいき,  economic slump; hard times; recession,Noun
不評,ふひょう,  bad reputation; disgrace; unpopularity  ふひょう: news1,Noun
不調,ふちょう,  bad condition; not to work out ; disagreement,Naadjective
与党,よとう,  ruling party; government party; party in power,Noun
かつ,かつ,  yet; moreover; and ,Adverb
世,よ,  world; society; age,Noun
世代,せだい,  generation; the world; the age,Noun
世帯,せたい,  household; home; family,Noun
世論,よろん,  public opinion; popular voice; public sentiment,Noun
世辞,せじ,  flattery; compliment ,Noun
両極,りょうきょく,  both extremities  ,Noun
両立,りょうりつ,  compatibility; coexistence; standing together,Noun
中ほど,なかほど,   middle; midway ,Noun
中傷,ちゅうしょう,  slander; libel; defamation,Noun
中和,ちゅうわ,  neutralizing; neutralising; counteracting  ,Noun
中断,ちゅうだん,  interruption; suspension; break ,Noun
中枢,ちゅうすう,  centre; center; pivot,Noun
中毒,ちゅうどく,  poisoning  ,Noun
中立,ちゅうりつ,  neutrality,Noun
丸々,まるまる,  plump; rotund; chubby  ,Noun
まるごと,まるごと,  in its entirety; whole; wholly  ,Adverb
まるっきり,まるっきり,  completely; perfectly; totally,Adverb
丸める,まるめる,  to make round; to roll up; to curl up ,Ichidan
主なる,おもなる,  main; principal; important ,Prenoun
主人公,しゅじんこう,  protagonist; main character; hero  ,Noun
主催,しゅさい,  sponsorship ; promotion; organizing,Noun
主権,しゅけん,  sovereignty; supremacy; dominion,Noun
主演,しゅえん,  starring; playing the leading part,Noun
主観,しゅかん,  subjectivity; subject ; ego ,Noun
主題,しゅだい,  subject; theme; motif ,Noun
主食,しゅしょく,  staple food,Noun
ないし,ないし,  from ... to; between ... and  ,Conjunction
久しい,ひさしい,  long; long-continued; old ,Iadjective
乏しい,とぼしい,  meagre; meager; scarce,Iadjective
乗っ取る,のっとる,  to take over; to capture; to seize,Godan
乗り込む,のりこむ,  to board; to embark on; to get into ,Godan
乙,おつ,  second ; the B party ; the latter,Naadjective
乱れる,みだれる,  to be disordered; to be disarranged; to be disarrayed,Ichidan
乱用,らんよう,  abuse; misuse; misappropriation,Noun
乳,ちち,  milk ,Noun
かねて,かねて,  previously; already; for some time,Adverb
あらかじめ,あらかじめ,  beforehand; in advance; previously ,Adverb
予想,よそう,  expectation; anticipation; prediction,Noun
予言,よげん,  prediction; prophecy; prognostication ,Noun
争い,あらそい,  dispute; strife; quarrel,Noun
ことによると,ことによると,  possibly; maybe; perhaps ,Expression
事前,じぜん,  prior; beforehand; in advance,Noun
事柄,ことがら,  matter; thing; affair,Noun
事業,じぎょう,  project; enterprise; business,Noun
云々,うんぬん,  and so on; and so forth; et cetera,Expression
些事,さじ,  something small or petty; trifle ,Noun
亜科,あか,  subfamily,Noun
交える,まじえる,  to mix; to combine ,Ichidan
交わる,まじわる,  to cross; to intersect; to join,Godan
交互,こうご,  mutual; reciprocal; alternate  こうご: ichi1,Noun
交易,こうえき,  trade; commerce,Noun
交渉,こうしょう,  negotiations; discussions ,Noun
享受,きょうじゅ,  reception; acceptance; enjoyment,Noun
人,じん,  -ian ; -ite ; indicates nationality,Suffix
人体,じんたい,  human body,Noun
人情,にんじょう,  humanity; empathy; kindness,Noun
人材,じんざい,  capable person; talented person ,Noun
人柄,ひとがら,  personality; character; personal appearance,Naadjective
人格,じんかく,  personality; character; individuality,Noun
人民,じんみん,  people; public,Noun
人質,ひとじち,  hostage,Noun
今更,いまさら,  now ; at this late hour ; at this point of time ,Adverb
介入,かいにゅう,  intervention  かいにゅう: news1; nf03. 介入: news1; nf03.,Noun
介抱,かいほう,  nursing; looking after,Noun
介護,かいご,  nursing; care; caregiving,Noun
仏,ふつ,  France,Noun
仏像,ぶつぞう,  statue of Buddha; image of Buddha; Buddhist statue,Noun
仕える,つかえる,  to serve; to work for; to attend ,Ichidan
仕上がり,しあがり,  finish; end; completion,Noun
仕上げ,しあげ,  end; finishing touches; being finished ,Noun
仕上げる,しあげる,  to finish up; to complete; to finish off,Ichidan
しつける,しつける,  to be used to; to get accustomed to; to be in the habit of doing  ,Ichidan
仕入れる,しいれる,  to lay in stock; to replenish stock; to procure,Ichidan
仕切る,しきる,  to partition; to divide; to mark off,Godan
仕掛け,しかけ,  device; contrivance; mechanism,Noun
しきたり,しきたり,  custom; conventional practice; mores,Noun
仕様,しよう,  way; method; means,Noun
仕立てる,したてる,  to tailor; to make  ,Ichidan
仕舞い,しまい,  end; close; finish,Noun
他動詞,たどうし,  transitive verb ,Noun
他意,たい,  ill will; malice; another intention,Noun
他方,たほう,  one ; the other; one way,Noun
つき,つき,  furnished with; including ,Noun
付け加える,つけくわえる,  to add one thing to another ,Ichidan
付録,ふろく,  appendix; supplement; annex,Noun
仙,せん,  hermit; wizard,Noun
代,しろ,  substitution ,Noun
代わる代わる,かわるがわる,  alternately; by turns ,Adverb
代弁,だいべん,  pay by proxy; act for another; speak for another,Noun
代用,だいよう,  substitution,Noun
もって,もって,  with; by  ,Conjunction
仮,かり,  temporary; provisional; interim  ,Noadjective
仰ぐ,あおぐ,  to look up  ,Godan
仲人,なこうど,  matchmaker  ,Noun
くだん,くだん,  the aforementioned; the said;  in question,Noadjective
任す,まかす,  to entrust; to leave to a person,Godan
任務,にんむ,  duty; function; office,Noun
任命,にんめい,  appointment; nomination; ordination,Noun
企画,きかく,  planning; project; plan,Noun
伊,い,  Italy ,Noun
休める,やすめる,  to rest; to suspend; to give relief,Ichidan
休学,きゅうがく,  temporary absence from school,Noun
休戦,きゅうせん,  cease-fire; truce; armistice,Noun
会,え,  gathering  ,Noun
会見,かいけん,  interview; audience,Noun
会談,かいだん,  conversation; conference ; discussion,Noun
伝来,でんらい,  ancestral; hereditary; imported,Noun
伝言,つてこと,  verbal message; word  ,Noun
伝説,でんせつ,  tradition; legend; folklore,Noun
伝達,でんたつ,  transmission ; communication; delivery,Noun
伴う,ともなう,  to accompany; to go hand in hand with; to be consequent upon,Godan
似通う,にかよう,  to resemble closely,Godan
住,じゅう,  dwelling; living,Noun
体,てい,  appearance; air; condition,Noun
体つき,からだつき,  body build; figure ,Noun
体力,たいりょく,  stamina; endurance; physical strength,Noun
体格,たいかく,  physique; constitution,Noun
体験,たいけん,  personal experience; physical experience; one's own experience,Noun
なんだか,なんだか,   little; somewhat; somehow ,Adverb
なんだかんだ,なんだかんだ,  something or other; one thing or another; this or that  ,Adverb
なんて,なんて,  how ..!; what ..!  ,Noun
何と,なんと,  what; how; whatever,Adverb
何なり,なんなり,  any; anything; whatever,Noun
何より,なにより,  most; best; above all,Expression
どれどれ,どれどれ,  which  ,Pronoun
何卒,なにとぞ,  please; kindly; I beg of you,Adverb
余地,よち,  place; room; margin,Noun
余暇,よか,  leisure; leisure time; spare time,Noun
よほど,よほど,  very; greatly; much,Adverb
余興,よきょう,  side show; entertainment  よきょう: news2; nf40. 余興: news2,Noun
作り,つくり,  making; producing; manufacturing,Noun
作戦,さくせん,  tactics; strategy ,Noun
作物,さくぶつ,  literary work,Noun
佳句,かく,  beautiful passage of literature,Noun
使い道,つかいみち,  purpose; utility; objective ,Noun
使命,しめい,  mission; errand ,Noun
使用人,しようにん,  employee; servant,Noun
例,ためし,  precedent; example ,Noun
侍,さむらい,  warrior ; samurai ,Noun
供する,きょうする,  to offer; to present; to submit,Suru
依存,いぞん,  dependence; dependent; reliance ,Noun
依然,いぜん,  still; as yet; as it has been ,Taruadjective
侵す,おかす,  to invade; to raid; to violate ,Godan
侵略,しんりゃく,  aggression; invasion; raid ,Noun
保つ,たもつ,  to keep; to preserve; to hold,Godan
保母,ほぼ,  day-care worker in a kindergarten; nursery school; etc. ,Noun
保温,ほおん,  retaining warmth; keeping heat in; heat insulation,Noun
保管,ほかん,  charge; custody; safekeeping,Noun
保育,ほいく,  nursing; nurturing; rearing,Noun
保護,ほご,  care; protection; shelter,Noun
保険,ほけん,  insurance; guarantee,Noun
保養,ほよう,  health preservation; recuperation; recreation,Noun
信任,しんにん,  trust; confidence; credence,Noun
信者,しんじゃ,  believer; adherent; devotee,Noun
修了,しゅうりょう,  completion ,Noun
修士,しゅうし,  master's ,Noun
修学,しゅうがく,  learning,Noun
修行,しゅぎょう,  ascetic practices  ,Noun
修飾,しゅうしょく,  ornamentation; embellishment; decoration,Noun
俺,おれ,  I; me  ,Pronoun
倅,せがれ,  son  ,Noun
個別,こべつ,  particular case; discrete; individual,Noun
倍率,ばいりつ,  magnification; leverage; amplification,Noun
倒産,とうさん,   bankruptcy; insolvency; commercial failure,Noun
借り,かり,  borrowing; debt; loan,Noun
値する,あたいする,  to be worth; to deserve; to merit ,Suru
値引き,ねびき,  price reduction; discount ,Noun
値打ち,ねうち,  value; worth; price,Noun
クラブ,クラブ,  club; fraternity; sorority,Noun
倹約,けんやく,  thrift; economy; frugality,Noun
偏,へん,  left-hand radical of a character ,Noun
偏見,へんけん,  prejudice; narrow view,Noun
健やか,すこやか,  vigorous; healthy; sound,Naadjective
健全,けんぜん,  healthy; sound; wholesome,Naadjective
健在,けんざい,  in good health; well; going strong,Naadjective
側,がわ,  side ; part ,Noun
偽物,にせもの,  spurious article; forgery; counterfeit,Noun
偽造,ぎぞう,  forgery; falsification; fabrication,Noun
かたわら,かたわら,  side; edge; beside,Noadjective
備え付ける,そなえつける,  to provide; to furnish; to equip,Ichidan
催す,もよおす,  to hold ; to give ; to show signs of ,Godan
傷つく,きずつく,  to be wounded; to get injured ,Godan
傾ける,かたむける,  to incline; to lean; to tip,Ichidan
傾斜,けいしゃ,  inclination; slant; slope,Noun
像,ぞう,  image; figure; statue,Noun
しもべ,しもべ,  servant; manservant; menial  ,Noun
はかない,はかない,  fleeting; transient; short-lived,Iadjective
優,やさ,  gentle; affectionate,Prefix
優位,ゆうい,  predominance; ascendancy; superiority,Naadjective
優先,ゆうせん,  preference; priority; precedence,Noun
優勢,ゆうせい,  superiority; superior power; predominance,Noun
優美,ゆうび,  grace; refinement; elegance,Naadjective
優越,ゆうえつ,  supremacy; predominance; being superior to,Noun
元年,がんねん,  first year ,Adverbial
元来,がんらい,  originally; primarily; essentially,Adverbial
元素,げんそ,  chemical element ,Noun
元首,げんしゅ,  ruler; sovereign,Noun
兆し,きざし,  signs; omen; symptoms ,Noun
先だって,せんだって,  recently; the other day ,Adverbial
先に,さきに,  before; earlier than; first,Adverb
先代,せんだい,  family predecessor; previous age; previous generation  せんだい: news1,Noun
先天的,せんてんてき,  a priori; inborn; innate,Naadjective
先着,せんちゃく,  arriving first,Noun
先行,せんこう,  preceding; going first; leading,Noun
光沢,こうたく,  brilliance; polish; lustre,Noun
光熱費,こうねつひ,  cost of fuel and lighting; cost of heat and electricity; energy bill,Noun
免れる,まぬがれる,  to escape from; to be rescued from; to avoid,Ichidan
免除,めんじょ,  exemption; exoneration; discharge,Noun
とかく,とかく,   various things;  this and that  ,Adverb
入る,いる,  to get in; to go in; to come in,Godan
入手,にゅうしゅ,  acquisition; obtaining; coming to hand,Noun
入浴,にゅうよく,  bathing  ,Noun
入賞,にゅうしょう,  winning a prize or place ,Noun
全快,ぜんかい,  complete recovery of health,Noun
全滅,ぜんめつ,  annihilation; total destruction; complete destruction,Noun
公,おおやけ,  public; open; formal,Noadjective
公募,こうぼ,  public appeal ; public offering ; public advertisement ,Noun
公団,こうだん,  public corporation ,Noun
公演,こうえん,  public performance ,Noun
公然,こうぜん,  open; public; official,Noadjective
公用,こうよう,  government business; official business  ,Noun
公立,こうりつ,  public ,Noun
公認,こうにん,  official recognition; authorization; authorisation,Noun
公開,こうかい,  opening to the public; making available to the public; putting on display,Noun
とも,とも,  together with ,Noun
共働き,ともばたらき,   both working; dual income ,Noun
共和,きょうわ,  republican; cooperative  きょうわ: news1; nf03. 共和: news1,Noun
共存,きょうぞん,  coexistence ,Noun
共学,きょうがく,  coeducation  きょうがく: news1; nf2,Noun
共感,きょうかん,  sympathy; empathy; response,Noun
共稼ぎ,ともかせぎ,  working together;  earning a living together,Noun
兵士,へいし,  soldier,Noun
そこら,そこら,  everywhere; somewhere; approximately,Noun
兼業,けんぎょう,  side line; second business ,Noun
兼用,けんよう,  multi-use; combined use; combination,Noun
内臓,ないぞう,  internal organs; intestines; viscera,Noun
内部,ないぶ,  interior; inside; internal,Noun
内閣,ないかく,  cabinet;  ministry,Noun
内陸,ないりく,  inland  ないりく: ichi1; news1; nf1,Noun
円満,えんまん,  perfection; harmony; peace,Naadjective
円滑,えんかつ,  smooth; undisturbed; uninterrupted,Naadjective
冊,さつ,  counter for books  ,Counter
再,さい,  re-; again; repeated,Prefix
再会,さいかい,  another meeting; meeting again; reunion,Noun
再建,さいけん,  rebuilding; reconstruction; rehabilitation ,Noun
再生,さいせい,  resuscitation; regeneration; restoration to life ,Noun
再発,さいはつ,  return; relapse; reoccurrence,Noun
冒頭,ぼうとう,  beginning; start; outset,Adverb
冬眠,とうみん,  hibernation; winter sleep,Noun
冴える,さえる,  to be clear ; to be bright; to be vivid,Ichidan
冷やかす,ひやかす,  to banter; to make fun of; to jeer at ,Godan
冷蔵,れいぞう,  cold storage; refrigeration,Noun
凌ぐ,しのぐ,  to endure; to keep out ; to stave off  ,Godan
凝らす,こごらす,  to freeze; to congeal ,Godan
凝る,こごる,  to congeal; to freeze,Godan
几帳面,きちょうめん,  methodical; punctual; steady,Naadjective
処分,しょぶん,  disposal; dealing ; disposition,Noun
処置,しょち,  measure; step; dealing with ,Noun
処罰,しょばつ,  punishment,Noun
出くわす,でくわす,  to happen to meet; to come across ,Godan
出世,しゅっせ,  success in life; getting ahead; successful career,Noun
出切る,できる,  to be out of; to have no more at hand,Godan
できもの,できもの,  tumour; tumor; growth,Noun
出演,しゅつえん,  performance; stage appearance  ,Noun
出生,しゅっしょう,  birth ,Noun
出直し,でなおし,  adjustment; touch up  でなおし: news1; nf13. 出直し: news1,Noun
出社,しゅっしゃ,  going to work ; coming to work ,Noun
出血,しゅっけつ,  bleeding; haemorrhage; hemorrhage ,Noun
出題,しゅつだい,  setting a question  ,Noun
刃,は,  edge  ,Noun
分,ふん,  minute ,Noun
分子,ぶんし,  numerator ,Noun
分散,ぶんさん,  dispersion; breakup; scattering,Noun
分業,ぶんぎょう,  division of labor; division of labour; specialization,Noun
分母,ぶんぼ,  denominatorぶんぼ: ichi1; news2; nf40. 分母: ichi1,Noun
分裂,ぶんれつ,  split; division; break up,Noun
分配,ぶんぱい,  division; splitting; sharing,Noun
分離,ぶんり,  separation; partition; detachment,Noun
切ない,せつない,  painful; heartrending; trying ,Iadjective
きり,きり,  end; finish; stop ,Noun
切り替える,きりかえる,  to change; to exchange; to convert,Ichidan
切実,せつじつ,  compelling; serious; severe,Naadjective
切開,せっかい,  incision; operation; section,Noun
刊行,かんこう,  publication; issue,Noun
刑,けい,  penalty; sentence; punishment,Noun
刑罰,けいばつ,  judgement; judgment; penalty,Noun
初,はつ,  first; new ,Noadjective
初版,しょはん,  first edition,Noun
初耳,はつみみ,  something heard for the first time; hearing something for the first time,Noun
判,はん,  seal; stamp; monogram signature  ,Noun
判決,はんけつ,  judicial decision; judgement; judgment,Noun
利子,りし,  interest ,Noun
利息,りそく,  interest ,Noun
利根,りこん,  intelligence; cleverness; innate aptitude ,Naadjective
利潤,りじゅん,  profit; returns,Noun
利点,りてん,  advantage; point in favor; point in favour,Noun
とうてい,とうてい,  by no means; not at all;  possibly,Adverb
到達,とうたつ,  reaching; attaining; arrival,Noun
制,せい,  system; organization; organisation,Noun
制する,せいする,  to hold back ; to rein in ; to bridle ,Suru
制定,せいてい,  enactment; establishment; creation,Noun
制服,せいふく,  uniform,Noun
制約,せいやく,  limitation; restriction; condition,Noun
刷り,すり,  printing ,Noun
刺繍,ししゅう,  embroidery ,Noun
削減,さくげん,  cut; reduction; curtailment,Noun
前,ぜん,  the last  ; previous; one-time,Noun
前もって,まえもって,  in advance; beforehand; previously ,Adverb
前提,ぜんてい,  preamble; premise; reason,Noun
前置き,まえおき,  preface; introduction,Noun
剥ぐ,はぐ,  to tear off; to peel off; to rip off,Godan
割り込む,わりこむ,  to cut in; to thrust oneself into; to wedge oneself in,Godan
創刊,そうかん,  launching ; first issue,Noun
創立,そうりつ,  establishment; founding; organization,Noun
劇団,げきだん,  troupe; theatrical company,Noun
加入,かにゅう,  becoming a member; joining; entry,Noun
加味,かみ,  seasoning; flavoring; flavouring ,Noun
加工,かこう,  manufacturing; processing; treatment,Noun
助,じょ,  help; rescue; assistant,Prefix
助け,たすけ,  assistance; help; aid,Noun
助動詞,じょどうし,  auxiliary verb ,Noun
助言,じょげん,  advice; suggestion ,Noun
助詞,じょし,  particle; postposition ,Noun
努めて,つとめて,  as much as possible; as far as possible; to the best of one's ability,Adverb
励ます,はげます,  to encourage; to cheer; to raise ,Godan
励む,はげむ,  to strive; to endeavour; to endeavor,Godan
いたわる,いたわる,  to pity; to sympathize with; to sympathise with,Godan
効率,こうりつ,  efficiency; efficacy; performance,Noun
勇敢,ゆうかん,  brave; heroic; gallant,Naadjective
動き,うごき,  movement; move; motion ,Noun
動力,どうりょく,  power; motive power; dynamic force  ,Noun
動向,どうこう,  trend; tendency; movement,Noun
動員,どういん,  mobilization; mobilisation,Noun
動揺,どうよう,  shaking; trembling; pitching,Noun
動機,どうき,  motive; incentive ,Noun
動的,どうてき,  dynamic; kinetic  どうてき: news2; nf35. 動的: news2,Naadjective
勘弁,かんべん,  pardon; forgiveness; forbearance,Noun
勝る,まさる,  to excel; to surpass; to exceed,Godan
勝利,しょうり,  victory; triumph; conquest,Noun
募る,つのる,  to grow violent; to become stronger; to become worse  ,Godan
募金,ぼきん,  fund-raising; collection of funds,Noun
勢力,せいりょく,  influence; power; might,Noun
勤まる,つとまる,  to be fit for; to be equal to; to function properly ,Godan
勤め先,つとめさき,  place of work,Noun
勤労,きんろう,  labor; labour; exertion,Noun
勤勉,きんべん,  diligent; industrious,Naadjective
勤務,きんむ,  service; duty; work,Noun
勧め,すすめ,  recommendation; advice; suggestion,Noun
勧告,かんこく,  advice; counsel; remonstrance,Noun
勧誘,かんゆう,  invitation; solicitation; canvassing,Noun
化ける,ばける,  to take the form of ; to assume the shape of; to turn oneself into,Ichidan
化する,かする,  to change into; to convert into; to transform,Suru
化合,かごう,  chemical combination,Noun
化石,かせき,  fossil; petrifaction; fossilization,Noun
化繊,かせん,  synthetic fibres; synthetic fibers  ,Noun
匹,ひき,  counter for small animals  ,Counter
区,く,  ward; district; section,Noun
まちまち,まちまち,  several; various; divergent,Naadjective
区切り,くぎり,  punctuation; pause; juncture ,Noun
区間,くかん,  section ; segment; dimension ,Noun
十字路,じゅうじろ,  crossroads  ,Noun
半端,はんぱ,  remnant; fragment; incomplete set,Naadjective
卑しい,いやしい,  lowborn; humble; lowly ,Iadjective
協会,きょうかい,  association; society; organization,Noun
協定,きょうてい,  arrangement; pact; agreement,Noun
協調,きょうちょう,  cooperation; conciliation; harmony ,Noun
協議,きょうぎ,  conference; consultation; discussion,Noun
単一,たんいつ,  single; simple; sole,Naadjective
単独,たんどく,  sole; single; solo  ,Noadjective
単調,たんちょう,  monotony; monotone; dullness  ,Naadjective
占領,せんりょう,  occupying; having  all to oneself ,Noun
卯,う,  fourth sign of Chinese zodiac  ,Noun
印,いん,  seal; stamp; mark,Noun
印鑑,いんかん,  stamp; seal ,Noun
危害,きがい,  injury; harm; danger,Noun
危機,きき,  crisis; danger; risk,Noun
即する,そくする,  to conform to; to agree with; to be adapted to,Suru
即座に,そくざに,  immediately; right away; on the spot ,Adverb
原,げん,  original; primitive; primary,Prefix
原っぱ,はらっぱ,  open field; empty lot; plain,Noun
原作,げんさく,  original work,Noun
原典,げんてん,  original ,Noun
原則,げんそく,  principle; general rule,Noun
原形,げんけい,  original form; base form,Noun
原文,げんぶん,  the text; original,Noun
原書,げんしょ,  original document ; book in its original language ,Noun
原油,げんゆ,  crude oil,Noun
原点,げんてん,  origin ; starting point,Noun
原爆,げんばく,  atomic bomb; A-bomb ,Noun
厳か,おごそか,  solemn ; austere; majestic,Naadjective
参上,さんじょう,  calling on; visiting,Noun
参照,さんしょう,  reference; bibliographical reference; consultation,Noun
及び,および,  and; as well as,Conjunction
及ぶ,およぶ,  to reach; to amount to; to befall,Godan
反,たん,  variable measure of fabric ; for kimonos: at least 10 m in length; for haori: at least 7.27 m in length,Noun
反する,はんする,  to be contrary to; to be inconsistent with; to contradict  ,Suru
反り,そり,  warp; curvature; curve,Noun
反乱,はんらん,  insurrection; mutiny; rebellion,Noun
反応,はんのう,  reaction; response  ,Noun
反撃,はんげき,  counterattack; counteroffensive; counterblow,Noun
反発,はんぱつ,  opposition; rebellion; revolt,Noun
反響,はんきょう,  echo; reverberation ,Noun
収まる,おさまる,  to be in one's place; to be installed; to settle into ,Godan
収容,しゅうよう,  accommodation; reception; housing ,Noun
収支,しゅうし,  income and expenditure,Noun
収益,しゅうえき,  earnings; proceeds; returns,Noun
収集,しゅうしゅう,  gathering up; collection; accumulation ,Noun
取っ手,とって,  handle; grip; knob ,Noun
とりあえず,とりあえず,  first of all; at once; right away  ,Adverb
とりわけ,とりわけ,  especially; above all  ,Adverb
取り戻す,とりもどす,  to take back; to regain; to get back,Godan
取り扱い,とりあつかい,  treatment; service; handling,Noun
取り扱う,とりあつかう,  to handle; to operate ; to use ,Godan
取り替え,とりかえ,  swap; exchange ,Noun
取り混ぜる,とりまぜる,  to mix; to put together ,Ichidan
取り立てる,とりたてる,  to collect ; to dun; to exact,Ichidan
取り組む,とりくむ,  to tackle; to wrestle with; to engage in a bout,Godan
取り締まる,とりしまる,  to manage; to control; to supervise,Godan
取り調べる,とりしらべる,  to investigate; to examine ,Ichidan
取り除く,とりのぞく,  to remove; to deinstall; to take away,Godan
取引,とりひき,  transactions; dealings; business ,Noun
取材,しゅざい,  news coverage; collecting data ; covering  ,Noun
受かる,うかる,  to pass ,Godan
受け付ける,うけつける,  to accept; to receive ; to take up ,Ichidan
受け入れる,うけいれる,  to accept; to receive; to agree ,Ichidan
受け止める,うけとめる,  to catch; to stop the blow ,Ichidan
受け継ぐ,うけつぐ,  to inherit; to succeed; to take over ,Godan
口ずさむ,くちずさむ,  to hum; to sing to oneself; to compose impromptu  ,Godan
口述,こうじゅつ,  dictation; verbal statement,Noun
口頭,こうとう,  oral; verbal; parol,Noun
古,いにしえ,  antiquity; ancient times ,Noun
古代,こだい,  ancient times,Naadjective
ひたすら,ひたすら,  nothing but; earnest; intent,Naadjective
叫び,さけび,  shout; scream; outcry,Noun
召す,めす,  to call; to invite; to send for,Godan
台本,だいほん,  script; libretto; scenario,Noun
台無し,だいなし,  mess; spoiled; spoilt,Naadjective
かなう,かなう,  to come true ; to be realized; to be fulfilled  ,Godan
叶える,かなえる,  to grant ; to answer,Ichidan
号,ごう,  number; edition; make,Noun
司る,つかさどる,  to rule; to govern; to administer ,Godan
司法,しほう,  administration of justice,Noun
各種,かくしゅ,  every kind; all sorts,Noun
合わす,あわす,  to match,Godan
合わせ,あわせ,  joint together; opposite; facing,Noun
合併,がっぺい,  combination; union; amalgamation,Noun
合唱,がっしょう,  chorus; singing in a chorus,Noun
合意,ごうい,  agreement; consent; mutual understanding,Noun
合成,ごうせい,  composition; synthesis  ,Noun
合致,がっち,  agreement; concurrence; conformance,Noun
合議,ごうぎ,  consultation; conference,Noun
合間,あいま,  interval; break; pause,Noun
同,どう,  the same; the said; ibid.,Prefix
同い年,おないどし,  the same age,Noun
同士,どうし,  fellow; mutual; companion,Noun
同封,どうふう,  enclosure ,Noun
同志,どうし,  like-mindedness;  same mind; shared sentiment ,Noun
同情,どうじょう,  sympathy; compassion; sympathize,Noun
同意,どうい,  agreement; consent; same opinion,Noun
同感,どうかん,  agreement; same opinion; same feeling,Noun
同盟,どうめい,  alliance; union; league,Noun
同等,どうとう,  equality; equal; same rights,Naadjective
同級,どうきゅう,  the same grade; same class,Noun
同調,どうちょう,  sympathy; agreement with; alignment,Noun
名付ける,なづける,  to name; to call; to christen,Ichidan
名札,なふだ,  name plate; name tag; label,Noun
名残,なごり,  remains; traces; vestiges,Noun
名産,めいさん,  noted product; local specialty ,Noun
名簿,めいぼ,  register of names; list of names; roll,Noun
名誉,めいよ,  honor; honour; credit,Naadjective
つく,つく,  to breathe out; to breathe  ,Godan
向け,むけ,  intended for ...; oriented towards ...; aimed at ...,Noun
向上,こうじょう,  elevation; rise; improvement,Noun
君主,くんしゅ,  ruler; monarch; sovereign,Noun
吟味,ぎんみ,  close examination; careful selection; testing,Noun
吹奏,すいそう,  playing wind instruments,Noun
あっけない,あっけない,  unsatisfying; disappointing; abrupt,Iadjective
呆然,ぼうぜん,  dumbfounded; overcome with surprise; in blank amazement,Taruadjective
告げる,つげる,  to tell; to inform; to announce ,Ichidan
つぶやく,つぶやく,  to mutter; to murmur; to grumble  ,Godan
周,しゅう,  Zhou ; Chou ,Noun
周期,しゅうき,  cycle; period,Noun
味わい,あじわい,  flavour; flavor ,Noun
味覚,みかく,  taste; palate; sense of taste,Naadjective
呼び止める,よびとめる,  to challenge; to call somebody to halt ,Ichidan
命中,めいちゅう,  a hit; hitting something that was aimed at,Noun
とっさ,とっさ,  moment; instant ,Noun
和,わ,  sum  ,Noun
和やか,なごやか,  mild; calm; gentle,Naadjective
和らげる,やわらげる,  to soften; to moderate; to relieve,Ichidan
和文,わぶん,  Japanese text; sentence in Japanese,Noun
和風,わふう,  Japanese style  ,Noun
とがめる,とがめる,  to blame; to reproach; to censure,Ichidan
品種,ひんしゅ,  kind ; brand ,Noun
品質,ひんしつ,   quality,Noun
哉,かな,  how!; what!; alas! ,Particle
員,いん,  member,Noun
唱える,となえる,  to recite; to chant ,Ichidan
唾,つば,  saliva; spit; sputum ,Noun
商,しょう,  quotient  ,Noun
問,もん,  counter for questions,Suffix
問う,とう,Godan verb with u ending ; Transitive verb  to ask; to inquire ,Godan
問屋,とんや,  wholesale store ,Noun
善し悪し,よしあし,  right or wrong; good or bad; merits or demerits,Noun
善良,ぜんりょう,  goodness; excellence; virtue,Naadjective
喜劇,きげき,  comedy; funny show,Noun
喫茶,きっさ,  tea drinking ,Noun
営む,いとなむ,  to run ; to operate; to conduct,Godan
ああ,ああ, Ah!; Oh!; Alas!  ,
嗜好,しこう,  taste; liking; preference  しこう: news2,Noun
嘆,たん,  sigh ,Noun
嘆く,なげく,  to lament; to grieve; to regret  ,Godan
かつて,かつて,  once; before; formerly,Adverb
嘘つき,うそつき,  liar ; fibber ,Noun
さぞ,さぞ,  I am sure; certainly; no doubt ,Adverb
噛み切る,かみきる,  to bite off; to gnaw through ,Godan
器,うつわ,  bowl; vessel; container ,Noun
噴出,ふんしゅつ,  spewing; gushing; spouting,Noun
さえずる,さえずる,  to sing; to chirp; to twitter ,Godan
回収,かいしゅう,  collection; recovery; withdrawal,Noun
回覧,かいらん,  circulation ; sending round ,Noun
回路,かいろ,  circuit  ,Noun
回送,かいそう,  forwarding; sending on; redirecting  ,Noun
よって,よって,  therefore; consequently; accordingly,Conjunction
うちわ,うちわ,  uchiwa; type of traditional Japanese handheld fan,Noun
団結,だんけつ,  unity; union; combination,Noun
図る,はかる,  to plan; to attempt; to devise ,Godan
固める,かためる,  to harden; to freeze; to strengthen,Ichidan
固体,こたい,  solid ; solid matter; solid-state,Noun
固定,こてい,  fixation; fixing,Noun
固有,こゆう,  characteristic; traditional; peculiar,Noadjective
国交,こっこう,  diplomatic relations  こっこう: ichi1; news1; nf03. 国交: ichi1,Noun
国土,こくど,  country; territory; domain,Noun
国定,こくてい,  state-sponsored; national  こくてい: news2; nf33. 国定: news2,Noun
国有,こくゆう,  national ownership  こくゆう: ichi1; news1; nf1 国有: ichi1,Noun
国産,こくさん,  domestic; domestically-produced; produced within a country,Noadjective
国連,こくれん,  United Nations; UN ,Noun
国防,こくぼう,  national defence; national defense,Noun
圏,けん,  sphere; circle; range ,Noun
園,その,  garden ; orchard; park,Noun
土俵,どひょう,   ring  ,Noun
土手,どて,  embankment; bank ,Noun
土木,どぼく,  engineering works; civil engineering; public works,Noun
土産,どさん,  product of the land ,Noun
圧力,あつりょく,  pressure; stress  ,Noun
圧迫,あっぱく,  pressure ,Noun
在庫,ざいこ,  inventory; stock; stockpile,Noun
地主,じぬし,  landlord; landowner,Noun
地元,じもと,  home area; home town  ,Noun
地形,ちけい,  terrain; geographical features; topography ,Noun
地方,じかた,  person in charge of music,Noun
地獄,じごく,  hell  ,Noun
垂れる,たれる,  to hang; to droop; to dangle,Ichidan
垢,あか,  dirt; filth; grime ,Noun
埋まる,うまる,  to be buried; to be covered; to be surrounded ,Godan
埋め込む,うめこむ,  to bury; to embed; to implant,Godan
埋蔵,まいぞう,  burying in the ground ,Noun
城下,じょうか,  land near a castle ,Noun
域外,いきがい,  outside the area,Noun
執着,しゅうちゃく,  attachment; adhesion; tenacity,Noun
基,もとい,  basis; foundation  ,Noun
基金,ききん,  fund; foundation,Noun
堂々,どうどう,  magnificent; grand; impressive,Taruadjective
堤防,ていぼう,  bank; weir; embankment,Noun
報じる,ほうじる,  to inform; to report ,Ichidan
報ずる,ほうずる,Ichidan verb - zuru verb ; Transitive verb  to inform; to report,Ichidan
報道,ほうどう,  information; report; journalism,Noun
報酬,ほうしゅう,  remuneration; recompense; reward,Noun
塾,じゅく,  coaching school; cramming school; juku,Noun
境遇,きょうぐう,  environment; circumstances,Noun
墓地,ぼち,  cemetery; graveyard ,Noun
まし,まし,  better; less objectionable; preferable,Naadjective
増強,ぞうきょう,  augment; reinforce; increase,Noun
墜落,ついらく,  falling; crashing,Noun
壇,だん,  platform; podium; rostrum ,Noun
壕,ごう,  moat; fosse; trench,Noun
声明,せいめい,  declaration; statement; proclamation,Noun
売り出し,うりだし,   sale ,Noun
売り出す,うりだす,  to put on the market; to put out for sale; to put on sale,Godan
つぼ,つぼ,  jar; pot; vase ,Noun
変遷,へんせん,  change; transition; vicissitudes,Noun
変革,へんかく,  change; transformation; innovation,Noun
夕焼け,ゆうやけ,  evening glow; red sunset; afterglow  ,Noun
そっぽ,そっぽ,  the other way ,Noun
外来,がいらい,  foreign; imported  ,Noadjective
外相,がいしょう,  Foreign Minister,Noun
外観,がいかん,  appearance; exterior; facade,Noun
外貨,がいか,  foreign currency; foreign money; foreign exchange ,Noun
多忙,たぼう,  busy; pressure of work,Naadjective
多数決,たすうけつ,  majority rule,Noun
夜中,やちゅう,  during the night; at night,Temporal
夜更かし,よふかし,  staying up late; keeping late hours; sitting up late at night,Noun
夜更け,よふけ,  late at night; small hours of the morning ,Noun
おびただしい,おびただしい,  large number; innumerable; great many,Iadjective
大げさ,おおげさ,  grandiose; exaggerated ,Naadjective
大便,だいべん,  feces; excrement; shit,Noun
大幅,おおはば,  big; large; drastic,Naadjective
大方,おおかた,  perhaps; almost all; majority,Adverbial
大柄,おおがら,  large build ,Naadjective
大概,たいがい,  in general; almost all ,Adverbial
大水,おおみず,  flood,Noun
大空,おおぞら,  heavens; firmament; sky,Noun
大筋,おおすじ,  outline; summary,Noun
大胆,だいたん,  bold; daring; audacious,Naadjective
大衆,たいしゅう,  general public; the masses,Noun
大部,たいぶ,  lengthy ; voluminous,Noadjective
大金,たいきん,  large amount of money; great cost ,Noun
天井,てんじょう,  ceiling; ceiling price,Noun
天体,てんたい,  heavenly body; celestial body; astronomical object,Noun
天国,てんごく,  paradise; heaven; Kingdom of Heaven,Noun
天地,てんち,  heaven and earth; the universe; nature,Noun
天才,てんさい,  genius; prodigy; natural gift ,Noun
天災,てんさい,  natural calamity; disaster,Noun
失格,しっかく,  disqualification; elimination; incapacity ,Noun
失調,しっちょう,  lack of harmony; lack of balance; lack of coordination,Noun
奇数,きすう,  odd number,Noun
奉る,たてまつる,  to offer; to present ,Godan
奉仕,ほうし,  service; ministry; attendance,Noun
契る,ちぎる,  to pledge; to vow; to promise,Godan
契機,けいき,  opportunity; chance,Noun
おごる,おごる,  to give  a treat,Godan
奨励,しょうれい,  encouragement; promotion; inducement,Noun
奮闘,ふんとう,  hard struggle; strenuous effort,Noun
女史,じょし,  Ms ; Miss; Madame  ,Noun
奴,やっこ,  servant  ,Noun
好ましい,このましい,  nice; likeable; desirable,Iadjective
好意,こうい,  good will; favor; favour,Noun
好況,こうきょう,  prosperous conditions; healthy economy,Noun
好評,こうひょう,  popularity; favorable reputation; favourable reputation,Noun
好調,こうちょう,  favourable; favorable; promising,Naadjective
いかに,いかに,  how; in what way  ,Adverb
いかにも,いかにも,  indeed; really; phrase indicating agreement ,Adverb
妊娠,にんしん,  conception; pregnancy,Noun
妥協,だきょう,  compromise; giving in,Noun
妥結,だけつ,  settlement; an agreement,Noun
ねたむ,ねたむ,  to be jealous of; to envy; to begrudge  ,Godan
始末,しまつ,  management; dealing with; settlement,Noun
始発,しはつ,  first departure ; first train; first bus  ,Noun
姓名,せいめい,  full name,Noun
委託,いたく,  consign  to a firm); entrust ; commit  いたく: news1,Noun
婿,むこ,  husband; groom ,Noun
嫉妬,しっと,  jealousy; envy,Noun
しなやか,しなやか,  supple; flexible; elastic  ,Naadjective
いやいや,いやいや,  unwillingly; grudgingly; reluctantly,Adverb
いやに,いやに,  awfully; terribly  ,Adverb
いやらしい,いやらしい,  disgusting; filthy; repulsive,Iadjective
嬢,じょう,  unmarried woman  ,Noun
子息,しそく,  son ,Noun
字,あざ,  section of village  ,Noun
字体,じたい,  type; font; lettering,Noun
季刊,きかん,  quarterly ,Noun
孤児,こじ,  orphan ,Noun
孤独,こどく,  solitude; loneliness; isolation,Noun
孤立,こりつ,  isolation; being alone; being friendless,Noun
学士,がくし,  university graduate; bachelor ,Noun
学歴,がくれき,  academic background,Noun
学芸,がくげい,  arts and sciences; liberal arts,Noun
学説,がくせつ,  theory,Noun
守備,しゅび,  defense; defence ,Noun
安っぽい,やすっぽい,  cheap-looking; tawdry; insignificant,Iadjective
安静,あんせい,  rest; quiet; repose,Naadjective
完璧,かんぺき,  perfect; complete; flawless ,Naadjective
官僚,かんりょう,  bureaucrat; bureaucracy,Noun
宙返り,ちゅうがえり,  somersault; looping-the-loop  ちゅうがえり: news2; nf26,Noun
定まる,さだまる,  to become settled; to be fixed,Godan
定める,さだめる,  to decide; to establish; to determine,Ichidan
定年,ていねん,  retirement age ,Noun
定義,ていぎ,  definition,Noun
宛てる,あてる,  to address,Ichidan
宝器,ほうき,  treasured article or vessel; outstanding individual  ,Noun
実,じつ,  truth; reality ,Noun
実態,じったい,  true state; actual condition; reality,Noun
実業家,じつぎょうか,  industrialist; businessman,Noun
実費,じっぴ,  actual expense; cost price  じっぴ: ichi1; news1,Noun
客観,きゃっかん,  objectivity; objective; object,Noun
宣教,せんきょう,  religious mission; religious proclamation,Noun
宣言,せんげん,  declaration; proclamation; announcement,Noun
室,しつ,  room ,Noun
宮殿,きゅうでん,  palace,Noun
害する,がいする,  to injure; to damage; to harm,Suru
家出,いえで,  running away from home; elopement ,Noun
家来,けらい,  retainer; retinue; servant ,Noun
家畜,かちく,  domestic animals; livestock; cattle,Noun
家計,かけい,  household economy; family finances,Noun
たやすい,たやすい,  easy; simple; light  ,Iadjective
宿命,しゅくめい,  fate; destiny; predestination,Noun
寄りかかる,よりかかる,  to lean against; to recline on; to lean on ,Godan
寄与,きよ,  contribution; service,Noun
密度,みつど,  density,Noun
密接,みっせつ,  related; connected; close,Naadjective
密集,みっしゅう,  crowd; close formation; dense,Noun
富,とみ,  riches; wealth; fortune ,Noun
富む,とむ,  to be rich; to become rich; to be abundant ,Godan
富豪,ふごう,  wealthy person; millionaire  ふごう: news1; nf20. 富豪: news1,Noun
寒気,さむけ,  chill; the shivers; shivering fit  ,Noun
寛容,かんよう,  tolerance; open-mindedness; forbearance,Naadjective
寝かせる,ねかせる,  to put to bed ,Ichidan
察する,さっする,  to guess; to sense; to presume,Suru
審査,しんさ,  judging; inspection; examination,Noun
審議,しんぎ,  deliberation,Noun
対して,たいして,  for; in regard to; per ,Expression
対処,たいしょ,  dealing with; coping with,Noun
対比,たいひ,  contrast; comparison,Noun
対話,たいわ,  dialogue; discussion; conversation,Noun
対辺,たいへん,  opposite side ,Noun
対面,たいめん,  interview; meeting ,Noun
封,ふう,  seal,Noun
封建,ほうけん,  feudalistic  ほうけん: news2; nf33. 封建: news2; nf33.,Noun
封鎖,ふうさ,  blockade ,Noun
もっぱら,もっぱら,  wholly; solely; entirely,Adverb
専修,せんしゅう,  specialization; specialisation,Noun
尉,じょう,  inspector,Noun
尊い,とうとい,  precious; valuable; priceless,Iadjective
導く,みちびく,  to guide; to lead; to show the way,Godan
小児科,しょうにか,  pediatrics  しょうにか: ichi1; news1; nf15. 小児科: ichi1,Noun
小切手,こぎって,  cheque; check,Noun
小柄,こがら,  small build; small stature; petite  ,Naadjective
小銭,こぜに,  coins; small change,Noun
少数,しょうすう,  minority; few,Noun
なお,なお,  furthermore; still; yet,Adverb
なおさら,なおさら,  still more; even more; all the more  ,Adverb
就業,しゅうぎょう,  employment; starting work,Noun
尽きる,つきる,  to be used up; to be run out; to be exhausted,Ichidan
尽くす,つくす,  to exhaust; to run out ,Godan
尾,お,  tail ; tail end ,Noun
尿,にょう,  urine  ,Noun
局限,きょくげん,  limit; localize; localise,Noun
居住,きょじゅう,  residence  きょじゅう: ichi1; news1; nf06. 居住: ichi1,Noun
屈折,くっせつ,  bending; indentation ,Noun
屋敷,やしき,  residence; estate; grounds,Noun
展示,てんじ,  exhibition; display,Noun
履歴,りれき,  personal history; background; career ,Noun
山岳,さんがく,  mountains ,Noun
山脈,さんみゃく,  mountain range ,Noun
山腹,さんぷく,  hillside; mountainside,Noun
岩石,がんせき,  rock,Noun
崇拝,すうはい,  worship; adoration; admiration,Noun
崖,がけ,  cliff  がけ: ichi1; news2; nf3,Noun
崩壊,ほうかい,  collapse; crumbling; breaking down,Noun
はまる,はまる,  to fit; to get into; to go into  ,Godan
かさむ,かさむ,  to mount up; to pile up; to accumulate,Godan
かさばる,かさばる,  to be bulky; to be unwieldy; to grow voluminous  ,Godan
工作,こうさく,  handicraft ,Noun
左利き,ひだりきき,  left-handedness; left-hander  ,Noun
巧み,たくみ,  skillful; adroit; dexterous,Naadjective
巧妙,こうみょう,  ingenious; skillful; clever,Naadjective
差し出す,さしだす,  to present; to submit; to tender,Godan
差し引く,さしひく,  to deduct; to take away; to dock ,Godan
差し掛かる,さしかかる,  to come near to; to approach ,Godan
差し支える,さしつかえる,  to interfere; to hinder; to become impeded ,Ichidan
差異,さい,  difference; disparity; gap ,Noun
差額,さがく,  balance; difference; margin,Noun
巻,まき,  roll  ,Noun
市街,しがい,  urban areas; the streets; town,Noun
布巾,ふきん,  tea-towel; dish cloth,Noun
帯びる,おびる,  to wear ; to carry ,Ichidan
帰京,ききょう,  returning to Tokyo ,Noun
とばり,とばり,  curtain; hanging; bunting  ,Noun
干し,ほし,  drying; dried ,Noun
干し物,ほしもの,  things dried in the sun  ,Noun
干渉,かんしょう,  interference; intervention; meddling,Noun
平常,へいじょう,  normal; usual,Naadjective
平方,へいほう,  square ,Noun
年号,ねんごう,  name of an era; year number  ねんごう: ichi1; news2,Noun
年生,ねんせい,  pupil in ... year; student in ... year,Noun
年輪,ねんりん,  annual tree ring  ねんりん: ichi1; news2; nf26. 年輪: ichi1,Noun
年鑑,ねんかん,  yearbook; almanac; annual,Noun
年頃,としごろ,  approximate age; apparent age,Noun
幹,みき,   trunk;  shaft;  handle,Noun
幹線,かんせん,  main line; trunk line  かんせん: news1; nf13. 幹線: news1,Noun
幹部,かんぶ,  management;  staff; leaders,Noun
幽霊,ゆうれい,  ghost; specter; spectre,Noun
幾多,いくた,  many; numerous,Adverb
庁,ちょう,  government office; agency; board  ,Noun
広まる,ひろまる,  to spread; to be propagated ,Godan
床,とこ,  bed; bedding ,Noun
店,てん,  -store; -shop ,Noun
座標,ざひょう,  coordinate; coordinates,Noun
座談会,ざだんかい,  symposium; round-table discussion,Noun
庶務,しょむ,  general affairs,Noun
庶民,しょみん,  masses; common people,Noun
廃れる,すたれる,  to go out of use; to become obsolete; to die out,Ichidan
廃棄,はいき,  disposal; abandonment; scrapping,Noun
廃止,はいし,  abolition; repeal,Noun
ひいては,ひいては,  not only ... but also; in addition to; consequently ,Adverb
延べ,のべ,  futures ,Noun
弁償,べんしょう,  reimbursement; compensation; reparation,Noun
弁解,べんかい,  justification; rationalization; pretext,Noun
弁論,べんろん,  discussion; debate; argument ,Noun
いじる,いじる,  to touch; to tamper with  ,Godan
式場,しきじょう,  ceremonial hall ; hall for ceremonies; place of ceremony,Noun
弓,ゆみ,  bow,Noun
引きずる,ひきずる,  to drag along; to pull ,Godan
引き下げる,ひきさげる,  to pull down; to lower; to reduce,Ichidan
引き取る,ひきとる,  to take over; to take back; to collect,Godan
引き起こす,ひきおこす,  to cause; to induce; to bring about ,Godan
引っ掛ける,ひっかける,  to hang  on ; to throw on  ,Ichidan
引っ掻く,ひっかく,  to scratch; to claw ,Godan
たるみ,たるみ,  slack; slackening; sagginess,Noun
たるむ,たるむ,  to slacken; to loosen; to relax,Godan
弱,じゃく,  little less than; fewer than; under,Noun
弱まる,よわまる,  to abate; to weaken; to be emaciated,Godan
弱める,よわめる,  to weaken,Ichidan
弱る,よわる,  to weaken; to be troubled; to be downcast,Godan
張り紙,はりがみ,  paper patch; paper backing; poster,Noun
強いて,しいて,  by force,Adverb
強いる,しいる,  to force; to compel; to coerce,Ichidan
強まる,つよまる,  to get strong; to gain strength,Godan
強める,つよめる,  to strengthen; to emphasize; to emphasise,Ichidan
強烈,きょうれつ,  strong; intense; severe,Naadjective
強硬,きょうこう,  firm; vigorous; unbending,Naadjective
強行,きょうこう,  forcing; enforcement  ,Noun
ねだる,ねだる,  to beg; to pester; to plead,Godan
はじく,はじく,  to flip; to snap; to flick  ,Godan
弾む,はずむ,  to spring; to bound; to bounce,Godan
当たり,あたり,  hit ,Noun
あて,あて,  aim; object; purpose,Noun
当て字,あてじ,  kanji used as a phonetic symbol; instead of for the meaning; phonetic-equivalent character,Noun
当人,とうにん,  the one concerned; the said person,Noun
当選,とうせん,  being elected ,Noun
形勢,けいせい,  condition; situation; prospects,Noun
形態,けいたい,  form; shape; figure ,Noun
形成,けいせい,  formation; molding; taking form  ,Noun
役,えき,  war; campaign; battle ,Noun
役場,やくば,  town hall,Noun
役立つ,やくだつ,  to be useful; to be helpful; to serve the purpose ,Godan
あの,あの,  that,Prenoun
待ち合わせ,まちあわせ,  appointment ,Noun
待ち望む,まちのぞむ,  to look anxiously for; to wait eagerly for,Godan
待望,たいぼう,  expectant waiting  ,Noun
後回し,あとまわし,  putting off; postponing,Noun
後悔,こうかい,  regret; repentance; remorse,Noun
徐行,じょこう,  going slowly,Noun
徒歩,とほ,  walking; going on foot,Noun
従事,じゅうじ,  engaging; pursuing; following  ,Noun
従業員,じゅうぎょういん,  employee; worker  じゅうぎょういん: ichi1; news1,Noun
御座います,ございます,  to be; to exist ; ,Expression
御覧なさい,ごらんなさい,   look ; Polite ; ,Expression
復活,ふっかつ,  revival ; come-back ,Noun
復興,ふっこう,  revival; renaissance; reconstruction,Noun
かすか,かすか,  faint; dim; weak,Naadjective
微塵,みじん,  particle; atom; little piece  ,Noun
微笑,びしょう,  smile,Noun
微量,びりょう,  minuscule amount; extremely small quantity,Noun
徴収,ちょうしゅう,  collection; levy,Noun
徹する,てっする,  to penetrate; to sink in ,Suru
心がけ,こころがけ,  intention; attention; dedication,Noun
心がける,こころがける,  to keep in mind; to bear in mind; to try,Ichidan
心中,しんじゅう,  double suicide; lovers suicide ,Noun
心地,ここち,  feeling; sensation; mood  ,Noun
心強い,こころづよい,  heartening; reassuring,Iadjective
心得,こころえ,  knowledge; understanding ,Noun
心情,しんじょう,  sentiment; emotions; one's feelings,Noun
心細い,こころぼそい,  helpless; forlorn; hopeless,Iadjective
必修,ひっしゅう,  required ,Noun
必然,ひつぜん,  inevitable; necessary; certain,Noadjective
志,こころざし,  will; resolution; intention,Noun
志す,こころざす,  to plan; to intend; to aspire to,Godan
志望,しぼう,  wish; desire; ambition,Noun
応募,おうぼ,  application; subscription; entry ,Noun
応急,おうきゅう,  emergency; first-aid,Noun
忠告,ちゅうこく,  advice; warning,Noun
忠実,ちゅうじつ,  faithfulness; devotion; loyalty,Noun
快い,こころよい,  pleasant; agreeable,Iadjective
念,ねん,  sense; idea; thought,Noun
怒り,いかり,  anger; rage; fury,Noun
思いつき,おもいつき,  plan; idea; suggestion ,Noun
思考,しこう,  thought; consideration; thinking,Noun
だるい,だるい,  sluggish; languid; listless,Iadjective
怠慢,たいまん,  negligence; procrastination; carelessness,Naadjective
急かす,せかす,  to hurry; to urge on,Godan
怪獣,かいじゅう,  monster,Noun
怯える,おびえる,  to become frightened; to be frightened ; to be scared  ,Ichidan
恋する,こいする,  to fall in love with; to love,Suru
恋愛,れんあい,  love; love-making; passion,Noun
恐れ,おそれ,  fear; horror; anxiety,Noun
恐れ入る,おそれいる,  to be sorry; to beg pardon; to be much obliged,Godan
恥,はじ,  shame; embarrassment; disgrace ,Noun
恥じらう,はじらう,  to feel shy; to be bashful; to blush ,Godan
恥じる,はじる,  to feel ashamed ,Ichidan
恵み,めぐみ,  blessing; grace,Noun
恵む,めぐむ,  to bless; to show mercy to ,Godan
ことごとく,ことごとく,  altogether; entirely  ,Adverb
悟る,さとる,  to perceive; to sense; to discern ,Godan
悩ましい,なやましい,  seductive; carnal; enchanting ,Iadjective
悩ます,なやます,  to afflict; to torment; to harass,Godan
悩み,なやみ,  trouble; troubles; worry,Noun
悪,あく,  evil; wickedness ,Noun
あくどい,あくどい,  gaudy; showy; excessive  ,Iadjective
悪化,あっか,   deterioration; growing worse; aggravation,Noun
悪日,あくにち,  unlucky day ,Noun
悪者,わるもの,  bad fellow; rascal; ruffian,Noun
悲惨,ひさん,  disastrous; tragic; miserable,Naadjective
悲鳴,ひめい,  shriek; scream,Noun
情,じょう,  feelings; emotion; sentiment ,Noun
情け,なさけ,  pity; sympathy; compassion,Noun
情け深い,なさけぶかい,  tender-hearted; compassionate; charitable,Iadjective
情勢,じょうせい,  state of things; state of affairs; condition,Noun
情熱,じょうねつ,  passion; enthusiasm; zeal,Naadjective
惑星,わくせい,  planet  ,Noun
惜しむ,おしむ,  to be frugal; to be sparing ,Godan
意向,いこう,  intention; idea; inclination ,Noun
意図,いと,  intention; aim; design,Noun
意地,いじ,  stubbornness; obstinacy; willpower,Noun
意欲,いよく,  will; desire; ambition,Noun
意気込む,いきごむ,  to be enthusiastic about; to be eager; to be keen ,Godan
愚か,おろか,  foolish; stupid,Naadjective
愚痴,ぐち,  idle complaint; grumble  ,Noun
愛想,あいそ,  civility; courtesy; compliments,Noun
愛憎,あいぞう,  love and hate; likes and dislikes,Naadjective
感度,かんど,  sensitivity; reception ; severity ,Noun
感慨,かんがい,  strong feelings; deep emotion  かんがい: news1; nf15. 感慨: news1,Noun
感染,かんせん,  infection; contagion,Noun
感無量,かんむりょう,  deep feeling; inexpressible feeling; filled with emotion,Naadjective
感触,かんしょく,  feel ; touch; feeling,Noun
わざわざ,わざわざ,  expressly; specially; doing something especially rather than incidentally  ,Adverb
態勢,たいせい,  attitude; posture; preparedness,Noun
慎む,つつしむ,  to be careful; to be discreet  ,Godan
慣らす,ならす,  to accustom; to train,Godan
慣れ,なれ,  practice; practising; experience,Noun
慣例,かんれい,  custom; precedent; of convention,Noun
慣習,かんしゅう,  usual  custom,Noun
慣行,かんこう,  customary practice; habit; traditional event,Noun
憂鬱,ゆううつ,  depression; melancholy; dejection,Naadjective
憎しみ,にくしみ,  hatred,Noun
憤慨,ふんがい,  indignation; resentment,Noun
なつく,なつく,  to become emotionally attached  ,Godan
懲りる,こりる,  to learn by experience; to learn one's lesson; to learn the hard way ,Ichidan
懸賞,けんしょう,  offering prizes; winning; reward,Noun
成り立つ,なりたつ,  to consist of; to be made up of; to be composed of ,Godan
なるたけ,なるたけ,  as much as possible; if possible  ,Adverb
成年,せいねん,  adult age; majority,Noun
成果,せいか,  fruits ; results; outcome,Noun
成熟,せいじゅく,  maturity; ripeness,Noun
戦,いくさ,  war; battle; campaign,Noun
戦力,せんりょく,  war potential; military strength; fighting power ,Noun
戦災,せんさい,  war damage  せんさい: ichi1; news1; nf20. 戦災: ichi1,Noun
戦闘,せんとう,  battle; fight; combat,Noun
戯曲,ぎきょく,  play; drama,Noun
戸,こ,  counter for houses; households; apartments,Counter
戸締まり,とじまり,  closing up; fastening the doors ,Noun
所在,しょざい,  whereabouts,Noun
所定,しょてい,  fixed; prescribed; certain,Noadjective
所属,しょぞく,  attached to; belong to; member,Noun
所得,しょとく,  income; earnings,Noun
所持,しょじ,  possession; owning,Noun
扉,とびら,  door; gate; opening ,Noun
手がける,てがける,  to handle; to manage; to deal with,Ichidan
手元,てもと,  at hand; on hand; nearby,Adverb
手分け,てわけ,  division of labour; division of labor; splitting into groupsてわけ: ichi1,Noun
手回し,てまわし,  turning by hand; hand-turned; hand-cranked  ,Noun
手当,てあて,  salary; pay; compensation,Noun
手数,てすう,  trouble; bother ,Noun
手法,しゅほう,  technique; method,Noun
手筈,てはず,  arrangement; plan; programme,Noun
手芸,しゅげい,  handicrafts,Noun
手軽,てがる,  easy; simple; informal,Naadjective
手近,てぢか,  near; close by; within reach,Naadjective
手遅れ,ておくれ,  being  late ,Naadjective
手配,てはい,  arrangement; preparations ,Noun
手錠,てじょう,  handcuffs; manacles,Noun
手順,てじゅん,  process; procedure; sequence,Noun
打,ダース,  dozen打: Ateji  reading.,Noun
打ち切る,うちきる,  to stop; to abort; to discontinue,Godan
打ち合わせる,うちあわせる,  to knock together ,Ichidan
打ち消し,うちけし,  negation; denial; negative  ,Noun
打ち込む,うちこむ,  to drive in ; to hammer in ,Godan
打撃,だげき,  blow; shock; strike,Noun
打開,だかい,  break in the deadlock,Noun
扱い,あつかい,  treatment; service,Noun
承諾,しょうだく,  consent; acquiescence; agreement,Noun
技,わざ,  technique; art; skill ,Noun
技能,ぎのう,  technical skill; ability; capacity ,Noun
把握,はあく,  grasp; catch; understanding,Noun
抑制,よくせい,  control; restraint; suppression,Noun
抑圧,よくあつ,  check; restraint; oppression,Noun
つねる,つねる,  to pinch ,Godan
投げ出す,なげだす,  to throw down; to throw out; to stretch out  ,Godan
投入,とうにゅう,  throwing into; inserting; depositing ,Noun
投資,とうし,  investment,Noun
抗争,こうそう,  dispute; resistance,Noun
抗議,こうぎ,  protest; objection,Noun
折衷,せっちゅう,  compromise; cross; blending,Noun
抜け出す,ぬけだす,  to slip out; to sneak away; to excel ,Godan
押し寄せる,おしよせる,  to advance on; to close in; to march on,Ichidan
押し込む,おしこむ,  to push into; to cram into; to stuff into,Godan
抽選,ちゅうせん,  lottery; raffle; drawing  ,Noun
担架,たんか,  stretcher; litter,Noun
拒否,きょひ,  denial; veto; rejection,Noun
拒絶,きょぜつ,  refusal; rejection  きょぜつ: ichi1; news2,Noun
こじれる,こじれる,  to get complicated; to grow worse; to turn sour ,Ichidan
こだわる,こだわる,  to fuss over; to be particular about  ,Godan
拘束,こうそく,  restriction; restraint; binding,Noun
拝借,はいしゃく,  borrowing ; Polite ,Noun
拝啓,はいけい,  Dear ; Dear Sir; Dear Madam,Noun
持ち,もち,  hold; charge; keep possession,Noun
持ち切り,もちきり,  hot topic; talk of the town ,Noun
持てる,もてる,  to be able to possess,Ichidan
もてなす,もてなす,  to entertain; to make welcome ,Godan
持続,じぞく,  continuation; persisting; lasting,Noun
指令,しれい,  orders; instructions; directive,Noun
指図,さしず,  instruction; mandate; directions ,Noun
指差す,ゆびさす,  to point at ,Godan
指揮,しき,  command; direction ,Noun
指摘,してき,  pointing out; identification,Noun
指示,しじ,  indication; denotation; designation ,Noun
挑む,いどむ,  to challenge; to throw down the gauntlet; to contend for,Godan
ふり,ふり,  swing; shake; wave,Noun
振り出し,ふりだし,  starting point; beginning; outset ,Noun
振動,しんどう,  oscillation; vibration,Noun
振興,しんこう,  promotion; encouragement  ,Noun
捕吏,ほり,  constable; policeman ,Noun
捕虜,ほりょ,  prisonerほりょ: ichi1; news1; nf06. 捕虜: ichi1,Noun
捕鯨,ほげい,  whaling; whale fishing,Noun
はかどる,はかどる,  to make progress; to move right ahead ; to advance ,Godan
捧げる,ささげる,  to lift up; to hold up; to hold above eye level ,Ichidan
ねじれる,ねじれる,  to twist; to wrench; to screw  ,Ichidan
据える,すえる,  to place ; to fix; to set ,Ichidan
据え付ける,すえつける,  to install; to equip; to mount ,Ichidan
まくる,まくる,  to turn up; to roll up ,Godan
授ける,さずける,  to grant; to award; to teach,Ichidan
掌,てのひら,  palm  ,Noun
排水,はいすい,  drainage  はいすい: ichi1; news1; nf09. 排水: ichi1,Noun
排除,はいじょ,  exclusion; removal; rejection,Noun
掛け,かけ,  credit  ,Noun
かする,かする,  to graze; to touch lightly  ,Godan
採択,さいたく,  adoption; selection; choice,Noun
採掘,さいくつ,  mining,Noun
採決,さいけつ,  vote; roll call,Noun
採用,さいよう,  use; adoption; acceptance ,Noun
採算,さいさん,  profit  さいさん: ichi1; news1; nf08. 採算: ichi1,Noun
採集,さいしゅう,  collecting; gathering  さいしゅう: ichi1; news1,Noun
探検,たんけん,  exploration; expedition ,Noun
接ぐ,つぐ,  to join ,Godan
接続詞,せつぞくし,  conjunction ,Noun
接触,せっしょく,  touch; contact,Noun
控える,ひかえる,  to be temperate in; to refrain; to abstain,Ichidan
控え室,ひかえしつ,  waiting room ,Noun
控除,こうじょ,  subtraction; deduction ; subsidy ,Noun
推測,すいそく,  guess; conjecture,Noun
推理,すいり,  reasoning; inference; mystery or detective genre ,Noun
措置,そち,  measure; measures; step,Noun
すくう,すくう,  to scoop; to ladle out  ,Godan
掲げる,かかげる,  to publish; to print; to carry  ,Ichidan
掲載,けいさい,  publication ; appearance; insertion  ,Noun
掻き回す,かきまわす,  to stir up; to churn; to ransack,Godan
揃い,そろい,  set; suit; uniform collection,Noun
もめる,もめる,  to disagree; to dispute; to fight もめる: ichi 揉める: ichi,Ichidan
描写,びょうしゃ,  depiction; description; portrayal,Noun
提供,ていきょう,  offer; tender; program sponsoring,Noun
提携,ていけい,  cooperation; tie-up; joint business,Noun
提示,ていじ,  presentation; exhibit; suggest,Noun
揺らぐ,ゆらぐ,  to swing; to sway; to shake,Godan
損なう,そこなう,  to harm; to hurt; to injure,Godan
携帯,けいたい,  something carried ; handheld; portable  ,Noun
つまむ,つまむ,  to pinch; to hold; to pick up  ,Godan
操る,あやつる,  to manipulate; to operate; to handle,Godan
操縦,そうじゅう,  steering; piloting; flying,Noun
擦れる,すれる,  to rub; to chafe ,Ichidan
くすぐったい,くすぐったい,  ticklish  ,Iadjective
支持,しじ,  support; holding up; propping ,Noun
改まる,あらたまる,  to be renewed  ,Godan
改修,かいしゅう,  repair; improvement,Noun
改定,かいてい,  revision ; reform; alteration,Noun
改悪,かいあく,  deterioration; changing for the worse,Noun
改良,かいりょう,  improvement; reform,Noun
改訂,かいてい,  revision ; alteration; change ,Noun
改革,かいかく,  reform; reformation; innovation,Noun
せめ,せめ,  attack; offence; offense ,Noun
放り出す,ほうりだす,  to throw out ,Godan
放り込む,ほうりこむ,  to throw into; to toss into ,Godan
放射,ほうしゃ,  radiation; emission,Noun
放射能,ほうしゃのう,  radioactivity,Noun
放棄,ほうき,  abandonment; renunciation; resignation,Noun
政権,せいけん,   administration; political power,Noun
政策,せいさく,  political measures; policy,Noun
故,こ,  the late ,Prefix
敏感,びんかん,  sensibility; susceptibility; sensitive ,Naadjective
救い,すくい,  help; aid; relief,Noun
救済,きゅうさい,  relief; aid; rescue,Noun
敗戦,はいせん,  defeat; losing a war,Noun
教え,おしえ,  teaching; instruction; teachings,Noun
教員,きょういん,  teacher; instructor; teaching staff,Noun
教材,きょうざい,  teaching materials,Noun
教科,きょうか,  subject; curriculum,Noun
教習,きょうしゅう,  training; instruction,Noun
教職,きょうしょく,  the teaching profession ,Noun
教訓,きょうくん,  lesson; precept; moral instruction,Noun
あえて,あえて,  purposely ; daringly ; deliberately,Adverb
敬具,けいぐ,  Yours sincerely; Yours truly; Sincerely yours ,Noun
数詞,すうし,  numeral ,Noun
整える,ととのえる,  to put in order; to arrange; to adjust ,Ichidan
整列,せいれつ,  standing in a row; forming a line; alignment,Noun
整然,せいぜん,  orderly; regular; systematic,Taruadjective
敵,かたき,  rival; opponent; adversary,Noun
文,ふみ,  letter; writings ,Noun
文化財,ぶんかざい,  cultural assets; cultural property,Noun
文書,ぶんしょ,  document; writing; letter,Noun
文語,ぶんご,  written language; literary language ,Noun
ぶち,ぶち,  spots; speckles; mottles  ,Noun
断つ,たつ,  to sever; to cut off ,Godan
断然,だんぜん,  firmly; absolutely; definitely,Taruadjective
断言,だんげん,  assertion; declaration; affirmation,Noun
断面,だんめん,  cross-section,Noun
新,しん,  new; neo-  ,Noun
新入生,しんにゅうせい,  new student; freshman; first-year student,Noun
新婚,しんこん,  newly-wed,Noun
新興,しんこう,  rising; developing; emergent  ,Noun
おいて,おいて,  at; in; on  ,Conjunction
施す,ほどこす,  to give ; to donate ,Godan
施行,しこう,  execution; enforcing; carrying out  ,Noun
施設,しせつ,  institution; establishment; facility ,Noun
旅券,りょけん,  passport ,Noun
旅客,りょかく,  passenger  ,Noun
既婚,きこん,  marriage; married ,Noun
日々,ひび,  every day; daily; day after day,Adverbial
日ごろ,ひごろ,  normally; habitually ,Adverbial
日の丸,ひのまる,  outline of the sun  ,Noun
日取り,ひどり,  fixed date; appointed day ,Noun
日向,ひなた,  sunny place; in the sun  ,Noun
日当,にっとう,  daily allowance; daily wages,Noun
日焼け,ひやけ,  sunburn; suntan; tan ,Noun
旦那,だんな,  master  ,Noun
旧事,きゅうじ,  past events; bygones ,Noun
旧知,きゅうち,  old friend; old friendship,Noun
早急,さっきゅう,  immediate; prompt; quick,Naadjective
昆虫,こんちゅう,  insect; bug  こんちゅう: ichi1; news1,Noun
昇進,しょうしん,  promotion; advancement; rising in rank ,Noun
明かす,あかす,  to pass ; to spend  ,Godan
明くる,あくる,  next; following ,Prenoun
明朗,めいろう,  cheerful; bright ,Naadjective
あからさま,あからさま,  plain; frank; candid,Naadjective
明瞭,めいりょう,  clarity; clearness ,Noun
やすい,やすい,  easy  ,Iadjective
映写,えいしゃ,  projection,Noun
是正,ぜせい,  correction; revision; redressing,Noun
昼飯,ひるめし,  lunch; midday meal ,Noun
時刻表,じこくひょう,  table; diagram; chart,Noun
時差,じさ,  time difference,Noun
時折,ときおり,  sometimes ,Adverbial
普遍,ふへん,  universal; general; ubiquitous,Noadjective
暗殺,あんさつ,  assassination,Noun
暗示,あんじ,  hint; suggestion,Noun
暗算,あんざん,  mental arithmetic,Noun
暦,こよみ,  calendar; almanac  ,Noun
暴力,ぼうりょく,  violence; mayhem,Noun
暴動,ぼうどう,  insurrection; rebellion; revolt,Noun
暴風,ぼうふう,  storm; windstorm; gale ,Noun
曲,きょく,  song; tune; composition,Noun
書き取る,かきとる,  to write down; to take dictation; to take notes,Godan
最善,さいぜん,  the very best,Noun
もはや,もはや,  already; now  ,Adverb
月並み,つきなみ,  every month ,Naadjective
月日,がっぴ,   date,Noun
月謝,げっしゃ,  monthly tuition fee,Noun
月賦,げっぷ,  monthly installment ; monthly payment ,Noun
ありのまま,ありのまま,  the truth; fact; as it is,Naadjective
有望,ゆうぼう,  good prospects; full of hope; promising,Naadjective
有機,ゆうき,  organic  ゆうき: news1; nf07. 有機: news1; nf07.,Noun
有益,ゆうえき,  beneficial; profitable,Naadjective
朗読,ろうどく,  reading aloud; recitation ,Noun
望ましい,のぞましい,  desirable; hoped for; preferable,Iadjective
朝寝坊,あさねぼう,  oversleeping; late riser,Noun
期,き,  period; time ,Noun
期日,きじつ,  fixed date; settlement date ,Noun
期末,きまつ,  end of term,Noun
未,ひつじ,  eighth sign of Chinese zodiac ,Noun
未婚,みこん,  unmarried ,Noadjective
未熟,みじゅく,  unripe; green ,Naadjective
未知,みち,  not yet known; unknown; strange ,Noadjective
未開,みかい,  savage land; backward region; uncivilized,Naadjective
末,うら,  top end; tip ,Noun
ほんの,ほんの,  mere; only; just,Prenoun
本体,ほんたい,  substance; real form ,Noun
本名,ほんみょう,  real name ,Noun
本場,ほんば,  home; habitat; center,Noun
本文,ほんぶん,  text ; body  ,Noun
本格,ほんかく,  original method or procedure  ,Noun
本気,ほんき,  seriousness; earnestness; truth,Noun
本能,ほんのう,  instinct,Noun
本質,ほんしつ,  essence; true nature; substance,Noun
本音,ほんね,  real intention; motive; true opinion,Noun
本館,ほんかん,  main building,Noun
朽ちる,くちる,  to rot; to decay ,Ichidan
杖,つえ,  cane; walking stick; staff,Noun
束縛,そくばく,  restraint; restriction; fetters,Noun
条約,じょうやく,  treaty; pact,Noun
来る,きたる,  next ; forthcoming; coming,Prenoun
来場,らいじょう,  attendance ,Noun
杯,さかずき,  sake cup; cup for alcoholic beverages  ,Noun
東,あずま,  eastern Japan ; eastern provinces  ,Noun
林業,りんぎょう,  forestry,Noun
枚,まい,  counter for flat objects ,Counter
果たす,はたす,  to accomplish; to achieve; to carry out,Godan
果て,はて,  the end; the extremity; the limit,Noun
果てる,はてる,  to end; to be finished; to be exhausted ,Ichidan
枠,わく,  frame; framework ,Noun
染まる,そまる,  to be dyed ,Godan
しみる,しみる,  to pierce; to penetrate; to soak in,Ichidan
染める,そめる,  to dye; to colour; to color  そめる: ichi1,Ichidan
柔軟,じゅうなん,  flexible; lithe; soft,Naadjective
柱,はしら,  pillar; post ,Noun
柵,さく,  fence; paling; railing,Noun
栄える,さかえる,  to prosper; to flourish,Ichidan
校,こう,  school  ,Suffix
株式,かぶしき,  stock ,Noun
核,かく,  pit ; stone ,Noun
根回し,ねまわし,  making necessary arrangements; laying the groundwork ,Noun
根底,こんてい,  root; basis; foundation ,Noun
根拠,こんきょ,  basis; foundation,Noun
根気,こんき,  patience; perseverance; persistence,Noun
根源,こんげん,  root; source; origin,Noun
格,かく,  status; position; rank  ,Noun
格差,かくさ,  qualitative difference; disparity,Noun
栽培,さいばい,  cultivation,Noun
案じる,あんじる,  to be anxious or concerned about; to ponder ; to fear  ,Ichidan
案の定,あんのじょう,  just as one thought; as usual; sure enough ,Expression
桐,きり,  paulownia tree; Paulownia tomentosa,Noun
桟橋,さんばし,  wharf; bridge; jetty,Noun
梅干し,うめぼし,  umeboshi; pickled ume; pickled plum ,Noun
梢,こずえ,  treetop; tip of a branch ,Noun
棄権,きけん,  abstaining from voting ,Noun
棘,とげ,  thorn; spine; prickle ,Noun
棟,とう,  large building; building with a long roof  ,Noun
植わる,うわる,  to be planted,Godan
検事,けんじ,  public prosecutor  けんじ: ichi1; news1; nf0,Noun
業,ごう,  karma ごう: news1; nf0 業: news1; nf0,Noun
業務,ぎょうむ,  business; affairs; duties,Noun
業績,ぎょうせき,  achievement; performance; results,Noun
業者,ぎょうしゃ,  trader; merchant; vendor,Noun
極めて,きわめて,  exceedingly; extremely; decisively,Adverb
極楽,ごくらく,  Sukhavati,Noun
極端,きょくたん,  extreme; extremity,Noun
楽観,らっかん,  optimism,Noun
楽譜,がくふ,  score; sheet music ,Noun
概念,がいねん,  general idea; concept; notion,Noun
概略,がいりゃく,  outline; summary; gist,Temporal
概説,がいせつ,  general statement; outline,Noun
構え,かまえ,  structure; construction; appearance ,Noun
構える,かまえる,  to set up  ,Ichidan
構想,こうそう,  plan; plot; idea,Noun
様,さま,  Mr.; Mrs.; Miss,Suffix
様相,ようそう,  aspect; phase; condition ,Noun
標語,ひょうご,  motto; slogan; catchword  ひょうご: ichi1,Noun
模倣,もほう,  imitation; copying ,Noun
模型,もけい,  model; dummy; maquette,Noun
模範,もはん,  exemplar; exemplification; exemplum,Noun
模索,もさく,  groping ; exploring for a solution ,Noun
権,けん,  right,Noun
権力,けんりょく,   power; authority; influence,Noun
権威,けんい,  authority; power; influence,Noun
権限,けんげん,  power; authority; jurisdiction,Noun
樹木,じゅもく,  trees and shrubs; arbour; arbor  ,Noun
橋渡し,はしわたし,  bridge building; mediation; go-between,Noun
機,はた,  loom,Noun
檻,おり,  cage; pen; jail cell,Noun
欠く,かく,  to chip; to nick; to break,Godan
欠乏,けつぼう,  want; shortage; famine,Noun
次,じ,  next ,Prefix
次いで,ついで,  next; secondly; subsequently,Adverb
欲深い,よくぶかい,  greedy,Iadjective
欺く,あざむく,  to deceive; to delude; to trick,Godan
歓声,かんせい,  cheer; shout of joy,Noun
まさしく,まさしく,  surely; no doubt; evidently ,Adverb
正当,せいとう,  just; justifiable; right,Naadjective
正義,せいぎ,  justice; right; righteousness,Noun
正規,せいき,  regular; normal; formal,Noadjective
武力,ぶりょく,  armed might; military power; the sword,Noun
武装,ぶそう,  arms; armament,Noun
歩,ふ,  pawn ,Noun
歩み,あゆみ,  walking ,Noun
歩む,あゆむ,  to walk; to go on foot,Godan
歪む,ゆがむ,  to warp; to swerve; to deflect,Godan
歯科,しか,  dentistry  ,Noun
死,し,  death; decease ,Noun
死刑,しけい,  death penalty; capital punishment,Noun
殊に,ことに,  especially; particularly; unusually,Adverb
残酷,ざんこく,  cruelty; harshness ,Naadjective
残金,ざんきん,  remaining money,Noun
残高,ざんだか,   balance; remainder,Noun
殺人,さつじん,  murder,Noun
殿,しんがり,  rear; rear unit guard ,Noun
殿様,とのさま,  feudal lord; daimyo ; ,Noun
母校,ぼこう,  alma mater,Noun
ごと,ごと,  each; every ,Adverbial
比例,ひれい,  proportion,Noun
比重,ひじゅう,  specific gravity; weight; part ,Noun
氏,うじ,  family name; lineage; birth  ,Noun
民主,みんしゅ,  democracy; popular sovereignty,Noun
民俗,みんぞく,  folk customs; folkways; ethnic customs,Noun
民宿,みんしゅく,  pension; guesthouse; bed and breakfast,Noun
民族,みんぞく,  people; race; nation,Noun
気まぐれ,きまぐれ,  whim; caprice; whimsy,Naadjective
気兼ね,きがね,  constraint; reserve; feeling hesitant,Noun
気品,きひん,  elegance; refinement; grace,Noun
気楽,きらく,  carefree; comfortable; at ease ,Naadjective
気流,きりゅう,  atmospheric current; air current; airflow,Noun
気立て,きだて,  disposition; nature ,Noun
かぶれる,かぶれる,  to develop a rash or inflammation ; to react to,Ichidan
気象,きしょう,  weather; climate,Noun
気質,きしつ,  spirit; character; trait,Noun
気軽,きがる,  carefree; buoyant; lighthearted,Naadjective
きざ,きざ,  affected; smug; pompous,Naadjective
気風,きふう,  character; traits; ethos,Noun
水気,みずけ,  moisture; dampness; vapor,Noun
水洗,すいせん,  rinsing with water; flushing,Noun
水源,すいげん,  source of river; fountainhead  ,Noun
水田,すいでん,   paddy field,Noun
氾濫,はんらん,  overflowing; flood; inundation,Noun
汚らわしい,けがらわしい,  filthy; unfair; dirty,Iadjective
汚れ,けがれ,  disgrace; shame; stain,Noun
汚れる,けがれる,  to be violated; to be corrupted; to be polluted,Ichidan
決勝,けっしょう,  decision of a contest; finals ,Noun
決意,けつい,  decision; determination; resolution,Noun
決断,けつだん,  decision; determination  ,Noun
決算,けっさん,  settlement of accounts; closing accounts; financial results,Noun
決行,けっこう,  doing ; carrying out ,Noun
決議,けつぎ,  resolution; vote; decision,Noun
汽船,きせん,  steamship; steamboat; steamer,Noun
沈める,しずめる,  to sink; to submerge ,Ichidan
沈澱,ちんでん,  precipitation; deposition; settlement  ,Noun
沈黙,ちんもく,  silence; being silent; quiet,Noun
没収,ぼっしゅう,  forfeiture; seizure; confiscation,Noun
河川,かせん,  rivers,Noun
沸騰,ふっとう,  boiling; seething  ふっとう: ichi1; news1,Noun
油絵,あぶらえ,  oil painting,Noun
治まる,おさまる,  to be at peace; to clamp down; to lessen ,Godan
治安,ちあん,  public order,Noun
治療,ちりょう,  medical treatment; cure ,Noun
沼,ぬま,  swamp; bog; pond,Noun
沿い,ぞい,  along  ぞい: ichi1; news1; nf07. 沿い: ichi1,Suffix
沿う,そう,  to run along; to run beside ,Godan
沿岸,えんがん,  coast; shore; littoral,Noun
沿線,えんせん,  along railway line,Noun
まして,まして,  still more; to say nothing of; not to mention  ,Expression
泊,はく,  counter for nights of a stay,Counter
法学,ほうがく,  law; jurisprudence,Noun
法廷,ほうてい,  courtroom  ほうてい: ichi1; news1; nf0,Noun
法案,ほうあん,  bill ; measure,Noun
洋灯,ようとう,  lamp ,Noun
洋風,ようふう,  Western style ,Noun
洒落,しゃらく,  frank; open-hearted,Naadjective
洒落る,しゃれる,  to dress stylishly ,Ichidan
津波,つなみ,  tsunami; tidal wave  ,Noun
洪水,こうずい,  flood  こうずい: ichi1; news1; nf09. 洪水: ichi1,Noun
活発,かっぱつ,  vigor; vigour; active,Naadjective
派,は,  clique; faction; school,Noun
派遣,はけん,  dispatch; despatch; deployment  ,Noun
流,りゅう,  fashion; way; style,Noun
流し,ながし,  sink  ,Noun
流通,りゅうつう,  circulation of money or goods; flow of water or air; distribution  ,Noun
浅ましい,あさましい,  wretched; miserable; shameful,Iadjective
浜,はま,  beach; seashore ,Noun
浜辺,はまべ,  beach; foreshore ,Noun
浪費,ろうひ,  waste; extravagance,Noun
浮力,ふりょく,  buoyancy; floating power,Noun
海峡,かいきょう,  channel ; strait,Noun
海抜,かいばつ,  height above sea level,Noun
海流,かいりゅう,  ocean current,Noun
海路,かいろ,  sea route ,Temporal
海運,かいうん,  maritime; marine transportation  ,Noun
えい,えい,  ray ; stingray  ,Noun
浸す,ひたす,  to soak; to dip; to drench  ひたす: ichi1,Godan
消去,しょうきょ,  elimination; erasure; dying out,Noun
消息,しょうそく,  news ; letter; contact ,Noun
液,えき,  liquid; fluid,Noun
涸れる,かれる,  to dry up ; to run out,Ichidan
混同,こんどう,  confusion; mixing; merger,Noun
混血,こんけつ,  mixed race; mixed parentage ,Noun
添う,そう,  to meet ; to satisfy; to comply with  ,Godan
添える,そえる,  to garnish; to accompany  ,Ichidan
すがすがしい,すがすがしい,  refreshing ; brisk; bracing,Iadjective
清らか,きよらか,  clean; pure; chaste ,Naadjective
清濁,せいだく,  good and evil; purity and impurity ,Noun
清算,せいさん,  settlement ; squaring accounts; clearing debts ,Noun
清純,せいじゅん,  purity; innocence,Naadjective
済ます,すます,  to finish; to get it over with; to conclude ,Godan
渋い,しぶい,  astringent; bitter; puckery,Iadjective
減少,げんしょう,  decrease; reduction; decline ,Noun
減点,げんてん,  subtract; give a demerit,Noun
渡り鳥,わたりどり,  migratory bird; bird of passage,Noun
渦,うず,  whirlpool; swirl; eddy,Noun
温和,おんわ,  gentle; mild; moderate ,Naadjective
湿気る,しける,  to be damp; to be moist  ,Godan
満たす,みたす,  to satisfy; to fulfill; to appease ,Godan
満月,まんげつ,  full moon,Noun
源,みなもと,  source ; fountainhead ,Noun
準じる,じゅんじる,  to follow; to conform; to apply to ,Ichidan
準ずる,じゅんずる,Ichidan verb - zuru verb ; intransitive verb  to apply correspondingly; to correspond to,Ichidan
準急,じゅんきゅう,  semi-express train; local express train; sub-express train,Noun
溜まり,たまり,  pile; pool; collection  ,Noun
溝,こう,  10^32; hundred nonillion ,Numeric
溶液,ようえき,  solution ,Noun
滅びる,ほろびる,  to be ruined; to go under; to perish,Ichidan
滅ぼす,ほろぼす,  to destroy; to overthrow; to wreck,Godan
滑らか,なめらか,  smooth ; glassy; velvety ,Naadjective
滑稽,こっけい,  funny; humorous; humourous,Naadjective
滞る,とどこおる,  to stagnate; to be delayed,Godan
滞納,たいのう,  non-payment; default,Noun
漁村,ぎょそん,  fishing village,Noun
漁船,ぎょせん,  fishing boat,Noun
漏らす,もらす,  to let leak; to reveal ,Godan
漏る,もる,  to leak; to run out ,Godan
漏れる,もれる,  to leak out; to escape; to come through,Ichidan
演じる,えんじる,  to perform ; to play ; to act ,Ichidan
演ずる,えんずる,Ichidan verb - zuru verb ; Transitive verb  to perform; to play ,Ichidan
演出,えんしゅつ,  production ; direction,Noun
演習,えんしゅう,  practice; practising ,Noun
こぐ,こぐ,  to row; to scull; to paddle  ,Godan
漠然,ばくぜん,  obscure; vague; equivocal,Noun
漢語,かんご,  Chinese word; Sino-Japanese word,Noun
くぐる,くぐる,  to go under; to pass under; to go through,Godan
潜入,せんにゅう,  infiltration; sneaking in,Noun
潜水,せんすい,  diving; submerging; going underwater,Noun
潤う,うるおう,  to be moist; to be damp; to get wet,Godan
澄ます,すます,  to clear; to make clear ,Godan
激励,げきれい,  encouragement,Noun
すすぐ,すすぐ,  to rinse; to wash out  ,Godan
火星,かせい,  Marsかせい: ichi1; news1; nf15. 火星: ichi1,Noun
火花,ひばな,  spark  ひばな: ichi1; news1; nf17. 火花: ichi1,Noun
災害,さいがい,  calamity; disaster; misfortune,Noun
炒める,いためる,  to fry; to saute; to stir-fry ,Ichidan
こたつ,こたつ,  kotatsu; table over an electric heater  with a hanging quilt that retains heat  ,Noun
炭素,たんそ,  carbon ,Noun
点火,てんか,  ignition; lighting; set fire to  てんか: ichi1,Noun
点線,てんせん,  dotted line; perforated line,Noun
焚き火,たきび,  open-air fire ; bonfire ,Noun
無効,むこう,  invalid; no effect; unavailable,Naadjective
無口,むくち,  reticence; taciturnity,Naadjective
無意味,むいみ,  nonsense; no meaning; meaningless,Naadjective
無用,むよう,  useless; futile ,Naadjective
無知,むち,  ignorance; innocence; stupidity ,Noun
無礼,ぶれい,  impolite; rude ,Naadjective
無線,むせん,  wireless; radio  ,Noun
無能,むのう,  inefficiency; incompetence  ,Naadjective
無茶,むちゃ,  absurd; unreasonable; excessive,Naadjective
むちゃくちゃ,むちゃくちゃ,  nonsensical; unreasonable; absurd,Naadjective
無言,むごん,  silence,Noun
無邪気,むじゃき,  innocence; simple-mindedness,Naadjective
焦る,あせる,  to be in a hurry; to be impatient; to be flustered,Godan
しかしながら,しかしながら,  however; nevertheless  ,Adverb
さも,さも,  really; extremely  ,Adverb
さほど,さほど,  not so; not particularly; not very,Adverb
煌々,こうこう,  brilliant; dazzling; light,Taruadjective
きらびやか,きらびやか,  gorgeous; gaudy; dazzling,Naadjective
煙たい,けむたい,  smoky ,Iadjective
煙る,けむる,  to smoke  ,Godan
照り返す,てりかえす,  to reflect; to throw back light,Godan
照合,しょうごう,  collation; comparison  しょうごう: news2; nf28. 照合: news2,Noun
照明,しょうめい,  illumination; lighting  しょうめい: ichi1; news1,Noun
煩わしい,わずらわしい,  troublesome; annoying; complicated,Iadjective
おだてる,おだてる,  to flatter; to soft-soap  ,Ichidan
熱湯,ねっとう,  boiling water,Noun
熱量,ねつりょう,  calorific value; quantity of heat; calorie,Noun
燃料,ねんりょう,  fuel,Noun
燃焼,ねんしょう,  burning; combustion,Noun
ばくだん,ばくだん,  bomb ,Noun
片思い,かたおもい,  unrequited love ,Noun
片言,かたこと,  prattle; broken language; halting language,Noun
版,はん,  edition; version; printing,Noun
版画,はんが,  woodcut; woodblock print; art print ,Noun
牧師,ぼくし,  pastor; minister; clergyman,Noun
物体,ぶったい,  body; object,Noun
物議,ぶつぎ,  public discussion; public criticism; controversy,Noun
物足りない,ものたりない,  unsatisfied; unsatisfactory; insufficient,Iadjective
特技,とくぎ,  special skill  とくぎ: ichi1; news2; nf25. 特技: ichi1,Noun
特有,とくゆう,  characteristic ; peculiar ,Naadjective
特派,とくは,  send specially; special envoy  とくは: news2; nf45. 特派: news2,Noun
特産,とくさん,  specialty; special product,Noun
特許,とっきょ,  patent; special permission; licence ,Noun
特集,とくしゅう,  feature ; special edition; report ,Noun
犠牲,ぎせい,  victim; sacrifice; scapegoat,Noun
犯す,おかす,  to commit ; to perpetrate; to make  ,Godan
状,じょう,  shape; state  ,Noun
独創,どくそう,  originality  どくそう: news1; nf2 独創: news1; nf2,Noun
独占,どくせん,  monopoly; monopolization ,Noun
独自,どくじ,  original; unique; distinctive,Noadjective
独裁,どくさい,  dictatorship; despotism,Noun
猛烈,もうれつ,  violent; vehement; raging,Naadjective
獣,けもの,  beast; brute; animal  ,Noun
獲得,かくとく,  acquisition; possession,Noun
獲物,えもの,  game; spoils; trophy,Noun
玄人,くろうと,  expert; professional; master  ,Noun
率いる,ひきいる,  to lead; to spearhead ; to command ,Ichidan
玉,ぎょく,  precious stone,Noun
班,はん,  group; party; team  ,Noun
現像,げんぞう,  developing ,Noun
現地,げんち,  actual place; local; on-site ,Noun
現行,げんこう,  present; current; in operation,Noun
球根,きゅうこん,   bulb,Noun
理屈,りくつ,  theory; reason ,Noun
理性,りせい,  reason; reasoning power;  sense,Noun
理論,りろん,  theory  りろん: ichi1; news1; nf05. 理論: ichi1,Noun
甕,かめ,  earthenware pot ,Noun
甘える,あまえる,  to behave like a spoiled child; to fawn on ,Ichidan
甘口,あまくち,  sweet flavour; sweet flavor; mildness ,Naadjective
はなはだ,はなはだ,  very; greatly; exceedingly ,Adverb
生,き,  pure; undiluted; raw,Noun
生かす,いかす,  to make  use of; to leverage ; to capitalise on  ,Godan
生ける,いける,  to arrange ; to plant  ,Ichidan
生ぬるい,なまぬるい,  lukewarm; halfhearted ,Iadjective
生む,うむ,  to give birth; to bear ; to lay  ,Godan
生やす,はやす,  to grow; to cultivate; to wear a beard,Godan
生死,せいし,  life and death ,Noun
生真面目,きまじめ,  too serious; person who is too serious; honesty,Naadjective
生育,せいいく,  birth and growth; giving birth and raising; development,Noun
生臭い,なまぐさい,  smelling of fish; fishy; smelling of blood,Iadjective
生計,せいけい,  livelihood; living  せいけい: ichi1; news1,Noun
生身,なまみ,  living flesh; flesh and blood ,Noun
産休,さんきゅう,  maternity leave ,Noun
産出,さんしゅつ,  yield; produce,Noun
産婦人科,さんふじんか,  maternity and gynaecology department ; department of obstetrics and gynaecology ,Noun
産後,さんご,  postpartum; after childbirth ,Adverbial
産物,さんぶつ,  product; produce ,Noun
甥,おい,  nephew ,Noun
用法,ようほう,  directions; rules of use,Noun
用紙,ようし,  blank form ,Noun
田園,でんえん,  country; rural districts ,Noun
甲,きのえ,  first sign of the Chinese calendar ,Noun
申し入れる,もうしいれる,  to propose; to suggest,Ichidan
申し出,もうしで,  proposal; request; claim,Noun
申し出る,もうしでる,  to report to; to tell; to suggest,Ichidan
申し分,もうしぶん,  objection; shortcomings  もうしぶん: news2; nf25. 申し分: news2,Noun
申告,しんこく,  report; statement; filing a return,Noun
画,かく,  stroke  ,Noun
画期,かっき,  transition from one epoch to another; change of era  ,Noun
留める,とどめる,  to stop; to stay ; to cease,Ichidan
畜生,ちくしょう,  beast  ,Noun
畜産,ちくさん,  animal husbandry  ちくさん: news1; nf15. 畜産: news1; nf15.,Noun
略語,りゃくご,  abbreviation; acronym  りゃくご: ichi1; news2,Noun
番目,ばんめ,  indicates position in a sequence,Counter
異性,いせい,  the opposite sex  ,Noun
異見,いけん,  different opinion; objection,Noun
異論,いろん,  different opinion; objection,Noun
異議,いぎ,  objection; dissent; protest,Noun
畳,じょう,  counter for tatami mats ,Counter
おろそか,おろそか,  neglect; negligence; carelessness,Naadjective
疑惑,ぎわく,  doubt; misgivings; distrust,Noun
疲労,ひろう,  fatigue; weariness,Noun
病,やまい,  illness; disease ,Noun
病む,やむ,  to fall ill; to suffer from; to have something wrong with,Godan
症,しょう,  illness,Naadjective
痛む,いたむ,  to hurt; to ache; to feel a pain  ,Godan
痛める,いためる,  to hurt; to injure; to cause pain  ,Ichidan
痛切,つうせつ,  keen; acute  つうせつ: news2; nf26. 痛切: news2,Naadjective
痛感,つうかん,  feeling keenly; fully realizing,Noun
がん,がん,  cancer  ,Noun
発,はつ,  departure; departing ; departing,Noun
発作,ほっさ,  fit; spasm; attack,Noun
発掘,はっくつ,  excavation; exhumation ,Noun
発生,はっせい,  outbreak; spring forth; occurrence,Noun
発病,はつびょう,  attackはつびょう: ichi1; news1; nf15. 発病: ichi1,Noun
発育,はついく,   growth; development,Noun
発芽,はつが,  germination; sprouting; budding  はつが: ichi1,Noun
発言,はつげん,  statement; remark; observation,Noun
発足,ほっそく,  starting; inauguration; launch,Noun
登校,とうこう,  attendance ; going to school,Noun
登録,とうろく,  registration; accession; register,Noun
白状,はくじょう,  confession,Noun
的,てき,  -like; typical,Naadjective
的,まと,  mark; target,Noun
皇居,こうきょ,  Imperial Palace ; imperial residence  ,Noun
しわ,しわ,  wrinkle; crease  ,Noun
盗み,ぬすみ,  stealing,Noun
盛り上がる,もりあがる,  to swell; to rise; to bulge,Godan
盛る,さかる,  to prosper; to flourish ,Godan
盛大,せいだい,  grand; magnificent; lavish,Naadjective
盛装,せいそう,  dressing up in fine clothes; splendid clothes; one's best clothes,Noun
監視,かんし,  monitoring; watching; observation,Noun
目方,めかた,  weight,Noun
目盛り,めもり,  scale; gradations ,Noun
目覚ましい,めざましい,  brilliant; splendid; striking,Iadjective
目覚める,めざめる,  to wake up; to awake ,Ichidan
目論見,もくろみ,  plan; scheme; project,Noun
目録,もくろく,  catalogue; catalog; inventory,Noun
盲点,もうてん,  blind spot  もうてん: ichi1; news2; nf28. 盲点: ichi1,Noun
すぐ,すぐ,  immediately; at once; directly  ,Adverb
直感,ちょっかん,  intuition; instinct; insight,Noun
直面,ちょくめん,  confrontation  ,Noun
相,あい,  together; mutually; fellow,Prefix
相場,そうば,  market price ,Noun
相対,あいたい,  confrontation; facing; between ourselves,Noun
相応,そうおう,  suitability; fitness  そうおう: ichi1; news1,Naadjective
ふさわしい,ふさわしい,  appropriate; adequate; suitable,Iadjective
盾,たて,  shield; buckler; escutcheon,Noun
眉,まゆ,  eyebrow; eyebrows ,Noun
看護,かんご,  nursing;  nurse,Noun
真っ二つ,まっぷたつ,  in two equal parts  まっぷたつ: news1; nf2 真っ二つ: news1; nf2,Noun
真ん円い,まんまるい,  perfectly round; perfectly circular ,Iadjective
真ん前,まんまえ,  right in front; just opposite; under the nose ,Noadjective
真上,まうえ,  just above; right overhead ,Noun
真下,ました,  right under; directly below,Noun
真実,しんじつ,  truth; reality ,Naadjective
真心,まごころ,  sincerity; devotion ,Noun
真珠,しんじゅ,  pearl,Noun
真理,しんり,  truth,Noun
真相,しんそう,  truth; real situation,Noun
眠たい,ねむたい,  sleepy; drowsy ,Iadjective
眼球,がんきゅう,  eyeball,Noun
眼科,がんか,  ophthalmology,Noun
着,ちゃく,  counter for suits of clothing  ,Counter
着席,ちゃくせき,  sit down; seat,Noun
着手,ちゃくしゅ,  to start work ; to undertake  ,Suru
着目,ちゃくもく,  attention; giving one's attention; focusing,Noun
着色,ちゃくしょく,  colouring; coloring; colorant,Noun
着陸,ちゃくりく,  landing; alighting; touch down,Noun
着飾る,きかざる,  to dress up,Godan
瞬き,まばたき,  blink ; wink ,Noun
矢,や,  arrow ,Noun
やたら,やたら,  indiscriminately; blindly; at random,Adverb
知性,ちせい,  intelligence,Noun
知的,ちてき,  intellectual,Naadjective
短大,たんだい,  junior college; vocationally oriented two or three year post-secondary education institution ,Noun
短歌,たんか,  tanka; 31-mora Japanese poem  ,Noun
短気,たんき,  quick temper; short temper,Noun
短波,たんぱ,  short wave,Noun
短縮,たんしゅく,  shortening; contraction; reduction,Noun
砂利,じゃり,  gravel; ballast; pebbles ,Noun
研ぐ,とぐ,  to sharpen; to hone; to whet,Godan
破壊,はかい,  destruction; disruption ,Noun
破棄,はき,  tearing up and discarding ; disposal ; revocation,Noun
破裂,はれつ,  explosion; rupture; break off,Noun
碁盤,ごばん,  Go board,Noun
ろくな,ろくな,  satisfactory; decent  ,Prenoun
ろくに,ろくに,  well; enough; sufficiently  ,Adverb
確保,かくほ,  guarantee; maintain; ensure,Noun
確信,かくしん,  conviction; belief; confidence,Noun
確定,かくてい,  decision; settlement ,Noun
確立,かくりつ,  establishment; settlement  ,Noun
磁器,じき,  porcelain ; china; chinaware ,Noun
社,やしろ,  shrine ,Noun
社交,しゃこう,  social life; social intercourse,Noun
社宅,しゃたく,  company owned house  ,Noun
祈り,いのり,  prayer; supplication ,Noun
祝賀,しゅくが,  celebration; congratulations,Noun
神秘,しんぴ,  mystery; mysteriousness; secret,Noun
神聖,しんせい,  holiness; sacredness; dignity,Naadjective
禁じる,きんじる,  to prohibit,Ichidan
禁ずる,きんずる,Ichidan verb - zuru verb ; Transitive verb  to forbid; to suppressきんずる: ichi1,Ichidan
禁物,きんもつ,  taboo; forbidden thing,Noun
禅,ぜん,  dhyana,Noun
福祉,ふくし,  welfare; well-being; social welfare,Noun
私,あたし,  I; me  ,Pronoun
私有,しゆう,  private ownership,Noun
私物,しぶつ,  private property; personal effects,Noun
私用,しよう,  personal use  ,Noun
科,か,  department; section; faculty,Noun
秘書,ひしょ,   secretary  ,Noun
秩序,ちつじょ,  order; regularity; system,Noun
秭,し,  10^24; septillion ,Numeric
移住,いじゅう,  migration; immigration,Noun
移民,いみん,  emigration; immigration  ,Noun
移行,いこう,  switching over to; migration; transition,Noun
税務署,ぜいむしょ,  tax office,Noun
種,しゅ,  kind; variety ,Noun
種々,しゅじゅ,  variety ,Naadjective
稲光,いなびかり,   lightning,Noun
穂,ほ,  ear ; head  ,Noun
究極,きゅうきょく,  ultimate; extreme; final,Noun
空き間,あきま,  vacancy; room for rent or lease ,Noun
空腹,くうふく,  hunger,Naadjective
つつく,つつく,  to poke ; to nudge  ,Godan
突っ張る,つっぱる,  to support; to become stiff; to become taut,Godan
突如,とつじょ,  suddenly; all of a sudden,Adverb
窒息,ちっそく,  suffocation; choking; asphyxia,Noun
窮乏,きゅうぼう,  poverty; destitution; privation,Noun
窮屈,きゅうくつ,  narrow; tight; cramped ,Naadjective
立ち寄る,たちよる,  to stop by; to drop in for a short visit ,Godan
立体,りったい,  solid body; three-dimensional object ,Noun
立方,たちかた,  way of standing ,Noun
立法,りっぽう,  legislation; lawmaking  りっぽう: ichi1; news1,Noun
竿,さお,  rod; pole ,Noun
第,だい,  prefix for forming ordinal numbers,Prefix
第一,だいいち,  first; foremost; number one ,Adverb
等,とう,  class; order; rank  ,Noun
等級,とうきゅう,  grade; class; degree,Noun
筒,つつ,  pipe; tube; cylinder ,Noun
策,さく,  plan; policy,Noun
箇,か,  counter for the ichi-ni-san counting system ; a noun read using its on-yomi ,Counter
箇条書き,かじょうがき,  itemized form; itemised form; itemization,Noun
節,せつ,  occasion; time ,Noun
築く,きずく,  to build; to construct; to erect ,Godan
簡易,かんい,  simplicity; convenience; easiness,Naadjective
簡潔,かんけつ,  brevity; conciseness; simplicity,Naadjective
簡素,かんそ,  simplicity; plain  かんそ: news1; nf09. 簡素: news1,Naadjective
こもる,こもる,  to seclude oneself; to be confined in  ,Godan
粉々,こなごな,  in very small pieces ,Naadjective
粉末,ふんまつ,  fine powder,Noun
粋,いき,  chic; smart; stylish,Naadjective
粘る,ねばる,  to be sticky; to be adhesive ,Godan
精密,せいみつ,  precise; exact; detailed,Naadjective
精巧,せいこう,  elaborate; delicate; exquisite,Naadjective
系,けい,  system; lineage; group ,Noun
納入,のうにゅう,  payment  ,Noun
紛らわしい,まぎらわしい,  confusing; misleading; equivocal,Iadjective
紛れる,まぎれる,  to disappear into; to be lost in; to slip into,Ichidan
紛争,ふんそう,  dispute; trouble; strife,Noun
紛失,ふんしつ,  losing something,Noun
そっけない,そっけない,  cold; short; curt,Iadjective
素早い,すばやい,  fast; quick; prompt,Iadjective
素朴,そぼく,  simplicity; artlessness; naivete,Naadjective
素材,そざい,  raw materials; subject matter,Noun
紡績,ぼうせき,  spinning  ぼうせき: ichi1; news1; nf23. 紡績: ichi1,Noun
細やか,こまやか,  friendly; heartfelt; tender ,Naadjective
細工,さいく,  work; craftsmanship; tactics,Noun
細胞,さいぼう,  cell  ,Noun
細菌,さいきん,  bacillus; bacterium; germ,Noun
紳士,しんし,  gentleman ,Noun
終始,しゅうし,  beginning and end  ,Noun
終日,しゅうじつ,  all day; for a whole day ,Adverbial
組み合わせる,くみあわせる,  to join together; to combine; to join up ,Ichidan
経る,へる,  to pass; to elapse; to go by ,Ichidan
経歴,けいれき,  personal history; career,Noun
経緯,いきさつ,  details; particulars; whole story,Noun
経費,けいひ,  expenses; cost; outlay,Noun
経路,けいろ,  course; route; path,Noun
経過,けいか,  passage; expiration; progress,Noun
結び,むすび,  ending; conclusion ,Noun
結びつき,むすびつき,  connection; relation ,Noun
結び付ける,むすびつける,  to combine; to join; to tie on,Ichidan
結合,けつごう,  combination; union; binding,Noun
結成,けっせい,  formation; combination,Noun
結晶,けっしょう,  crystal; crystallization; crystallisation ,Noun
結束,けっそく,  union; unity; solidarity ,Noun
絡む,からむ,  to entangle; to entwine ,Godan
給う,たまう,  semi-polite or endearing auxiliary verb indicating reception by the speaker  ,Suffix
給仕,きゅうじ,  waiting on a table; serving,Noun
給食,きゅうしょく,  provision of lunch ; providing a meal; lunch service ,Noun
統制,とうせい,  regulation; control,Noun
統合,とうごう,  integration; unification; synthesis  ,Noun
統治,とうち,  rule; reign; government,Noun
統率,とうそつ,  command; lead; generalship,Noun
絶える,たえる,  to die out; to peter out; to become extinct ,Ichidan
絶望,ぜつぼう,  despair; hopelessness,Noun
絶版,ぜっぱん,  out of print,Noun
継ぎ目,つぎめ,  joint; seam; joining point ,Noun
継ぐ,つぐ,  to succeed  ,Godan
網,あみ,  net; netting ,Noun
綴じる,とじる,  to bind; to file ,Ichidan
ほころびる,ほころびる,  to come apart at the seams; to be ripped; to be torn  ,Ichidan
緊急,きんきゅう,  urgent; pressing; emergency,Naadjective
総合,そうごう,  synthesis; coordination; putting together,Noun
編,へん,  compilation ; editing  ,Noun
緩む,ゆるむ,  to become loose; to slacken  ,Godan
緩める,ゆるめる,  to loosen; to slow down,Ichidan
緩やか,ゆるやか,  loose; slack ,Naadjective
緩和,かんわ,  relief; mitigation; alleviation,Noun
縁側,えんがわ,  veranda; porch; balcony,Noun
縁談,えんだん,  marriage proposal; marriage talks,Noun
縮まる,ちぢまる,  to shorten; to narrow; to close,Godan
繁栄,はんえい,  prospering; prosperity; thriving,Noun
繁殖,はんしょく,  breed; multiply; increase,Noun
繁盛,はんじょう,  prosperity; flourishing; thriving ,Noun
繊維,せんい,  fibre; fiber; textile ,Noun
織り,おり,  weave; weaving; woven item ,Noun
織る,おる,  to weave,Godan
織物,おりもの,  textile; fabric,Noun
繕う,つくろう,  to mend; to patch up; to repair,Godan
まとまり,まとまり,  unity; coherence; consistency,Noun
まとめ,まとめ,  settlement; conclusion; summary ,Noun
罰,ばち,   punishment; curse; retribution,Noun
罵る,ののしる,  to abuse ; to curse at; to shout abuse at,Godan
美,び,  beauty,Noun
美術,びじゅつ,  art; fine arts,Noun
群,ぐん,  group; bunch; crowd,Noun
群がる,むらがる,  to swarm; to gather ,Godan
群集,ぐんしゅう,  crowd; community; group,Noun
翔る,かける,  to soar; to fly  ,Godan
老いる,おいる,  to age; to grow old,Ichidan
老ける,ふける,  to age; to grow old ; to show marks of age ,Ichidan
老衰,ろうすい,  senility; senile decay; infirmity ,Noun
考古学,こうこがく,  archaeology; archeology  こうこがく: news1; nf10. 考古学: news1,Noun
耕作,こうさく,  cultivation; farming  こうさく: news1; nf15. 耕作: news1,Noun
耳鼻科,じびか,  otolaryngology; concerning the ear; nose,Noun
聖書,せいしょ,  Bible; scriptures,Noun
聞き取り,ききとり,  listening comprehension ,Noun
聴覚,ちょうかく,  the sense of hearing,Noun
聴診器,ちょうしんき,  stethoscope,Noun
職務,しょくむ,  professional duties,Noun
職員,しょくいん,  staff member; personnel,Noun
肉体,にくたい,  the body; the flesh,Noun
股,また,  crotch; crutch; groin,Noun
股,もも,  thigh  ,Noun
肥料,ひりょう,  manure; fertilizer; fertiliser,Noun
育ち,そだち,  breeding; growth,Noun
育成,いくせい,  rearing; training; nurture,Noun
肺,はい,  lung,Noun
背景,はいけい,  background; scenery; backdrop,Noun
胴,どう,  trunk; torso; body,Noun
脂肪,しぼう,  fat; grease; blubber,Noun
脅す,おどす,  to threaten; to menace; to bully  ,Godan
脅迫,きょうはく,  threat; menace; coercion,Noun
もろい,もろい,  brittle; fragile; tender-heartedもろい: ichi 脆い: ichi,Iadjective
脈,みゃく,  pulse ,Noun
脚本,きゃくほん,  script; screenplay; scenario,Noun
脱出,だっしゅつ,  escape; break-out ,Noun
脳,のう,  brain ,Noun
腐敗,ふはい,  decomposition; putrefaction; putrescence,Noun
腕前,うでまえ,  ability; skill; facility,Noun
腫れる,はれる,  to swell ; to become swollen ,Ichidan
腸,ちょう,  guts; bowels; intestines ,Noun
腹立ち,はらだち,  anger,Noun
膜,まく,  membrane; film,Noun
膳,ぜん,  small dining table ; serving tray  ,Noun
臆病,おくびょう,  cowardice; timidity ,Naadjective
おのずから,おのずから,  naturally; as a matter of course  ,Adverb
自主,じしゅ,  independence; autonomy,Noun
自信,じしん,  self-confidence; confidence ,Noun
自動詞,じどうし,  intransitive verb ,Noun
自在,じざい,  freely; at will,Naadjective
自尊心,じそんしん,  self-esteem; self-respect; self-importance,Noun
自己,じこ,  self; oneself,Noun
うぬぼれ,うぬぼれ,  pretension; conceit; hubris  ,Noun
自覚,じかく,  self-consciousness; self-awareness,Noun
自転,じてん,  rotation ; turning; spin ,Noun
自首,じしゅ,  surrender; give oneself up,Noun
至って,いたって,  very much; exceedingly; extremely,Adverb
興じる,きょうじる,  to amuse oneself; to make merry  きょうじる: news2; nf3 興じる: news2,Ichidan
興奮,こうふん,  excitement; stimulation; agitation,Noun
興業,こうぎょう,  industrial enterprise  こうぎょう: news1; nf15. 興業: news1; nf15.,Noun
舐める,なめる,  to lick ,Ichidan
舗装,ほそう,  pavement; road surface,Noun
舞う,まう,  to dance,Godan
航海,こうかい,  sail; voyage,Noun
良好,りょうこう,  favorable; favourable; satisfactory,Naadjective
良質,りょうしつ,  good quality; fine quality; superior quality,Naadjective
色彩,しきさい,  colour; color; hue,Noun
艶,えん,  charming; fascinating; voluptuous,Naadjective
芝,しば,  lawn; sod; turf,Noun
花びら,はなびら,   petal ,Noun
花壇,かだん,  flower bed  ,Noun
もしかして,もしかして,  perhaps; possibly ,Expression
もしくは,もしくは,  or; otherwise ,Conjunction
若干,じゃっかん,  some; few; a number of,Noun
苦しめる,くるしめる,  to torment; to pain; to inflict  pain,Ichidan
英字,えいじ,  English letter; alphabetic character  えいじ: news1; nf1,Noun
英雄,えいゆう,  hero; heroine; great person ,Noun
茎,くき,  stalk; stem  くき: ichi1; news1,Noun
茶の湯,ちゃのゆ,  tea ceremony,Noun
茶の間,ちゃのま,  living room ,Noun
荒らす,あらす,  to lay waste; to devastate; to damage ,Godan
荒廃,こうはい,  ruin; destruction; devastation,Noun
荷,に,  load; baggage; cargo,Noun
荷造り,にづくり,  packing; baling; crating ,Noun
華々しい,はなばなしい,  brilliant; magnificent; spectacular ,Iadjective
華やか,はなやか,  showy; brilliant; gorgeous,Naadjective
華奢,かしゃ,  lavish; luxurious; showy,Naadjective
華美,かび,  pomp; splendor; splendour,Naadjective
しなびる,しなびる,  to shrivel ; to wilt; to fade,Ichidan
落ち着き,おちつき,  calmness; composure; presence of mind ,Noun
落ち葉,おちば,  fallen leaves; leaf litter  ,Noun
落ち込む,おちこむ,  to feel down; to feel sad; to be depressed,Godan
落下,らっか,  fall; drop; coming down,Noun
著しい,いちじるしい,  striking; remarkable; considerable ,Iadjective
著名,ちょめい,  well-known; noted; celebrated,Naadjective
あし,あし,  common reed,Noun
蒸留,じょうりゅう,  distillation ,Noun
蓄積,ちくせき,  accumulation; accumulate; store,Noun
はす,はす,  sacred lotus ; Indian lotus; lotus  ,Noun
蔵,くら,  warehouse; storehouse; cellar,Noun
蔵相,ぞうしょう,  Minister of Finance,Noun
とろける,とろける,  to melt,Ichidan
蕾,つぼみ,   bud ,Noun
薄弱,はくじゃく,  feebleness; weakness; weak,Naadjective
わら,わら,  straw  ,Noun
もがく,もがく,  to struggle; to writhe; to wriggle,Godan
虚しい,むなしい,  empty; void; vacant ,Iadjective
虚ろ,うつろ,  cavity; hollow; void  ,Noun
はちみつ,はちみつ,  honey  ,Noun
蜜,みつ,  nectar ,Noun
蝶,ちょう,  butterfly ,Noun
融資,ゆうし,  financing; loan,Noun
血管,けっかん,  blood vessel; vein,Noun
衆,しゅう,  great numbers ; numerical superiority; masses,Noun
衆議院,しゅうぎいん,  lower house; House of Representatives,Noun
行,ぎょう,  line ; row; verse ,Noun
行い,おこない,  deed; act; action,Noun
行き違い,いきちがい,  crossing without meeting ; going astray ,Noun
行員,こういん,  bank clerk ,Noun
行政,ぎょうせい,  administration,Noun
行為,こうい,  act; deed; conduct,Noun
行進,こうしん,  march; parade,Noun
街,がい,  .. street; .. quarter; .. district,Noun
街道,かいどう,  highway ; main road ,Noun
街頭,がいとう,  in the street,Noun
衛生,えいせい,  health; hygiene; sanitation,Noun
衝撃,しょうげき,  shock; impact; crash,Noun
衣料,いりょう,  clothing,Noun
衣装,いしょう,  clothing; costume; outfit,Noun
衣類,いるい,  clothes; clothing; garments,Noun
衰える,おとろえる,  to become weak; to decline; to wear,Ichidan
裁く,さばく,  to judge,Godan
装備,そうび,  equipment,Noun
装飾,そうしょく,  ornament; decoration  ,Noun
補充,ほじゅう,  replenishment; supplementation; supplement,Noun
補助,ほじょ,  assistance; support; aid,Noun
補給,ほきゅう,  supply; supplying; replenishment,Noun
補足,ほそく,  supplement; complement,Noun
裸足,はだし,  barefoot  ,Noun
製,せい,  -made; make,Noun
製法,せいほう,  manufacturing method; recipe; formula,Noun
製鉄,せいてつ,  iron manufacture,Noun
裾,すそ,  hem;  cuff; shirttail ,Noun
複合,ふくごう,  composite; combined; complex,Noun
褒美,ほうび,  reward; prize  ほうび: ichi1; news2,Noun
襟,えり,  collar; lapel; neckband,Noun
襲う,おそう,  to attack; to assail; to make an assault,Godan
西日,にしび,  westering sun; setting sun,Noun
要する,ようする,  to need; to demand; to take,Suru
要因,よういん,  main cause; primary factor,Noun
要望,ようぼう,  demand for; request,Noun
覆す,くつがえす,  to overturn; to capsize; to upset ,Godan
覆面,ふくめん,  mask; veil; disguise  ,Noun
見かける,みかける,  to  see; to notice; to catch sight of ,Ichidan
見せびらかす,みせびらかす,  to show off; to flaunt,Godan
見世物,みせもの,  show; exhibition; spectacle ,Noun
見合い,みあい,  formal marriage interview; marriage meeting  ,Noun
見合わせる,みあわせる,  to exchange glances; to look at each other ,Ichidan
見地,けんち,  point of view  けんち: ichi1; news1; nf1,Noun
見方,みかた,  viewpoint; point of view ,Noun
見晴らし,みはらし,  view; prospect; outlook ,Noun
見渡す,みわたす,  to look out over; to survey ; to take an extensive view of ,Godan
見積もり,みつもり,  estimate; estimation; valuation,Noun
みすぼらしい,みすぼらしい,  shabby; seedy  ,Iadjective
見苦しい,みぐるしい,  unsightly; ugly,Iadjective
見落とす,みおとす,  to overlook; to fail to notice; to miss  ,Godan
見込み,みこみ,  hope; promise; possibility,Noun
見逃す,みのがす,  to miss; to overlook; to fail to notice ,Godan
見通し,みとおし,  unobstructed view; perspective; visibility,Noun
規制,きせい,  regulation;  policing; control,Noun
規定,きてい,  stipulation; prescription; provision,Noun
規格,きかく,  standard; norm,Noun
規模,きぼ,  scale; scope; plan,Noun
規約,きやく,  agreement; rules; code,Noun
視察,しさつ,  inspection; observation,Noun
視覚,しかく,  sense of sight; vision,Noun
視野,しや,  field of vision; outlook,Noun
覚え,おぼえ,  memory; sense; experience,Noun
親善,しんぜん,  friendship; goodwill; friendly relations,Noun
観,かん,  look; appearance ,Noun
観点,かんてん,  point of view,Noun
観衆,かんしゅう,  spectators; onlookers; members of the audience,Noun
観覧,かんらん,  viewing,Noun
角,かく,  angle ,Noun
解剖,かいぼう,  dissection; autopsy ,Noun
解除,かいじょ,  cancellation; rescinding; release,Noun
言い訳,いいわけ,  excuse ,Noun
言伝,ことづて,   message; declaration; hearsay,Noun
言論,げんろん,   speech; expression of views; discussion,Noun
訂正,ていせい,  correction; revision; amendment,Noun
計器,けいき,  meter; gauge,Noun
討論,とうろん,  debate; discussion  とうろん: ichi1; news1,Noun
討議,とうぎ,  debate; discussion,Noun
記す,しるす,  to write down; to note; to jot down  ,Godan
記名,きめい,  signature; register  ,Noun
記載,きさい,  record; statement; description,Noun
記述,きじゅつ,  description; descriptor,Noun
訪れる,おとずれる,  to visit; to call on  ,Ichidan
設ける,もうける,  to prepare ahead of time ,Ichidan
設定,せってい,  establishment; creation; posing ,Noun
設立,せつりつ,  establishment; founding; incorporation ,Noun
設置,せっち,  establishment; institution ,Noun
許容,きょよう,  permission; pardon,Noun
訴え,うったえ,  lawsuit; complaint  うったえ: ichi1; news1,Noun
訴訟,そしょう,  litigation; lawsuit  そしょう: ichi1; news1,Noun
診療,しんりょう,  diagnosis and treatment; medical care,Noun
証,あかし,  proof ; evidence; testimony,Noun
証人,しょうにん,  witness  しょうにん: news1; nf0,Noun
証拠,しょうこ,  evidence; proof ,Noun
証言,しょうげん,  testimony;  evidence,Noun
詐欺,さぎ,  fraud; swindle; graft,Noun
試み,こころみ,  attempt; trial; experiment ,Noun
試みる,こころみる,  to try; to attempt; to have a go  ,Ichidan
詫び,わび,  apology; excuse ,Noun
なじる,なじる,  to rebuke; to scold; to tell off ,Godan
詳細,しょうさい,  detail; particulars,Naadjective
あつらえる,あつらえる,  to give an order; to place an orderあつらえる: ichi,Ichidan
誇る,ほこる,  to boast of; to be proud of,Godan
誇張,こちょう,  exaggeration  こちょう: ichi1; news2; nf30. 誇張: ichi1,Noun
したためる,したためる,  to write up ,Ichidan
認識,にんしき,  recognition; cognizance; cognisance,Noun
誘導,ゆうどう,  guidance; leading; induction,Noun
誘惑,ゆうわく,  temptation; allurement; lure,Noun
語句,ごく,  words; phrases,Noun
語彙,ごい,  vocabulary; lexicon; lexis,Noun
語源,ごげん,  word root; word derivation; etymology ,Noun
誠,まこと,  truth; reality ,Adverb
誠実,せいじつ,  sincere; honest; faithful,Naadjective
誤る,あやまる,  to make a mistake; to err ,Godan
誤差,ごさ,  measurement error; calculation error,Noun
ごまかす,ごまかす,  to deceive; to falsify; to misrepresent,Godan
説く,とく,  to explain; to advocate; to preach,Godan
説得,せっとく,  persuasion,Noun
読み上げる,よみあげる,  to read out loud ; to call a roll,Ichidan
読者,どくしゃ,  reader,Noun
課外,かがい,  extracurricular,Noun
課題,かだい,  subject; theme; issue,Noun
調べ,しらべ,  investigation; inspection; examination ,Noun
調停,ちょうてい,  arbitration; conciliation; mediation,Noun
調印,ちょういん,  signature; signing; sealing,Noun
調和,ちょうわ,  harmony; accord; reconciliation,Noun
調理,ちょうり,  cooking; food preparation,Noun
論理,ろんり,  logic  ,Noun
論議,ろんぎ,  discussion; argument; debate,Noun
諦め,あきらめ,  resignation; acceptance; consolation,Noun
諮る,はかる,  to consult with; to discuss; to confer,Godan
諸,しょ,  various; many; several,Prefix
もろに,もろに,  completely; all the way; altogether,Adverb
へりくだる,へりくだる,  to deprecate oneself and praise the listener; to abase oneself  ,Godan
講習,こうしゅう,  short course; training,Noun
講読,こうどく,  reading; translation,Noun
謝絶,しゃぜつ,  refusal,Noun
警部,けいぶ,  police inspector,Noun
議事堂,ぎじどう,  assembly hall; parliament house; diet building,Noun
議案,ぎあん,  legislative bill; measure ,Noun
議決,ぎけつ,  resolution; decision; vote,Noun
議題,ぎだい,  topic of discussion; agenda,Noun
譲歩,じょうほ,  concession; conciliation; compromise,Noun
護衛,ごえい,  guard; convoy; escort,Noun
象,しょう,  phenomenon,Noun
象徴,しょうちょう,  symbol,Noun
豪儀,ごうぎ,  great; grand ,Naadjective
貝殻,かいがら,  shell ,Noun
負う,おう,  to bear; to carry on one's back  ,Godan
負かす,まかす,  to defeat,Godan
負債,ふさい,  debt; liabilities,Noun
負傷,ふしょう,  injury; wound,Noun
負担,ふたん,  burden; charge; responsibility,Noun
財,ざい,  fortune; riches ,Noun
財政,ざいせい,  financial affairs; public finance,Noun
財源,ざいげん,  source of funds; resources; finances,Noun
貧乏,びんぼう,  poverty; destitute; poor ,Naadjective
貧困,ひんこん,  poor; needy  ,Naadjective
貧弱,ひんじゃく,  poor; meagre; meager,Naadjective
貨幣,かへい,  money; currency; coinage,Noun
貫く,つらぬく,  to go through; to pierce; to penetrate ,Godan
貫禄,かんろく,  presence; dignity ,Noun
責務,せきむ,  duty; obligation,Noun
貯蓄,ちょちく,  savings ,Noun
貴ぶ,とうとぶ,  to value; to prize; to esteem,Godan
貴族,きぞく,  noble; aristocrat,Noun
けなす,けなす,  to speak ill of; to disparage ,Godan
費,ひ,  cost; expense,Noun
費やす,ついやす,  to spend; to expend; to consume ,Godan
賃金,ちんぎん,  wages  ,Noun
資産,しさん,  property; fortune; means,Noun
資金,しきん,  funds; capital,Noun
賑わう,にぎわう,  to be crowded with people; to be bustling with ,Godan
賛美,さんび,  praise; adoration; glorification ,Noun
賜る,たまわる,  to be given; to be granted; to be honored with,Godan
賠償,ばいしょう,  compensation; reparations; indemnity,Noun
賢明,けんめい,  wisdom; intelligence; prudence,Naadjective
質疑,しつぎ,  question ,Noun
質素,しっそ,  simplicity; modesty; frugality,Naadjective
賭ける,かける,  to wager; to bet; to risk,Ichidan
購入,こうにゅう,  purchase; buy,Noun
購読,こうどく,  paid subscription ,Noun
購買,こうばい,  procurement; purchase; buying,Noun
赤らむ,あからむ,  to become red; to redden; to blush,Godan
赤字,あかじ,  deficit;  the red ,Noun
走行,そうこう,  running a wheeled vehicle ; running to program; job,Noun
赴任,ふにん,  moving to a different location to start a new job;  new appointment,Noun
起伏,きふく,  undulation ,Noun
起源,きげん,  origin; beginning; rise ,Noun
起点,きてん,  starting point; origin,Noun
超,ちょう,  super-; ultra-; hyper-,Noun
趣,おもむき,  meaning; tenor; gist ,Noun
趣旨,しゅし,  meaning; point ; gist,Noun
足し算,たしざん,  addition ,Noun
距離,きょり,  distance; range,Noun
跡継ぎ,あとつぎ,  heir; successor  ,Noun
またがる,またがる,  to extend over; to extend into  ,Godan
踏まえる,ふまえる,  to be based on; to have origin in ,Ichidan
かかと,かかと,  heel,Noun
蹴飛ばす,けとばす,  to kick away; to kick off; to kick hard ,Godan
身なり,みなり,  dress; attire; clothing,Noun
身振り,みぶり,  gesture; gesticulation; motion ,Noun
しつけ,しつけ,  discipline; training; teaching manners ,Noun
きしむ,きしむ,  to jar; to creak; to grate ,Godan
軌範,きはん,  model; standard; pattern,Noun
軌道,きどう,  orbit; trajectory,Noun
軍事,ぐんじ,  military affairs,Noun
軍備,ぐんび,  armaments; military preparations,Noun
軍服,ぐんぷく,  military or naval uniform,Noun
軒並み,のきなみ,  row of houses; every door  ,Noun
転じる,てんじる,  to turn; to shift; to alter,Ichidan
転任,てんにん,  change of post ,Noun
転勤,てんきん,  job transfer; job relocation; intra-company transfer,Noun
転回,てんかい,  revolution; rotation  てんかい: news2; nf45. 転回: news2,Noun
転居,てんきょ,  moving; changing residence,Noun
転換,てんかん,  conversion; diversion; changeover,Noun
転落,てんらく,  fall; tumble; spill,Noun
軸,じく,  axis; shaft; axle  ,Noun
軽快,けいかい,  casual ; light; nimble,Naadjective
軽減,けいげん,  abatement; reduction,Noun
軽率,けいそつ,  rash; thoughtless; careless,Naadjective
軽蔑,けいべつ,  scorn; disdain; contempt ,Noun
輪,りん,  counter for wheels and flowers,Counter
かろうじて,かろうじて,  barely; narrowly; just manage to do something ,Adverb
辛抱,しんぼう,  patience; endurance ,Noun
辟易,へきえき,  to be stumped; to be nonplussed; to be disconcerted,Suru
農地,のうち,  agricultural land; farmland,Noun
農場,のうじょう,  farm,Noun
農耕,のうこう,  farming; agriculture  のうこう: ichi1; news1,Noun
つじつま,つじつま,  coherence; consistency ,Noun
込める,こめる,  to load ; to charge ,Ichidan
たどる,たどる,  to follow ; to pursue ; to follow up,Godan
迅速,じんそく,  quick; fast; rapid,Naadjective
近づく,ちかづく,  to approach; to draw near; to get close ,Godan
近眼,きんがん,  nearsightedness; shortsightedness; myopia ,Noun
近視,きんし,  myopia; shortsightedness; nearsightedness,Noun
返答,へんとう,  reply; answer,Noun
返還,へんかん,  return; restoration,Noun
迫害,はくがい,  persecution,Noun
追放,ついほう,  exile; banishment; eviction,Noun
追跡,ついせき,  chase; pursuit; tracking,Noun
退く,しりぞく,  to step back; to move back ,Godan
退ける,しりぞける,  to repel; to drive away; to repulse,Ichidan
退化,たいか,  degeneration; retrogression ,Noun
退治,たいじ,  extermination ; elimination; eradication,Noun
退職,たいしょく,  retirement; resignation,Noun
逃げ出す,にげだす,  to run away; to flee; to make off,Godan
逃す,のがす,  to miss ; to lose; to let get away ,Godan
逃れる,のがれる,  to escape ,Ichidan
逃亡,とうぼう,  escape; flight; running away,Noun
逃走,とうそう,  flight; desertion; escape,Noun
逆立ち,さかだち,  handstand; headstand,Noun
逆転,ぎゃくてん,   change; reversal; turn-around,Noun
途切れる,とぎれる,  to pause; to be interrupted ,Ichidan
途絶える,とだえる,  to stop; to cease; to come to an end ,Ichidan
通,つう,  connoisseur; authority  ,Naadjective
通常,つうじょう,  common; general; normal,Noadjective
造り,つくり,  make-up; structure; physique,Noun
連なる,つらなる,  to extend; to stretch out; to stand in a row ,Godan
連ねる,つらねる,  to line up; to put in a row ,Ichidan
連中,れんちゅう,  company; lot; bunch,Noun
連休,れんきゅう,  consecutive holidays,Noun
連帯,れんたい,  solidarity; collective  ,Noun
連日,れんじつ,  day after day; every day,Adverbial
連盟,れんめい,  league; federation; union,Noun
連邦,れんぽう,  commonwealth; federation of states; confederation,Noun
進出,しんしゅつ,  advance ; launching ; expanding ,Noun
進化,しんか,  evolution; progress ,Noun
進呈,しんてい,  presentation ,Noun
進展,しんてん,  progress; development,Noun
進度,しんど,  progress,Noun
進行,しんこう,  moving forward ; onward movement ,Noun
進路,しんろ,  route; course ,Noun
逸らす,そらす,  to turn away; to avert,Godan
遂げる,とげる,  to accomplish; to achieve; to carry out ,Ichidan
遅くとも,おそくとも,  at the latest ,Adverb
遅らす,おくらす,  to retard; to delay ,Godan
遅れ,おくれ,  delay; lag; postponement,Noun
遊牧,ゆうぼく,  nomadism,Noun
運命,うんめい,  fate; destiny; lot,Noun
運営,うんえい,  management; administration; operation,Noun
運搬,うんぱん,  transport; transportation; conveyance,Noun
運用,うんよう,  making use of; application; practical use,Noun
運賃,うんちん,   fare ,Noun
運送,うんそう,  transport; freight; shipping ,Noun
すぎ,すぎ,  past; after ,Noun
過ち,あやまち,  fault; error; indiscretion,Noun
過労,かろう,  overwork; strain,Noun
過多,かた,  excess; superabundance,Naadjective
過密,かみつ,  overcrowding; crowded; congestion,Naadjective
過疎,かそ,  depopulation  かそ: ichi1; news1; nf09. 過疎: ichi1,Noun
道場,どうじょう,  dojo  ,Noun
達成,たっせい,  achievement ,Noun
達者,たっしゃ,  in good health; healthy; well,Naadjective
違える,ちがえる,  to change; to alter ,Ichidan
遠ざかる,とおざかる,  to go away; to become more distant; to fade away,Godan
遠回り,とおまわり,  detour; roundabout way ,Noun
遠方,えんぽう,  long way; distant place  ,Noun
遣り通す,やりとおす,  to carry through; to achieve; to complete ,Godan
やる,やる,  to do; to undertake; to perform,Godan
はるか,はるか,  far; far away; distant,Naadjective
適応,てきおう,  adaptation; accommodation; conformity,Noun
遭難,そうなん,  disaster; shipwreck; accident,Noun
遮る,さえぎる,  to interrupt; to obstruct ; to block ,Godan
選挙,せんきょ,  election,Noun
選考,せんこう,  selection; screening ,Noun
避難,ひなん,  taking refuge; finding shelter; evacuation,Noun
還元,かんげん,  reduction; resolution; deoxidization,Noun
還暦,かんれき,  60th birthday,Noun
部,ぶ,  department ; division; bureau  ,Noun
部下,ぶか,  subordinate person ,Noun
部門,ぶもん,  division ; branch; field,Noun
郷愁,きょうしゅう,  nostalgia; homesickness,Noun
郷里,きょうり,  birth-place; home town,Noun
配偶者,はいぐうしゃ,  spouse; wife; husband,Noun
配分,はいぶん,  distribution; allotment,Noun
配列,はいれつ,  arrangement; disposition ,Noun
配布,はいふ,  distribution,Noun
配慮,はいりょ,  consideration; concern; forethought,Noun
配給,はいきゅう,  distribution  ,Noun
配置,はいち,  arrangement ; deployment; stationing,Noun
酪農,らくのう,  dairy,Noun
酸,さん,  acid ,Noun
酸化,さんか,  oxidation; oxidization ,Noun
重,え,  -fold; -ply ,Suffix
重んじる,おもんじる,  to respect; to honor; to honour,Ichidan
重んずる,おもんずる,Ichidan verb - zuru verb ; Transitive verb  to honor; to honour,Ichidan
重複,ちょうふく,  duplication; repetition; overlapping,Noun
野党,やとう,  opposition party; political opposition; opposition,Noun
野心,やしん,  ambition; aspiration ,Noun
かなづち,かなづち,  hammer ,Noun
金蔵,かねぐら,  treasure house; treasury ,Noun
釣鐘,つりがね,  hanging bell  ,Noun
鈍る,にぶる,  to become blunt; to grow dull ,Godan
鈍感,どんかん,  thickheaded; insensitive; dull,Naadjective
鉄棒,てつぼう,  iron rod; iron bar; iron club ,Noun
鉄片,てっぺん,  iron scraps,Noun
鉄鋼,てっこう,  iron and steel,Noun
鉛,なまり,  lead ,Noun
鉱山,こうざん,  mine,Noun
鉱業,こうぎょう,  mining industry ,Noun
錯覚,さっかく,  optical illusion; hallucination ,Noun
錯誤,さくご,  mistake; error,Noun
鍛える,きたえる,  to forge; to temper ,Ichidan
長,おさ,  head; chief; leader,Noun
長々,ながなが,  long; drawn-out; very long ,Adverb
長大,ちょうだい,  very long; great length  ちょうだい: ichi1; news2,Naadjective
長官,ちょうかん,  secretary ; director; chief,Noun
長編,ちょうへん,  long  ,Noun
のどか,のどか,  tranquil; calm; quiet,Naadjective
閉鎖,へいさ,  closing; closure; shutdown,Noun
開催,かいさい,  holding a meeting; open an exhibition,Noun
開拓,かいたく,  reclamation ; cultivation; development ,Noun
開発,かいはつ,  development; exploitation ,Noun
間々,まま,  occasionally; now and then; sometimes  ,Adverb
間柄,あいだがら,  relation ,Noun
まごつく,まごつく,  to be confused; to be flustered; to be at a loss間誤付く: Ateji  reading.,Godan
間違う,まちがう,  to make a mistake; to be incorrect; to be mistaken,Godan
関与,かんよ,  participation; taking part in; participating in,Noun
関税,かんぜい,  tariff ; duty; customs,Noun
閲覧,えつらん,  inspection; reading ,Noun
闇,やみ,  darkness; the dark; dark ,Noun
防火,ぼうか,  fire prevention; fire fighting; fire proof,Noun
防衛,ぼうえい,  defense; defence; protection,Noun
阻む,はばむ,  to keep someone from doing; to stop; to prevent,Godan
阻止,そし,  obstruction; check; hindrance,Noun
降伏,こうふく,  capitulation; surrender; submission ,Noun
降水,こうすい,  rainfall; precipitation,Noun
限定,げんてい,  limit; restriction,Noun
除外,じょがい,  exception; exclusion,Noun
陳列,ちんれつ,  exhibition; display; putting on show,Noun
陶器,とうき,  porcelain ; china; chinaware,Noun
階,かい,  storey; story; floor  ,Noun
階層,かいそう,  class; level; stratum,Noun
階級,かいきゅう,   class; rank; grade,Noun
隔たる,へだたる,  to be distant ,Godan
隔週,かくしゅう,  every other week  かくしゅう: news1; nf2 隔週: news1; nf2,Adverbial
際,きわ,  edge; brink; verge,Noun
障る,さわる,  to be harmful to; to hinder; to interfere with,Godan
隠居,いんきょ,  retirement ,Noun
おす,おす,  male,Noun
雅致,がち,  artistry; good taste; elegance,Noun
集計,しゅうけい,  totalization; totalisation; aggregation,Noun
雇用,こよう,  employment ; hire ,Noun
めす,めす,  female,Noun
雑,ざつ,  rough; crude; sloppy,Naadjective
雑木,ぞうき,  various kinds of small trees; assorted trees ,Noun
雑談,ざつだん,  chatting; idle talk,Noun
ひよこ,ひよこ,  young bird; chick  ,Noun
難,なん,  difficulty; trouble; hardship ,Noun
難い,かたい,  difficult; hard,Iadjective
雨具,あまぐ,  rain gear,Noun
雨天,うてん,  rainy weather,Noun
雪崩,なだれ,  avalanche; snowslide,Noun
電源,でんげん,  source of electricity; electrical power ,Noun
電線,でんせん,  electric line; electric cable; power cable ,Noun
震わせる,ふるわせる,  to  quiver; to shake; to tremble,Ichidan
霰,あられ,  hail ; graupel  ,Noun
露,つゆ,  dew ,Noun
青春,せいしゅん,  youth; springtime of life; adolescent,Noun
静止,せいし,  stillness; repose; standing still ,Noun
静的,せいてき,  static,Naadjective
非,ひ,  fault; error; mistake ,Noun
非行,ひこう,  delinquency; misconduct,Noun
非難,ひなん,  criticism; blame; censure,Noun
面,おもて,  face ,Noun
面する,めんする,  to face on; to look out on to,Suru
面会,めんかい,  meeting ; interview,Noun
にきび,にきび,  pimple; acne  ,Noun
革命,かくめい,  revolution ,Noun
革新,かくしん,  reform; innovation,Noun
鞠,まり,  ball  ,Noun
頃,けい,  qing  ,Noun
預金,よきん,  deposit; bank account,Noun
頑丈,がんじょう,  solid; firm; stout,Naadjective
頑固,がんこ,  stubborn; obstinate; pigheaded,Naadjective
領土,りょうど,  dominion; territory; possession,Noun
領地,りょうち,  territory; dominion; grounds ,Noun
領海,りょうかい,  territorial waters,Noun
頻繁,ひんぱん,  frequent; incessant,Naadjective
頼み,たのみ,  request; favor; favour  ,Noun
あご,あご,  chin; jaw  ,Noun
顔つき,かおつき,   looks; features; face,Noun
願書,がんしょ,  written application or petition; application form,Noun
たぐい,たぐい,  kind; sort; type  ,Noun
類似,るいじ,  resemblance; similarity; analogous,Noun
類推,るいすい,  analogy  ,Noun
顧みる,かえりみる,  to look back ; to turn around ,Ichidan
風俗,ふうぞく,  manners; customs ,Noun
風土,ふうど,  natural features; topography; climate,Noun
かざぐるま,かざぐるま,  pinwheel ; windmill,Noun
さっと,さっと,  quickly,Adverb
食い違う,くいちがう,  to cross each other; to run counter to; to differ,Godan
飲み込む,のみこむ,  to gulp down; to swallow deeply ,Godan
飼育,しいく,  breeding; raising; rearing,Noun
飽和,ほうわ,  saturation  ,Noun
養う,やしなう,  to support; to maintain; to provide for,Godan
養成,ようせい,  training; development,Noun
養護,ようご,  nursing;  care  ようご: ichi 養護: ichi,Noun
館,かん,  house; hall; building,Noun
館,やかた,  mansion; small castle ,Noun
首輪,くびわ,   collar ,Noun
首飾り,くびかざり,  necklace; choker ,Noun
香辛料,こうしんりょう,  spices; condiment,Noun
ばかばかしい,ばかばかしい,  absurd; ridiculous; silly,Iadjective
馴らす,ならす,  to domesticate; to tame,Godan
馴れ馴れしい,なれなれしい,  over-familiar ,Iadjective
駄作,ださく,  poor piece of work; rubbish; trash,Noun
駆けっこ,かけっこ,   race; sprint ,Noun
駆ける,かける,  to run ; to dash ,Ichidan
駆け足,かけあし,  running fast; double time ,Noun
騒動,そうどう,  strife; riot; rebellion,Noun
驚き,おどろき,  surprise; astonishment; wonder,Noun
驚異,きょうい,  wonder; miracle; amazement,Noun
こつ,こつ,  knack; skill; trick,Noun
骨董品,こっとうひん,  curio; antique,Noun
高,たか,  quantity; amount; volume,Noun
高まる,たかまる,  to rise; to swell; to be promoted,Godan
高原,こうげん,  tableland; plateau,Noun
高尚,こうしょう,  high; noble; refined,Naadjective
魂,こん,  Yang energy; spirit ,Noun
鮮やか,あざやか,  vivid; bright; brilliant,Naadjective
鳥居,とりい,  torii; Shinto shrine archway,Noun
麻,あさ,  cannabis ; hemp  ,Noun
麻痺,まひ,  paralysis; palsy; numbness,Noun
麻酔,ますい,  anaesthesia; anesthesia ,Noun
黄金,おうごん,  gold ,Noun
黒字,くろじ,  balance  in the black,Noun
いびき,いびき,  snoring; snore  ,Noun
もたらす,もたらす,  to bring; to take; to bring about  ,Godan
