<div class='furi-hint'>ごーる</div>ゴール<div class='hint'>finish; goal; target</div>,ごーる,finish; goal; target,あの <ruby>角<rt>かど</rt></ruby>を <ruby>曲<rt>ま</rt></ruby>がるとゴールが <ruby>見<rt>み</rt></ruby>えてきます。,The goal comes into view when you turn that corner.,
<div class='furi-hint'>ひきおこす</div>引き起こす<div class='hint'>bring about; pull up</div>,ひきおこす,bring about; pull up,<ruby>彼<rt>かれ</rt></ruby>の <ruby>行動<rt>こうどう</rt></ruby>が <ruby>騒<rt>さわ</rt></ruby>ぎを <ruby>引き<ruby>起<rt>ひきお</rt></ruby>こした。,His behavior caused a commotion.,
<div class='furi-hint'>きりつ</div>起立<div class='hint'>rising; standing up</div>,きりつ,rising; standing up,<ruby>生徒<rt>せいと</rt></ruby>たちは <ruby>起立<rt>きりつ</rt></ruby>して <ruby>先生<rt>せんせい</rt></ruby>に <ruby>挨拶<rt>あいさつ</rt></ruby>した。,Students stood up and greeted the teacher.,
<div class='furi-hint'>あんせい</div>安静<div class='hint'>quiet; rest</div>,あんせい,quiet; rest,<ruby>熱<rt>ねつ</rt></ruby>があるので <ruby>安静<rt>あんせい</rt></ruby>にしてください。,You have a fever so please rest quietly.,
<div class='furi-hint'>せいし</div>静止<div class='hint'>standstill</div>,せいし,standstill,<ruby>車<rt>くるま</rt></ruby>は <ruby>静止<rt>せいし</rt></ruby>したまま <ruby>動<rt>うご</rt></ruby>かなかった。,The car was still and didn't move.,
<div class='furi-hint'>しゃりょう</div>車両<div class='hint'>rolling stock; vehicle</div>,しゃりょう,rolling stock; vehicle,<ruby>車両<rt>しゃりょう</rt></ruby>の <ruby>査定<rt>さてい</rt></ruby>が <ruby>終了<rt>しゅうりょう</rt></ruby>しました。,The assessment of the vehicle is finished.,
<div class='furi-hint'>りょうはし</div>両端<div class='hint'>both ends</div>,りょうはし,both ends,シーツの <ruby>両端<rt>りょうはし</rt></ruby>を <ruby>持<rt>も</rt></ruby>って <ruby>下<rt>くだ</rt></ruby>さい。,Please take both edges of the sheet.,
<div class='furi-hint'>だんぺん</div>断片<div class='hint'>fragment; piece</div>,だんぺん,fragment; piece,その <ruby>時<rt>とき</rt></ruby>の <ruby>記憶<rt>きおく</rt></ruby>が <ruby>断片<rt>だんぺん</rt></ruby> <ruby>的<rt>てき</rt></ruby>によみがえる。,My memory of that time is coming back bit by bit.,
<div class='furi-hint'>しんかん</div>新刊<div class='hint'>new publication</div>,しんかん,new publication,<ruby>新刊<rt>しんかん</rt></ruby>が <ruby>店頭<rt>てんとう</rt></ruby>に <ruby>並<rt>なら</rt></ruby>べられている。,The new publications are displayed in the shop.,
<div class='furi-hint'>かんこう</div>刊行<div class='hint'>publication</div>,かんこう,publication,その <ruby>雑誌<rt>ざっし</rt></ruby>は <ruby>本日<rt>ほんじつ</rt></ruby> <ruby>刊行<rt>かんこう</rt></ruby>されたばかりです。,The magazine was just published today.,
<div class='furi-hint'>にっかん</div>日刊<div class='hint'>published daily</div>,にっかん,published daily,このフリーペーパーは <ruby>日刊<rt>にっかん</rt></ruby>です。,This free paper comes out daily.,
<div class='furi-hint'>はん</div>版<div class='hint'>edition; impression</div>,はん,edition; impression,この <ruby>本<rt>ほん</rt></ruby>はとても <ruby>人気<rt>にんき</rt></ruby>があり <ruby>版<rt>ばん</rt></ruby>を <ruby>重<rt>かさ</rt></ruby>ねている。,This book is very popular; and has had several editions.,
<div class='furi-hint'>はんが</div>版画<div class='hint'>woodcut print</div>,はんが,woodcut print,<ruby>版画<rt>はんが</rt></ruby>の <ruby>展覧<rt>てんらん</rt></ruby> <ruby>会<rt>かい</rt></ruby>を <ruby>見<rt>み</rt></ruby>てきました。,I went to see the print exhibition.,
<div class='furi-hint'>めいさい</div>明細<div class='hint'>details; particulars</div>,めいさい,details; particulars,こちらが <ruby>給与<rt>きゅうよ</rt></ruby> <ruby>明細<rt>めいさい</rt></ruby>です。,This is a pay slip.,
<div class='furi-hint'>さいく</div>細工<div class='hint'>workmanship</div>,さいく,workmanship,この <ruby>棚<rt>たな</rt></ruby>にはとても <ruby>美<rt>うつく</rt></ruby>しい <ruby>細工<rt>ざいく</rt></ruby>がしてある。,Very beautiful work has been done on this shelf.,
<div class='furi-hint'>ささやか</div>細やか<div class='hint'>modest</div>,ささやか,modest,<ruby>私<rt>わたし</rt></ruby>たちはささやかなお <ruby>祝<rt>いわ</rt></ruby>いをした。,We had a modest celebration.,
<div class='furi-hint'>えっせい</div>エッセイ<div class='hint'>essay</div>,えっせい,essay,<ruby>彼女<rt>かのじょ</rt></ruby>はとてもよいエッセイを <ruby>書<rt>か</rt></ruby>く。,She writes really good essays.,
<div class='furi-hint'>かかげる</div>掲げる<div class='hint'>put up</div>,かかげる,put up,<ruby>国旗<rt>こっき</rt></ruby>を <ruby>掲<rt>かか</rt></ruby>げて <ruby>選手<rt>せんしゅ</rt></ruby> <ruby>団<rt>だん</rt></ruby>が <ruby>入場<rt>にゅうじょう</rt></ruby>しました。,The flag was raised and the players made their entry.,
<div class='furi-hint'>けいさい</div>掲載<div class='hint'>insertion; publication</div>,けいさい,insertion; publication,<ruby>雑誌<rt>ざっし</rt></ruby>に <ruby>店<rt>みせ</rt></ruby>の <ruby>広告<rt>こうこく</rt></ruby>が <ruby>掲載<rt>けいさい</rt></ruby>されました。,There was an advertisement for the shop in the magazine.,
<div class='furi-hint'>みつもり</div>見積もり<div class='hint'>assessment; estimate</div>,みつもり,assessment; estimate,この <ruby>車<rt>くるま</rt></ruby>の <ruby>見積<rt>みつ</rt></ruby>もりを <ruby>出<rt>だ</rt></ruby>してください。,Please give me an estimate on this car.,
<div class='furi-hint'>せきせつ</div>積雪<div class='hint'>snow</div>,せきせつ,snow,その <ruby>地方<rt>ちほう</rt></ruby>に 30センチの <ruby>積雪<rt>せきせつ</rt></ruby>があった。,There was a snowfall of 30 centimeters in that region.,
<div class='furi-hint'>ごさ</div>誤差<div class='hint'>aberration; error</div>,ごさ,aberration; error,この <ruby>時計<rt>とけい</rt></ruby>はほとんど <ruby>誤差<rt>ごさ</rt></ruby>がありません。,This clock is almost never wrong.,
<div class='furi-hint'>ごじ</div>誤字<div class='hint'>wrong character</div>,ごじ,wrong character,その <ruby>文章<rt>ぶんしょう</rt></ruby>には <ruby>誤字<rt>ごじ</rt></ruby>が <ruby>多<rt>おお</rt></ruby>すぎる。,There are a lot of mistakes in the sentences.,
<div class='furi-hint'>てんか</div>添加<div class='hint'>addition; additive</div>,てんか,addition; additive,<ruby>無<rt>む</rt></ruby> <ruby>添加<rt>てんか</rt></ruby>で <ruby>体<rt>からだ</rt></ruby>に <ruby>良<rt>よ</rt></ruby>いものを <ruby>食<rt>た</rt></ruby>べるようにしています。,I try to eat healthy food that doesn't contain additives.,
<div class='furi-hint'>つけ</div>付け<div class='hint'>account; bill</div>,つけ,account; bill,この <ruby>店<rt>みせ</rt></ruby>は <ruby>付<rt>つ</rt></ruby>けがきく。,I can get credit at that shop.,
<div class='furi-hint'>こうふ</div>交付<div class='hint'>delivery; issue</div>,こうふ,delivery; issue,パスポートの <ruby>交付<rt>こうふ</rt></ruby>には 1 <ruby>週間<rt>しゅうかん</rt></ruby>かかります。,It takes one week to deliver the passport.,
<div class='furi-hint'>てんぷ</div>添付<div class='hint'>appendix; attached item</div>,てんぷ,appendix; attached item,メールに <ruby>写真<rt>しゃしん</rt></ruby>を <ruby>添付<rt>てんぷ</rt></ruby>して <ruby>送<rt>おく</rt></ruby>ります。,I'll attach a photo to the email and send it.,
<div class='furi-hint'>そうふ</div>送付<div class='hint'>remittance; sending</div>,そうふ,remittance; sending,カードの <ruby>請求<rt>せいきゅう</rt></ruby> <ruby>書<rt>しょ</rt></ruby>が <ruby>送付<rt>そうふ</rt></ruby>されて <ruby>来<rt>き</rt></ruby>ました。,The credit card invoice was sent here.,
<div class='furi-hint'>ふか</div>付加<div class='hint'>addition; supplement</div>,ふか,addition; supplement,この <ruby>製品<rt>せいひん</rt></ruby>は <ruby>付加<rt>ふか</rt></ruby> <ruby>価値<rt>かち</rt></ruby>が <ruby>高<rt>たか</rt></ruby>い。,This is a high value-added product.,
<div class='furi-hint'>きふ</div>寄付<div class='hint'>contribution; donation</div>,きふ,contribution; donation,<ruby>恵<rt>めぐ</rt></ruby>まれない <ruby>子供<rt>こども</rt></ruby>たちにお <ruby>金<rt>かね</rt></ruby>を <ruby>寄付<rt>きふ</rt></ruby>しました。,I donated money to unprivileged children.,
<div class='furi-hint'>ふちゃく</div>付着<div class='hint'>adhesion; cohesion</div>,ふちゃく,adhesion; cohesion,ガードレールに <ruby>車<rt>くるま</rt></ruby>の <ruby>塗料<rt>とりょう</rt></ruby>が <ruby>付着<rt>ふちゃく</rt></ruby>している。,There is some paint from a car on the guard rail.,
<div class='furi-hint'>かーぺっと</div>カーペット<div class='hint'>carpet</div>,かーぺっと,carpet,<ruby>彼女<rt>かのじょ</rt></ruby>の <ruby>部屋<rt>へや</rt></ruby>のカーペットはブルーです。,The carpet in her room is blue.,
<div class='furi-hint'>はいぞく</div>配属<div class='hint'>assignment</div>,はいぞく,assignment,<ruby>彼<rt>かれ</rt></ruby>は <ruby>営業<rt>えいぎょう</rt></ruby> <ruby>部<rt>ぶ</rt></ruby>に <ruby>配属<rt>はいぞく</rt></ruby>された。,He was assigned to the sales department.,
<div class='furi-hint'>さくりゃく</div>策略<div class='hint'>artifice; stratagem</div>,さくりゃく,artifice; stratagem,<ruby>彼<rt>かれ</rt></ruby>の <ruby>策略<rt>さくりゃく</rt></ruby>は <ruby>成功<rt>せいこう</rt></ruby>した。,His strategy succeeded.,
<div class='furi-hint'>りゃくご</div>略語<div class='hint'>abbreviation</div>,りゃくご,abbreviation,ITは <ruby>略語<rt>りゃくご</rt></ruby>です。,IT is an abbreviation.,
<div class='furi-hint'>がいろん</div>概論<div class='hint'>outline</div>,がいろん,outline,<ruby>大学<rt>だいがく</rt></ruby>で <ruby>数学<rt>すうがく</rt></ruby> <ruby>概論<rt>がいろん</rt></ruby>の <ruby>講義<rt>こうぎ</rt></ruby>を <ruby>受<rt>う</rt></ruby>けた。,I heard a lecture on an introduction to mathematics at the university.,
<div class='furi-hint'>りねん</div>理念<div class='hint'>concept; idea</div>,りねん,concept; idea,あの <ruby>会社<rt>かいしゃ</rt></ruby>は <ruby>理念<rt>りねん</rt></ruby>が <ruby>明確<rt>めいかく</rt></ruby>だ。,That company's concept is clear.,
<div class='furi-hint'>だんねん</div>断念<div class='hint'>abandonment</div>,だんねん,abandonment,<ruby>悪天候<rt>あくてんこう</rt></ruby>のため <ruby>出発<rt>しゅっぱつ</rt></ruby>を <ruby>断念<rt>だんねん</rt></ruby>した。,The departure was abandoned due to bad weather.,
<div class='furi-hint'>ねんとう</div>念頭<div class='hint'>mind; thoughts</div>,ねんとう,mind; thoughts,<ruby>色々<rt>いろいろ</rt></ruby>なリスクを <ruby>念頭<rt>ねんとう</rt></ruby>に <ruby>置<rt>お</rt></ruby>いて <ruby>投資<rt>とうし</rt></ruby>をした。,I made the investment bearing in mind the various risks.,
<div class='furi-hint'>ねんがん</div>念願<div class='hint'>one's heart's desire</div>,ねんがん,one's heart's desire,<ruby>念願<rt>ねんがん</rt></ruby>のパリ <ruby>旅行<rt>りょこう</rt></ruby>に <ruby>行<rt>い</rt></ruby>ってきました。,I went on the trip of a lifetime to Paris.,
<div class='furi-hint'>せんねん</div>専念<div class='hint'>concentration</div>,せんねん,concentration,しばらくは <ruby>仕事<rt>しごと</rt></ruby>に <ruby>専念<rt>せんねん</rt></ruby>します。,I'll devote myself to work for a while.,
<div class='furi-hint'>かんねん</div>観念<div class='hint'>concept; idea</div>,かんねん,concept; idea,<ruby>二人<rt>ふたり</rt></ruby>の <ruby>時間<rt>じかん</rt></ruby>の <ruby>観念<rt>かんねん</rt></ruby>にはずれがある。,Those two people have very different concepts of time.,
<div class='furi-hint'>てじゅん</div>手順<div class='hint'>procedure; program</div>,てじゅん,procedure; program,<ruby>仕事<rt>しごと</rt></ruby>の <ruby>手順<rt>てじゅん</rt></ruby>を <ruby>説明<rt>せつめい</rt></ruby>します。,I will explain the work procedure.,
<div class='furi-hint'>ふじゅん</div>不順<div class='hint'>irregular; unseasonable</div>,ふじゅん,irregular; unseasonable,<ruby>天候<rt>てんこう</rt></ruby> <ruby>不順<rt>ふじゅん</rt></ruby>で <ruby>運動会<rt>うんどうかい</rt></ruby>は <ruby>中止<rt>ちゅうし</rt></ruby>になった。,The athletic meet has been canceled due to unseasonable weather.,
<div class='furi-hint'>ついでに</div>序でに<div class='hint'>on the way</div>,ついでに,on the way,ついでにクリーニング <ruby>屋<rt>や</rt></ruby>さんに <ruby>寄<rt>よ</rt></ruby>ってきて。,Drop by the cleaners on the way.,
<div class='furi-hint'>ぎゃっきょう</div>逆境<div class='hint'>adversity</div>,ぎゃっきょう,adversity,<ruby>彼<rt>かれ</rt></ruby>は <ruby>逆境<rt>ぎゃっきょう</rt></ruby>に <ruby>強<rt>つよ</rt></ruby>い <ruby>人<rt>ひと</rt></ruby>です。,He is strong in adversity.,
<div class='furi-hint'>ちゃんぴおん</div>チャンピオン<div class='hint'>champion; titleholder</div>,ちゃんぴおん,champion; titleholder,<ruby>彼<rt>かれ</rt></ruby>はライト <ruby>級<rt>きゅう</rt></ruby>のチャンピオンです。,He is the lightweight champion.,
<div class='furi-hint'>はんぎゃく</div>反逆<div class='hint'>rebellion; revolt</div>,はんぎゃく,rebellion; revolt,<ruby>彼<rt>かれ</rt></ruby>は <ruby>国家<rt>こっか</rt></ruby>に <ruby>反逆<rt>はんぎゃく</rt></ruby>した。,He rebelled against the government.,
<div class='furi-hint'>へいれつ</div>並列<div class='hint'>arrangement; row</div>,へいれつ,arrangement; row,その <ruby>二<rt>ふた</rt></ruby>つの <ruby>川<rt>かわ</rt></ruby>は <ruby>東西<rt>とうざい</rt></ruby>に <ruby>並列<rt>へいれつ</rt></ruby>している。,The two rivers flow from east to west; parallel to each other.,
<div class='furi-hint'>はいれつ</div>配列<div class='hint'>arrangement</div>,はいれつ,arrangement,このキーボードは <ruby>文字<rt>もじ</rt></ruby>の <ruby>配列<rt>はいれつ</rt></ruby>が <ruby>私<rt>わたし</rt></ruby>のと <ruby>違<rt>ちが</rt></ruby>う。,The layout of the characters on the keyboard is different from mine.,
<div class='furi-hint'>ちょくれつ</div>直列<div class='hint'>series</div>,ちょくれつ,series,<ruby>全<rt>すべ</rt></ruby>ての <ruby>惑星<rt>わくせい</rt></ruby>が <ruby>直列<rt>ちょくれつ</rt></ruby>することはめったにない。,It is very rare that all the planets are in line.,
<div class='furi-hint'>じょうれい</div>条例<div class='hint'>regulations; rules</div>,じょうれい,regulations; rules,そのような <ruby>迷惑<rt>めいわく</rt></ruby> <ruby>行為<rt>こうい</rt></ruby>は <ruby>条例<rt>じょうれい</rt></ruby>で <ruby>禁止<rt>きんし</rt></ruby>されています。,Such acts of disturbance are prohibited by law.,
<div class='furi-hint'>はんれい</div>判例<div class='hint'>precedent</div>,はんれい,precedent,この <ruby>件<rt>けん</rt></ruby>は <ruby>判例<rt>はんれい</rt></ruby>があります。,This matter has a judicial precedent.,
<div class='furi-hint'>せんれい</div>先例<div class='hint'>precedent</div>,せんれい,precedent,この <ruby>取り<ruby>組<rt>とりく</rt></ruby>みには <ruby>先例<rt>せんれい</rt></ruby>がありません。,There is no precedent for this approach.,
<div class='furi-hint'>よだん</div>余談<div class='hint'>digression</div>,よだん,digression,<ruby>余談<rt>よだん</rt></ruby>ですが <ruby>父<rt>ちち</rt></ruby>も <ruby>同<rt>おな</rt></ruby>じ <ruby>会社<rt>かいしゃ</rt></ruby>に <ruby>勤<rt>つと</rt></ruby>めていました。,By the way; my father worked at the same company.,
<div class='furi-hint'>ぜんと</div>前途<div class='hint'>distance yet to cover</div>,ぜんと,distance yet to cover,<ruby>彼<rt>かれ</rt></ruby>らの <ruby>前途<rt>ぜんと</rt></ruby>は <ruby>明<rt>あか</rt></ruby>るいです。,Their future is bright.,
<div class='furi-hint'>とじょう</div>途上<div class='hint'>en route; on the way</div>,とじょう,en route; on the way,あの <ruby>国<rt>くに</rt></ruby>はまだ <ruby>経済<rt>けいざい</rt></ruby> <ruby>発展<rt>はってん</rt></ruby>の <ruby>途上<rt>とじょう</rt></ruby>にあります。,That country is still on the way to economic development.,
<div class='furi-hint'>かいじょ</div>解除<div class='hint'>cancellation; release</div>,かいじょ,cancellation; release,<ruby>大雨<rt>おおあめ</rt></ruby> <ruby>注意報<rt>ちゅういほう</rt></ruby>が <ruby>解除<rt>かいじょ</rt></ruby>されました。,The heavy rain warning was cancelled.,
<div class='furi-hint'>はいじょ</div>排除<div class='hint'>exclusion; removal</div>,はいじょ,exclusion; removal,<ruby>市<rt>し</rt></ruby>は <ruby>暴力団<rt>ぼうりょくだん</rt></ruby>を <ruby>排除<rt>はいじょ</rt></ruby>しようとしている。,The city is trying to eradicate organized crime gangs.,
<div class='furi-hint'>じょがい</div>除外<div class='hint'>exception; exclusion</div>,じょがい,exception; exclusion,<ruby>条件<rt>じょうけん</rt></ruby>を <ruby>満<rt>み</rt></ruby>たさない <ruby>応募<rt>おうぼ</rt></ruby>は <ruby>選考<rt>せんこう</rt></ruby>から <ruby>除外<rt>じょがい</rt></ruby>されます。,An application which does not fulfill the conditions is excluded from the selection.,
<div class='furi-hint'>とりのぞく</div>取り除く<div class='hint'>get rid of; remove</div>,とりのぞく,get rid of; remove,<ruby>医者<rt>いしゃ</rt></ruby>が <ruby>痛<rt>いた</rt></ruby>みを <ruby>取り<ruby>除<rt>とりのぞ</rt></ruby>いてくれた。,The doctor relieved the pain for me.,
<div class='furi-hint'>ぱんふれっと</div>パンフレット<div class='hint'>pamphlet</div>,ぱんふれっと,pamphlet,<ruby>海外<rt>かいがい</rt></ruby> <ruby>旅行<rt>りょこう</rt></ruby>のパンフレットをもらって <ruby>来<rt>き</rt></ruby>た。,I got a pamphlet about traveling abroad.,
<div class='furi-hint'>かじょう</div>過剰<div class='hint'>excess; surplus</div>,かじょう,excess; surplus,<ruby>過剰<rt>かじょう</rt></ruby>な <ruby>包装<rt>ほうそう</rt></ruby>は <ruby>資源<rt>しげん</rt></ruby>の <ruby>無駄遣<rt>むだづか</rt></ruby>いです。,Excessive wrapping is a waste of resources.,
<div class='furi-hint'>そくざ</div>即座<div class='hint'>immediately</div>,そくざ,immediately,<ruby>彼女<rt>かのじょ</rt></ruby>にメールを <ruby>出<rt>だ</rt></ruby>すと <ruby>即座<rt>そくざ</rt></ruby>に <ruby>返信<rt>へんしん</rt></ruby>が <ruby>来<rt>き</rt></ruby>ます。,If I send her an email; the reply comes immediately.,
<div class='furi-hint'>そくせき</div>即席<div class='hint'>impromptu; improvised</div>,そくせき,impromptu; improvised,<ruby>即席<rt>そくせき</rt></ruby>のスピーチを <ruby>頼<rt>たの</rt></ruby>まれた。,I was asked to improvise a speech.,
<div class='furi-hint'>とりしまりやく</div>取締役<div class='hint'>director</div>,とりしまりやく,director,<ruby>彼<rt>かれ</rt></ruby>はわが <ruby>社<rt>しゃ</rt></ruby>の <ruby>取締役<rt>とりしまりやく</rt></ruby>です。,He is the director of our company.,
<div class='furi-hint'>ひきしめ</div>引き締め<div class='hint'>tightening</div>,ひきしめ,tightening,わが <ruby>社<rt>しゃ</rt></ruby>は <ruby>予算<rt>よさん</rt></ruby>の <ruby>引き<ruby>締<rt>ひきし</rt></ruby>めが <ruby>必要<rt>ひつよう</rt></ruby>です。,We need to tighten the budget at our company.,
<div class='furi-hint'>かんわ</div>緩和<div class='hint'>relaxation; relief</div>,かんわ,relaxation; relief,クッションが <ruby>腰<rt>こし</rt></ruby>の <ruby>痛<rt>いた</rt></ruby>みを <ruby>緩和<rt>かんわ</rt></ruby>してくれた。,The cushion eases the pain in my back.,
<div class='furi-hint'>みえ</div>見栄<div class='hint'>vanity</div>,みえ,vanity,<ruby>彼<rt>かれ</rt></ruby>は <ruby>見栄<rt>みえ</rt></ruby>で <ruby>外車<rt>がいしゃ</rt></ruby>を <ruby>買<rt>か</rt></ruby>った。,He bought a nice-looking foreign-made car.,
<div class='furi-hint'>えいこう</div>栄光<div class='hint'>glory</div>,えいこう,glory,<ruby>彼<rt>かれ</rt></ruby>は <ruby>過去<rt>かこ</rt></ruby>の <ruby>栄光<rt>えいこう</rt></ruby>にすがっている。,He is clinging to a past glory.,
<div class='furi-hint'>ようせい</div>養成<div class='hint'>education; training</div>,ようせい,education; training,その <ruby>学校<rt>がっこう</rt></ruby>ではプログラマーを <ruby>養成<rt>ようせい</rt></ruby>している。,They train programmers at that school.,
<div class='furi-hint'>ようし</div>養子<div class='hint'>foster child</div>,ようし,foster child,その <ruby>夫婦<rt>ふうふ</rt></ruby>は <ruby>養子<rt>ようし</rt></ruby>を <ruby>取<rt>と</rt></ruby>った。,The married couple adopted a son.,
<div class='furi-hint'>とみ</div>富<div class='hint'>riches; wealth</div>,とみ,riches; wealth,<ruby>彼<rt>かれ</rt></ruby>は <ruby>株<rt>かぶ</rt></ruby>で <ruby>巨万<rt>きょまん</rt></ruby>の <ruby>富<rt>とみ</rt></ruby>を <ruby>手<rt>て</rt></ruby>に <ruby>入<rt>い</rt></ruby>れた。,He amassed an enormous fortune from stocks.,
<div class='furi-hint'>ふくさよう</div>副作用<div class='hint'>reaction; side-effect</div>,ふくさよう,reaction; side-effect,<ruby>薬<rt>くすり</rt></ruby>の <ruby>副作用<rt>ふくさよう</rt></ruby>で <ruby>少<rt>すこ</rt></ruby>し <ruby>眠<rt>ねむ</rt></ruby>いです。,I'm a little sleepy due to the side effects of the medicine.,
<div class='furi-hint'>くのう</div>苦悩<div class='hint'>distress; suffering</div>,くのう,distress; suffering,<ruby>彼<rt>かれ</rt></ruby>の <ruby>苦悩<rt>くのう</rt></ruby>を <ruby>誰<rt>だれ</rt></ruby>も <ruby>理解<rt>りかい</rt></ruby>しなかった。,No one understood his suffering.,
<div class='furi-hint'>にがみ</div>苦味<div class='hint'>bitter taste</div>,にがみ,bitter taste,<ruby>薬<rt>くすり</rt></ruby>の <ruby>苦味<rt>にがみ</rt></ruby>が <ruby>舌<rt>した</rt></ruby>に <ruby>残<rt>のこ</rt></ruby>っています。,I can still taste the bitterness of the medicine on my tongue.,
<div class='furi-hint'>まくろ</div>マクロ<div class='hint'>macro</div>,まくろ,macro,<ruby>彼<rt>かれ</rt></ruby>はいつもマクロの <ruby>視点<rt>してん</rt></ruby>で <ruby>話<rt>はな</rt></ruby>す。,He always looks at the bigger picture when he talks.,
<div class='furi-hint'>ひんこん</div>貧困<div class='hint'>lack; poverty</div>,ひんこん,lack; poverty,<ruby>彼<rt>かれ</rt></ruby>らは <ruby>貧困<rt>ひんこん</rt></ruby>に <ruby>苦<rt>くる</rt></ruby>しんでいる。,They suffer from poverty.,
<div class='furi-hint'>あまみ</div>甘味<div class='hint'>sweetness</div>,あまみ,sweetness,このぶどうは <ruby>甘味<rt>あまみ</rt></ruby>があって <ruby>美味<rt>おい</rt></ruby>しい。,This grape is sweet and delicious.,
<div class='furi-hint'>からくち</div>辛口<div class='hint'>spiciness</div>,からくち,spiciness,カレーライスは <ruby>辛口<rt>からくち</rt></ruby>が <ruby>好<rt>す</rt></ruby>きです。,I like my curry and rice spicy.,
<div class='furi-hint'>えんぶん</div>塩分<div class='hint'>salinity</div>,えんぶん,salinity,<ruby>塩分<rt>えんぶん</rt></ruby>は <ruby>控<rt>ひか</rt></ruby>えめにしています。,I'm trying to reduce my salt intake.,
<div class='furi-hint'>ばくぜんと</div>漠然と<div class='hint'>vaguely</div>,ばくぜんと,vaguely,<ruby>自分<rt>じぶん</rt></ruby>の <ruby>将来<rt>しょうらい</rt></ruby>について <ruby>漠然<rt>ばくぜん</rt></ruby>と <ruby>考<rt>かんが</rt></ruby>えた。,I vaguely thought about my future.,
<div class='furi-hint'>もけい</div>模型<div class='hint'>model; pattern</div>,もけい,model; pattern,<ruby>彼<rt>かれ</rt></ruby>は <ruby>船<rt>ふね</rt></ruby>の <ruby>模型<rt>もけい</rt></ruby>を <ruby>作<rt>つく</rt></ruby>るのが <ruby>趣味<rt>しゅみ</rt></ruby>です。,His hobby is making model ships.,
<div class='furi-hint'>のうりん</div>農林<div class='hint'>agriculture and forestry</div>,のうりん,agriculture and forestry,この <ruby>地域<rt>ちいき</rt></ruby>は <ruby>農林<rt>のうりん</rt></ruby> <ruby>業<rt>ぎょう</rt></ruby>が <ruby>盛<rt>さか</rt></ruby>んだ。,The agriculture and forestry industry in this region are productive.,
<div class='furi-hint'>のうじょう</div>農場<div class='hint'>farm</div>,のうじょう,farm,<ruby>今<rt>いま</rt></ruby>は <ruby>農場<rt>のうじょう</rt></ruby>で <ruby>働<rt>はたら</rt></ruby>いています。,I work at the farm now.,
<div class='furi-hint'>のうち</div>農地<div class='hint'>farming land; farmland</div>,のうち,farming land; farmland,<ruby>彼<rt>かれ</rt></ruby>は <ruby>広大<rt>こうだい</rt></ruby>な <ruby>農地<rt>のうち</rt></ruby>を <ruby>持<rt>も</rt></ruby>っています。,He owns vast farmland.,
<div class='furi-hint'>のうきょう</div>農協<div class='hint'>agricultural cooperative</div>,のうきょう,agricultural cooperative,<ruby>彼<rt>かれ</rt></ruby>は <ruby>農協<rt>のうきょう</rt></ruby>で <ruby>働<rt>はたら</rt></ruby>いています。,He works for the agricultural co-op.,
<div class='furi-hint'>りょう</div>漁<div class='hint'>fishery; fishing</div>,りょう,fishery; fishing,<ruby>今日<rt>きょう</rt></ruby>はまぐろが <ruby>大漁<rt>たいりょう</rt></ruby>だ。,Today tuna is a good catch.,
<div class='furi-hint'>ぎょせん</div>漁船<div class='hint'>fishing boat</div>,ぎょせん,fishing boat,<ruby>父<rt>ちち</rt></ruby>はマグロ <ruby>漁船<rt>ぎょせん</rt></ruby>に <ruby>乗<rt>の</rt></ruby>っている。,My father goes out on tuna fishing boats.,
<div class='furi-hint'>はくじゃく</div>薄弱<div class='hint'>feeble; weak</div>,はくじゃく,feeble; weak,<ruby>彼<rt>かれ</rt></ruby>は <ruby>意志<rt>いし</rt></ruby>が <ruby>薄弱<rt>はくじゃく</rt></ruby>です。,His will is weak.,
<div class='furi-hint'>こうせい</div>厚生<div class='hint'>public welfare</div>,こうせい,public welfare,<ruby>会社<rt>かいしゃ</rt></ruby> <ruby>勤<rt>づと</rt></ruby>めをしている <ruby>人<rt>ひと</rt></ruby>は <ruby>厚生<rt>こうせい</rt></ruby> <ruby>年金<rt>ねんきん</rt></ruby>に <ruby>入<rt>はい</rt></ruby>っている。,Employees are able to join the pension plan.,
<div class='furi-hint'>すぷれー</div>スプレー<div class='hint'>atomizer; spray</div>,すぷれー,atomizer; spray,このヘアースプレーは <ruby>香<rt>かお</rt></ruby>りがいい。,This hairspray smells nice.,
<div class='furi-hint'>のうこう</div>濃厚<div class='hint'>dense; rich; thick</div>,のうこう,dense; rich; thick,<ruby>彼<rt>かれ</rt></ruby>の <ruby>勝利<rt>しょうり</rt></ruby>は <ruby>濃厚<rt>のうこう</rt></ruby>です。,His victory is resounding.,
<div class='furi-hint'>でんあつ</div>電圧<div class='hint'>voltage</div>,でんあつ,voltage,アメリカと <ruby>日本<rt>にほん</rt></ruby>の <ruby>電圧<rt>でんあつ</rt></ruby>は <ruby>違<rt>ちが</rt></ruby>います。,The voltage is different in the United States and Japan.,
<div class='furi-hint'>はくりょく</div>迫力<div class='hint'>force; power; punch</div>,はくりょく,force; power; punch,この <ruby>映画<rt>えいが</rt></ruby>は <ruby>大<rt>だい</rt></ruby> <ruby>画面<rt>がめん</rt></ruby>で <ruby>見<rt>み</rt></ruby>ると <ruby>迫力<rt>はくりょく</rt></ruby>があります。,When this movie is shown on a large screen; it has impact.,
<div class='furi-hint'>はくがい</div>迫害<div class='hint'>persecution</div>,はくがい,persecution,<ruby>彼<rt>かれ</rt></ruby>らは <ruby>人種<rt>じんしゅ</rt></ruby>のせいで <ruby>迫害<rt>はくがい</rt></ruby>された。,They were persecuted because of their ethnicity.,
<div class='furi-hint'>あっぱく</div>圧迫<div class='hint'>oppress; press</div>,あっぱく,oppress; press,<ruby>胸<rt>むね</rt></ruby>が <ruby>圧迫<rt>あっぱく</rt></ruby>されて <ruby>苦<rt>くる</rt></ruby>しい。,My chest is tight and painful.,
<div class='furi-hint'>あっしゅく</div>圧縮<div class='hint'>compression</div>,あっしゅく,compression,そのファイルは <ruby>圧縮<rt>あっしゅく</rt></ruby>して <ruby>送<rt>おく</rt></ruby>ってください。,Please compress the file and send it.,
<div class='furi-hint'>のうしゅく</div>濃縮<div class='hint'>concentration</div>,のうしゅく,concentration,オレンジの <ruby>濃縮<rt>のうしゅく</rt></ruby>ジュースを <ruby>買<rt>か</rt></ruby>ってきました。,I bought some concentrated orange juice.,
<div class='furi-hint'>のび</div>伸び<div class='hint'>growth; stretching</div>,のび,growth; stretching,<ruby>売り<ruby>上<rt>うりあ</rt></ruby>げの <ruby>伸<rt>の</rt></ruby>びが <ruby>予想<rt>よそう</rt></ruby>されている。,Increased sales are expected.,
<div class='furi-hint'>ばいりつ</div>倍率<div class='hint'>magnification; rate of competition</div>,ばいりつ,magnification; rate of competition,<ruby>入学<rt>にゅうがく</rt></ruby> <ruby>試験<rt>しけん</rt></ruby>の <ruby>倍率<rt>ばいりつ</rt></ruby>は 10 <ruby>倍<rt>ばい</rt></ruby>だった。,Only one in ten test takers passed the entrance exam.,
<div class='furi-hint'>ばいぞう</div>倍増<div class='hint'>doubling; redoubling</div>,ばいぞう,doubling; redoubling,<ruby>最近<rt>さいきん</rt></ruby>ネットカフェの <ruby>利用<rt>りよう</rt></ruby> <ruby>者<rt>しゃ</rt></ruby>が <ruby>倍増<rt>ばいぞう</rt></ruby>した。,Net cafe users have doubled recently.,
<div class='furi-hint'>ちょうえつ</div>超越<div class='hint'>transcending</div>,ちょうえつ,transcending,<ruby>彼<rt>かれ</rt></ruby>の <ruby>理論<rt>りろん</rt></ruby>は <ruby>時代<rt>じだい</rt></ruby>を <ruby>超越<rt>ちょうえつ</rt></ruby>していた。,His theory stood the test of time.,
<div class='furi-hint'>しょうしん</div>昇進<div class='hint'>advancement; promotion</div>,しょうしん,advancement; promotion,<ruby>彼<rt>かれ</rt></ruby>は <ruby>部長<rt>ぶちょう</rt></ruby>に <ruby>昇進<rt>しょうしん</rt></ruby>した。,He was promoted to director.,
<div class='furi-hint'>ぼうだい</div>膨大<div class='hint'>expansion; swelling</div>,ぼうだい,expansion; swelling,その <ruby>図書館<rt>としょかん</rt></ruby>には <ruby>戦争<rt>せんそう</rt></ruby>に <ruby>関<rt>かん</rt></ruby>する <ruby>膨大<rt>ぼうだい</rt></ruby>な <ruby>資料<rt>しりょう</rt></ruby>が <ruby>残<rt>のこ</rt></ruby>っている。,In that library; there is a lot of material pertaining to the war.,
<div class='furi-hint'>らくさつ</div>落札<div class='hint'>successful bid</div>,らくさつ,successful bid,ネットオークションで <ruby>腕時計<rt>うでどけい</rt></ruby>を <ruby>落札<rt>らくさつ</rt></ruby>した。,I bid successfully in an online auction for a watch.,
ずれ<div class='hint'></div>,ずれ,,<ruby>二 <ruby>社<rt>しゃ</rt></ruby> <ruby>間<rt>かん</rt></ruby>の <ruby>解釈<rt>かいしゃく</rt></ruby>にずれが <ruby>生<rt>しょう</rt></ruby>じているようだ。,There seems to be a difference in interpretation between the two companies.,
<div class='furi-hint'>にゅうさつ</div>入札<div class='hint'>bid; tender</div>,にゅうさつ,bid; tender,<ruby>今回<rt>こんかい</rt></ruby>は <ruby>入札<rt>にゅうさつ</rt></ruby>が 1 <ruby>件<rt>けん</rt></ruby>しかありませんでした。,There was only one tender on this occasion.,
<div class='furi-hint'>れいきん</div>礼金<div class='hint'>fee; reward</div>,れいきん,fee; reward,<ruby>不動産<rt>ふどうさん</rt></ruby> <ruby>屋<rt>や</rt></ruby>に <ruby>礼金<rt>れいきん</rt></ruby>を <ruby>払<rt>はら</rt></ruby>いました。,I paid a fee to the real estate agent.,
<div class='furi-hint'>れいふく</div>礼服<div class='hint'>formal dress</div>,れいふく,formal dress,<ruby>結婚式<rt>けっこんしき</rt></ruby>に <ruby>礼服<rt>れいふく</rt></ruby>で <ruby>出席<rt>しゅっせき</rt></ruby>した。,I attended the wedding in formal dress.,
<div class='furi-hint'>しゃざい</div>謝罪<div class='hint'>apology</div>,しゃざい,apology,その <ruby>政治<rt>せいじ</rt></ruby> <ruby>家<rt>か</rt></ruby>は <ruby>記者<rt>きしゃ</rt></ruby> <ruby>会見<rt>かいけん</rt></ruby>で <ruby>謝罪<rt>しゃざい</rt></ruby>した。,The politician apologized at a press conference.,
<div class='furi-hint'>とうしゃ</div>投射<div class='hint'>incidence; projection</div>,とうしゃ,incidence; projection,<ruby>白<rt>しろ</rt></ruby>い <ruby>壁<rt>かべ</rt></ruby>に <ruby>画像<rt>がぞう</rt></ruby>を <ruby>投射<rt>とうしゃ</rt></ruby>した。,The image was projected onto a white wall.,
<div class='furi-hint'>こうてい</div>工程<div class='hint'>process of manufacture</div>,こうてい,process of manufacture,<ruby>作業<rt>さぎょう</rt></ruby>の <ruby>工程<rt>こうてい</rt></ruby>について <ruby>説明<rt>せつめい</rt></ruby>を <ruby>聞<rt>き</rt></ruby>いた。,We were given an explanation of the work processes.,
<div class='furi-hint'>ほうていしき</div>方程式<div class='hint'>equation</div>,ほうていしき,equation,<ruby>新<rt>あたら</rt></ruby>しい <ruby>方程式<rt>ほうていしき</rt></ruby>を <ruby>習<rt>なら</rt></ruby>いました。,I learnt a new equation.,
<div class='furi-hint'>ゆうせん</div>優先<div class='hint'>preference; priority</div>,ゆうせん,preference; priority,<ruby>彼<rt>かれ</rt></ruby>は <ruby>仕事<rt>しごと</rt></ruby>より <ruby>私生活<rt>しせいかつ</rt></ruby>を <ruby>優先<rt>ゆうせん</rt></ruby>します。,He puts his private life before his work.,
<div class='furi-hint'>しゅうさい</div>秀才<div class='hint'>genius</div>,しゅうさい,genius,<ruby>彼<rt>かれ</rt></ruby>はなかなかの <ruby>秀才<rt>しゅうさい</rt></ruby>です。,He is a very talented man.,
<div class='furi-hint'>ふとうめい</div>不透明<div class='hint'>opaque</div>,ふとうめい,opaque,あの <ruby>国<rt>くに</rt></ruby>の <ruby>政治<rt>せいじ</rt></ruby>は <ruby>不透明<rt>ふとうめい</rt></ruby>です。,The politics of that country are not transparent.,
<div class='furi-hint'>ゆうどう</div>誘導<div class='hint'>guidance; induction</div>,ゆうどう,guidance; induction,<ruby>係員<rt>かかりいん</rt></ruby>が <ruby>駐車<rt>ちゅうしゃ</rt></ruby> <ruby>場<rt>じょう</rt></ruby>まで <ruby>誘導<rt>ゆうどう</rt></ruby>してくれた。,The clerk in charge guided me to the parking lot.,
<div class='furi-hint'>たいぼう</div>待望<div class='hint'>hoped-for; long-awaited</div>,たいぼう,hoped-for; long-awaited,<ruby>待望<rt>たいぼう</rt></ruby>の <ruby>赤<rt>あか</rt></ruby>ちゃんが <ruby>生<rt>う</rt></ruby>まれた。,The long-awaited baby was born.,
<div class='furi-hint'>がんぼう</div>願望<div class='hint'>desire; wish</div>,がんぼう,desire; wish,<ruby>私<rt>わたし</rt></ruby>には <ruby>自然<rt>しぜん</rt></ruby>の <ruby>中<rt>なか</rt></ruby>で <ruby>暮<rt>く</rt></ruby>らしたいという <ruby>強<rt>つよ</rt></ruby>い <ruby>願望<rt>がんぼう</rt></ruby>があった。,I had a strong desire to live in the countryside.,
<div class='furi-hint'>こころざし</div>志<div class='hint'>ambition; will</div>,こころざし,ambition; will,<ruby>彼女<rt>かのじょ</rt></ruby>は <ruby>高<rt>たか</rt></ruby>い <ruby>志<rt>こころざし</rt></ruby>を <ruby>持<rt>も</rt></ruby>っている。,She has a strong will.,
<div class='furi-hint'>どうし</div>同志<div class='hint'>comrade</div>,どうし,comrade,<ruby>反対<rt>はんたい</rt></ruby> <ruby>運動<rt>うんどう</rt></ruby>のために <ruby>同志<rt>どうし</rt></ruby>を <ruby>集<rt>あつ</rt></ruby>めています。,We are gathering like-minded people for the protest campaign.,
<div class='furi-hint'>りもこん</div>リモコン<div class='hint'>remote-control</div>,りもこん,remote-control,テレビのリモコンを <ruby>取<rt>と</rt></ruby>ってください。,Please pass me the TV remote.,
<div class='furi-hint'>つとめて</div>努めて<div class='hint'>with effort</div>,つとめて,with effort,<ruby>彼<rt>かれ</rt></ruby>は <ruby>努<rt>つと</rt></ruby>めて <ruby>平静<rt>へいせい</rt></ruby>を <ruby>装<rt>よそお</rt></ruby>った。,He tried as hard as he could to appear calm.,
<div class='furi-hint'>どくじ</div>独自<div class='hint'>original; personal</div>,どくじ,original; personal,あの <ruby>会社<rt>かいしゃ</rt></ruby>は <ruby>独自<rt>どくじ</rt></ruby>の <ruby>方法<rt>ほうほう</rt></ruby>で <ruby>商売<rt>しょうばい</rt></ruby>をしている。,That company does business by a unique method.,
<div class='furi-hint'>どくだん</div>独断<div class='hint'>dogmatism</div>,どくだん,dogmatism,<ruby>彼<rt>かれ</rt></ruby>は <ruby>何<rt>なん</rt></ruby>でも <ruby>独断<rt>どくだん</rt></ruby>で <ruby>決<rt>き</rt></ruby>めてしまいます。,He decides everything by himself.,
<div class='furi-hint'>こま</div>独楽<div class='hint'>top</div>,こま,top,うちの <ruby>祖母<rt>そぼ</rt></ruby>はこま <ruby>回<rt>まわ</rt></ruby>しが <ruby>得意<rt>とくい</rt></ruby>だ。,Our grandmother is good at spinning tops.,
<div class='furi-hint'>どくがく</div>独学<div class='hint'>self-study</div>,どくがく,self-study,<ruby>私<rt>わたし</rt></ruby>は <ruby>独学<rt>どくがく</rt></ruby>でピアノを <ruby>覚<rt>おぼ</rt></ruby>えました。,I taught myself the piano.,
<div class='furi-hint'>しんたい</div>身体<div class='hint'>body</div>,しんたい,body,<ruby>健康<rt>けんこう</rt></ruby>な <ruby>身体<rt>しんたい</rt></ruby>には <ruby>健全<rt>けんぜん</rt></ruby>な <ruby>精神<rt>せいしん</rt></ruby>が <ruby>宿<rt>やど</rt></ruby>る。,A sound mind in a sound body.,
<div class='furi-hint'>みぶん</div>身分<div class='hint'>social position</div>,みぶん,social position,<ruby>彼<rt>かれ</rt></ruby>は <ruby>身分<rt>みぶん</rt></ruby>の <ruby>高<rt>たか</rt></ruby>い <ruby>人<rt>ひと</rt></ruby>です。,He is a man of high social standing.,
<div class='furi-hint'>へんしん</div>変身<div class='hint'>transformation</div>,へんしん,transformation,<ruby>彼女<rt>かのじょ</rt></ruby>は <ruby>大人<rt>おとな</rt></ruby>の <ruby>女性<rt>じょせい</rt></ruby>に <ruby>変身<rt>へんしん</rt></ruby>した。,She has become a fully-grown woman.,
<div class='furi-hint'>かはんしん</div>下半身<div class='hint'>lower half of one's body</div>,かはんしん,lower half of one's body,<ruby>私<rt>わたし</rt></ruby>は <ruby>下半身<rt>かはんしん</rt></ruby>が <ruby>太<rt>ふと</rt></ruby>りやすい。,I easily gain weight in my lower body area.,
<div class='furi-hint'>みうち</div>身内<div class='hint'>relations; relative</div>,みうち,relations; relative,<ruby>身内<rt>みうち</rt></ruby>だけでウェディングパーティーをした。,We held a wedding party for relatives only.,
<div class='furi-hint'>はんしん</div>半身<div class='hint'>half the body</div>,はんしん,half the body,<ruby>最近<rt>さいきん</rt></ruby> <ruby>彼女<rt>かのじょ</rt></ruby>は <ruby>健康<rt>けんこう</rt></ruby>のために <ruby>半身<rt>はんしん</rt></ruby> <ruby>浴<rt>よく</rt></ruby>を <ruby>始<rt>はじ</rt></ruby>めた。,Recently; she started immersing just the lower half of her body in the bath to improve her health.,
<div class='furi-hint'>じょうはんしん</div>上半身<div class='hint'>upper part of the body</div>,じょうはんしん,upper part of the body,<ruby>上半身<rt>じょうはんしん</rt></ruby>だけ <ruby>日焼<rt>ひや</rt></ruby>けしてしまいました。,I got sunburnt just on my upper body.,
<div class='furi-hint'>うらない</div>占い<div class='hint'>divination; fortunetelling</div>,うらない,divination; fortunetelling,<ruby>彼女<rt>かのじょ</rt></ruby>は <ruby>占<rt>うらな</rt></ruby>いが <ruby>好<rt>す</rt></ruby>きでたまに <ruby>見<rt>み</rt></ruby>てもらう。,She likes fortune telling; so she occasionally goes to have her fortune told.,
<div class='furi-hint'>せんりょう</div>占領<div class='hint'>occupation</div>,せんりょう,occupation,<ruby>街<rt>まち</rt></ruby>は <ruby>軍<rt>ぐん</rt></ruby>に <ruby>占領<rt>せんりょう</rt></ruby>された。,The town was occupied by the army.,
<div class='furi-hint'>ばれえ</div>バレエ<div class='hint'>ballet</div>,ばれえ,ballet,<ruby>娘<rt>むすめ</rt></ruby>はバレエを <ruby>習<rt>なら</rt></ruby>っています。,My daughter is learning ballet.,
<div class='furi-hint'>しょぶん</div>処分<div class='hint'>disposal; punishment</div>,しょぶん,disposal; punishment,<ruby>要<rt>い</rt></ruby>らなくなった <ruby>服<rt>ふく</rt></ruby>を <ruby>処分<rt>しょぶん</rt></ruby>しました。,I got rid of unwanted clothes.,
<div class='furi-hint'>たいしょ</div>対処<div class='hint'>coping; dealing</div>,たいしょ,coping; dealing,<ruby>今<rt>いま</rt></ruby>すぐに <ruby>対処<rt>たいしょ</rt></ruby> <ruby>致<rt>いた</rt></ruby>します。,I will deal with it right now.,
<div class='furi-hint'>しょち</div>処置<div class='hint'>disposal; measure</div>,しょち,disposal; measure,<ruby>医者<rt>いしゃ</rt></ruby>の <ruby>適切<rt>てきせつ</rt></ruby>な <ruby>処置<rt>しょち</rt></ruby>のお <ruby>陰<rt>かげ</rt></ruby>で <ruby>回復<rt>かいふく</rt></ruby>が <ruby>早<rt>はや</rt></ruby>かった。,Recovery was quick thanks to the expedient care of the doctor.,
<div class='furi-hint'>しょじょ</div>処女<div class='hint'>first; virgin</div>,しょじょ,first; virgin,<ruby>彼<rt>かれ</rt></ruby>の <ruby>処女<rt>しょじょ</rt></ruby> <ruby>作品<rt>さくひん</rt></ruby>が <ruby>出版<rt>しゅっぱん</rt></ruby>された。,His first work was published.,
<div class='furi-hint'>ちゅうかい</div>仲介<div class='hint'>agent; mediation</div>,ちゅうかい,agent; mediation,その <ruby>会社<rt>かいしゃ</rt></ruby>は <ruby>転職<rt>てんしょく</rt></ruby>の <ruby>仲介<rt>ちゅうかい</rt></ruby>をしている。,The company is an agent for changing careers.,
<div class='furi-hint'>さんしょう</div>参照<div class='hint'>comparison; reference</div>,さんしょう,comparison; reference,<ruby>詳細<rt>しょうさい</rt></ruby>は 58ページを <ruby>参照<rt>さんしょう</rt></ruby>して <ruby>下<rt>くだ</rt></ruby>さい。,Please refer to page 58 for details.,
<div class='furi-hint'>しょうかい</div>照会<div class='hint'>application for information</div>,しょうかい,application for information,ただいまシステムに <ruby>照会<rt>しょうかい</rt></ruby>しています。,We are connecting to the system now.,
<div class='furi-hint'>たいしょう</div>対照<div class='hint'>contrast</div>,たいしょう,contrast,3つの <ruby>商品<rt>しょうひん</rt></ruby>を <ruby>比較<rt>ひかく</rt></ruby> <ruby>対照<rt>たいしょう</rt></ruby>してみました。,We compared and contrasted three products.,
<div class='furi-hint'>ふじょ</div>婦女<div class='hint'>the fair sex; woman</div>,ふじょ,the fair sex; woman,その <ruby>法律<rt>ほうりつ</rt></ruby>は <ruby>婦女<rt>ふじょ</rt></ruby>を <ruby>守<rt>まも</rt></ruby>るためのものだ。,That law is there to protect women.,
<div class='furi-hint'>さいし</div>妻子<div class='hint'>one's wife and children</div>,さいし,one's wife and children,<ruby>彼<rt>かれ</rt></ruby>は <ruby>妻子<rt>さいし</rt></ruby>と <ruby>共<rt>とも</rt></ruby>に <ruby>旅行<rt>りょこう</rt></ruby>に <ruby>出<rt>で</rt></ruby>た。,He went traveling with his wife and children.,
<div class='furi-hint'>おくゆき</div>奥行<div class='hint'>depth; length</div>,おくゆき,depth; length,そのレストランは <ruby>奥行<rt>おくゆき</rt></ruby>がある。,The restaurant extends far back.,
<div class='furi-hint'>たがいに</div>互いに<div class='hint'>mutually; reciprocally</div>,たがいに,mutually; reciprocally,お <ruby>互<rt>たが</rt></ruby>いに <ruby>頑張<rt>がんば</rt></ruby>りましょう。,Let's both try our best.,
<div class='furi-hint'>じが</div>自我<div class='hint'>ego; self</div>,じが,ego; self,<ruby>彼<rt>かれ</rt></ruby>は <ruby>早<rt>はや</rt></ruby>くに <ruby>自我<rt>じが</rt></ruby> <ruby>意識<rt>いしき</rt></ruby>が <ruby>芽生<rt>めば</rt></ruby>えた。,A sense of self-importance developed early in him.,
<div class='furi-hint'>しょせき</div>書籍<div class='hint'>books; publications</div>,しょせき,books; publications,<ruby>今月<rt>こんげつ</rt></ruby>の <ruby>新<rt>あたら</rt></ruby>しい <ruby>書籍<rt>しょせき</rt></ruby>のカタログです。,This is the catalog of this month's new books.,
<div class='furi-hint'>ろけっと</div>ロケット<div class='hint'>locket; rocket</div>,ろけっと,locket; rocket,ロケットが <ruby>後<rt>あと</rt></ruby> 1<ruby>分<rt>いっぷん</rt></ruby>で <ruby>発射<rt>はっしゃ</rt></ruby>します。,The rocket will launch in one minute.,
<div class='furi-hint'>ざいせき</div>在籍<div class='hint'>registration</div>,ざいせき,registration,<ruby>彼<rt>かれ</rt></ruby>は <ruby>大学<rt>だいがく</rt></ruby>に 5 <ruby>年間<rt>ねんかん</rt></ruby> <ruby>在籍<rt>ざいせき</rt></ruby>した。,He was registered in the university for five years.,
<div class='furi-hint'>にゅうせき</div>入籍<div class='hint'>entry in the family register</div>,にゅうせき,entry in the family register,<ruby>私<rt>わたし</rt></ruby>たちは <ruby>今月<rt>こんげつ</rt></ruby> <ruby>入籍<rt>にゅうせき</rt></ruby>します。,We registered our marriage this month.,
<div class='furi-hint'>あいよう</div>愛用<div class='hint'>use regularly</div>,あいよう,use regularly,<ruby>彼<rt>かれ</rt></ruby>はその <ruby>青<rt>あお</rt></ruby>いスニーカーを <ruby>愛用<rt>あいよう</rt></ruby>しています。,His always wears those blue sneakers.,
<div class='furi-hint'>しんあい</div>親愛<div class='hint'>affection; love</div>,しんあい,affection; love,<ruby>親愛<rt>しんあい</rt></ruby>の <ruby>情<rt>じょう</rt></ruby>をこめて <ruby>彼女<rt>かのじょ</rt></ruby>に <ruby>手紙<rt>てがみ</rt></ruby>を <ruby>書<rt>か</rt></ruby>いた。,I wrote her a letter full of affection.,
<div class='furi-hint'>あいちゃく</div>愛着<div class='hint'>attachment</div>,あいちゃく,attachment,<ruby>彼<rt>かれ</rt></ruby>は <ruby>自分<rt>じぶん</rt></ruby>の <ruby>車<rt>くるま</rt></ruby>に <ruby>愛着<rt>あいちゃく</rt></ruby>を <ruby>持<rt>も</rt></ruby>っています。,He is attached to his car.,
<div class='furi-hint'>あいそう</div>愛想<div class='hint'>civility; hospitality</div>,あいそう,civility; hospitality,<ruby>彼女<rt>かのじょ</rt></ruby>はいつも <ruby>愛想<rt>あいそ</rt></ruby>がいい。,She's always amiable.,
<div class='furi-hint'>せいたん</div>生誕<div class='hint'>birth; nativity</div>,せいたん,birth; nativity,クリスマスはキリストの <ruby>生誕<rt>せいたん</rt></ruby>を <ruby>祝<rt>いわ</rt></ruby>う <ruby>日<rt>ひ</rt></ruby>です。,Christmas is a day when we celebrate the birth of Christ.,
<div class='furi-hint'>のべ</div>延べ<div class='hint'>aggregate; total</div>,のべ,aggregate; total,<ruby>延<rt>の</rt></ruby>べ 10 <ruby>万<rt>まん</rt></ruby> <ruby>人<rt>にん</rt></ruby>が <ruby>会場<rt>かいじょう</rt></ruby>を <ruby>訪<rt>おとず</rt></ruby>れました。,A total of 100;000 people visited the hall.,
<div class='furi-hint'>しゅくふく</div>祝福<div class='hint'>blessing</div>,しゅくふく,blessing,<ruby>家族<rt>かぞく</rt></ruby>や <ruby>友人<rt>ゆうじん</rt></ruby>から <ruby>祝福<rt>しゅくふく</rt></ruby>の <ruby>言葉<rt>ことば</rt></ruby>が <ruby>贈<rt>おく</rt></ruby>られました。,Words of blessing were given by the family and friends.,
<div class='furi-hint'>じゅんじょう</div>純情<div class='hint'>pure heart</div>,じゅんじょう,pure heart,<ruby>彼<rt>かれ</rt></ruby>も <ruby>昔<rt>むかし</rt></ruby>は <ruby>純情<rt>じゅんじょう</rt></ruby>な <ruby>青年<rt>せいねん</rt></ruby>だったのに。,He was an innocent young person before.,
<div class='furi-hint'>いき</div>粋<div class='hint'>smartness; stylishness</div>,いき,smartness; stylishness,<ruby>彼<rt>かれ</rt></ruby>は <ruby>粋<rt>いき</rt></ruby>な <ruby>格好<rt>かっこう</rt></ruby>をしている。,He looks smart.,
<div class='furi-hint'>ばっすい</div>抜粋<div class='hint'>excerpt; extract</div>,ばっすい,excerpt; extract,<ruby>本<rt>ほん</rt></ruby>から <ruby>面白<rt>おもしろ</rt></ruby>い <ruby>部分<rt>ぶぶん</rt></ruby>を <ruby>抜粋<rt>ばっすい</rt></ruby>しました。,An interesting part was excerpted from the book.,
<div class='furi-hint'>むそう</div>夢想<div class='hint'>daydream; dream</div>,むそう,daydream; dream,<ruby>私<rt>わたし</rt></ruby>は <ruby>昔<rt>むかし</rt></ruby>から <ruby>夢想<rt>むそう</rt></ruby>してばかりいました。,I have always been a dreamer.,
<div class='furi-hint'>あくむ</div>悪夢<div class='hint'>bad dream; nightmare</div>,あくむ,bad dream; nightmare,まるで <ruby>悪夢<rt>あくむ</rt></ruby>のような <ruby>出来事<rt>できごと</rt></ruby>でした。,It was like a nightmarish event.,
こだわる<div class='hint'>be particular; worry</div>,こだわる,be particular; worry,<ruby>彼<rt>かれ</rt></ruby>は <ruby>細<rt>こま</rt></ruby>かいことにはこだわりません。,He doesn't worry about details.,
<div class='furi-hint'>さくご</div>錯誤<div class='hint'>error; mistake</div>,さくご,error; mistake,<ruby>試行錯誤<rt>しこうさくご</rt></ruby>の <ruby>末<rt>すえ</rt></ruby>やっと <ruby>新<rt>しん</rt></ruby> <ruby>製品<rt>せいひん</rt></ruby>を <ruby>完成<rt>かんせい</rt></ruby>させた。,After some trial and error; the new product was finally completed.,
<div class='furi-hint'>しこうさくご</div>試行錯誤<div class='hint'>trial and error</div>,しこうさくご,trial and error,<ruby>試行錯誤<rt>しこうさくご</rt></ruby>の <ruby>末<rt>すえ</rt></ruby>やっと <ruby>完成<rt>かんせい</rt></ruby>した。,After some trial and error; we finally completed it.,
<div class='furi-hint'>さっかく</div>錯覚<div class='hint'>illusion</div>,さっかく,illusion,それはあなたの <ruby>目<rt>め</rt></ruby>の <ruby>錯覚<rt>さっかく</rt></ruby>です。,It is an optical illusion.,
<div class='furi-hint'>はなびら</div>花弁<div class='hint'>petal</div>,はなびら,petal,<ruby>桜<rt>さくら</rt></ruby>の <ruby>花<rt>はな</rt></ruby>びらが <ruby>舞<rt>ま</rt></ruby>っている。,The petals of the cherry blossoms are dancing.,
<div class='furi-hint'>えきべん</div>駅弁<div class='hint'>station lunch</div>,えきべん,station lunch,あそこの <ruby>駅弁<rt>えきべん</rt></ruby>は <ruby>美味<rt>おい</rt></ruby>しい。,The box lunches at that train station are delicious.,
<div class='furi-hint'>ようご</div>養護<div class='hint'>protective care</div>,ようご,protective care,<ruby>彼<rt>かれ</rt></ruby>は <ruby>養護<rt>ようご</rt></ruby> <ruby>学校<rt>がっこう</rt></ruby>で <ruby>働<rt>はたら</rt></ruby>いている。,He is working in a school for children with special needs.,
<div class='furi-hint'>しゅうし</div>修士<div class='hint'>Master; master's degree</div>,しゅうし,Master; master's degree,<ruby>彼<rt>かれ</rt></ruby>は <ruby>修士<rt>しゅうし</rt></ruby> <ruby>論文<rt>ろんぶん</rt></ruby>を <ruby>書き<ruby>上<rt>かきあ</rt></ruby>げた。,He finished writing the master's thesis.,
<div class='furi-hint'>ひにん</div>否認<div class='hint'>denial; negation</div>,ひにん,denial; negation,<ruby>彼<rt>かれ</rt></ruby>は <ruby>容疑<rt>ようぎ</rt></ruby>を <ruby>否認<rt>ひにん</rt></ruby>した。,He denied the charge.,
<div class='furi-hint'>さんぴ</div>賛否<div class='hint'>approval or disapproval</div>,さんぴ,approval or disapproval,その <ruby>案<rt>あん</rt></ruby>には <ruby>賛否<rt>さんぴ</rt></ruby> <ruby>両論<rt>りょうろん</rt></ruby>がある。,There are pros and cons to the idea.,
<div class='furi-hint'>ちゅうさい</div>仲裁<div class='hint'>arbitration; mediation</div>,ちゅうさい,arbitration; mediation,<ruby>彼<rt>かれ</rt></ruby>がけんかの <ruby>仲裁<rt>ちゅうさい</rt></ruby>をしてくれました。,He intervened in the fight.,
<div class='furi-hint'>せいさい</div>制裁<div class='hint'>punishment; sanction</div>,せいさい,punishment; sanction,その <ruby>国<rt>くに</rt></ruby>は <ruby>経済<rt>けいざい</rt></ruby> <ruby>制裁<rt>せいさい</rt></ruby>を <ruby>受<rt>う</rt></ruby>けている。,The country has received economic sanctions.,
<div class='furi-hint'>ていさい</div>体裁<div class='hint'>decency; form; style</div>,ていさい,decency; form; style,<ruby>彼女<rt>かのじょ</rt></ruby>は <ruby>体裁<rt>ていさい</rt></ruby>を <ruby>気<rt>き</rt></ruby>にする <ruby>人<rt>ひと</rt></ruby>です。,She is the type to worry about her appearance.,
<div class='furi-hint'>どくさい</div>独裁<div class='hint'>dictatorship</div>,どくさい,dictatorship,あの <ruby>国<rt>くに</rt></ruby>では <ruby>独裁<rt>どくさい</rt></ruby> <ruby>政治<rt>せいじ</rt></ruby>が <ruby>続<rt>つづ</rt></ruby>いています。,That country is still a dictatorship.,
<div class='furi-hint'>こくそ</div>告訴<div class='hint'>legal action</div>,こくそ,legal action,<ruby>彼<rt>かれ</rt></ruby>は <ruby>出版<rt>しゅっぱん</rt></ruby> <ruby>社<rt>しゃ</rt></ruby>を <ruby>告訴<rt>こくそ</rt></ruby>した。,He filed a suit against the publisher.,
<div class='furi-hint'>たーみなる</div>ターミナル<div class='hint'>bus terminal; terminal</div>,たーみなる,bus terminal; terminal,<ruby>空港<rt>くうこう</rt></ruby>に <ruby>新<rt>あたら</rt></ruby>しいターミナルが <ruby>完成<rt>かんせい</rt></ruby>した。,A new terminal was completed in the airport.,
<div class='furi-hint'>きそ</div>起訴<div class='hint'>prosecution</div>,きそ,prosecution,<ruby>彼<rt>かれ</rt></ruby>はその <ruby>会社<rt>かいしゃ</rt></ruby>を <ruby>起訴<rt>きそ</rt></ruby>した。,He prosecuted the company.,
<div class='furi-hint'>めいろ</div>迷路<div class='hint'>labyrinth; maze</div>,めいろ,labyrinth; maze,この <ruby>街<rt>まち</rt></ruby>の <ruby>道<rt>みち</rt></ruby>は <ruby>迷路<rt>めいろ</rt></ruby>のようです。,The roads in this town are like a maze.,
<div class='furi-hint'>こんわく</div>困惑<div class='hint'>embarrassment</div>,こんわく,embarrassment,こんな <ruby>事<rt>こと</rt></ruby>は <ruby>初<rt>はじ</rt></ruby>めてなので <ruby>困惑<rt>こんわく</rt></ruby>しています。,I am perplexed as such a thing has never happened before.,
<div class='furi-hint'>ゆうわく</div>誘惑<div class='hint'>seduction; temptation</div>,ゆうわく,seduction; temptation,<ruby>彼<rt>かれ</rt></ruby>は <ruby>同僚<rt>どうりょう</rt></ruby>の <ruby>女性<rt>じょせい</rt></ruby>を <ruby>誘惑<rt>ゆうわく</rt></ruby>しています。,He is seducing a female colleague.,
<div class='furi-hint'>ちょめい</div>著名<div class='hint'>eminence; prominence</div>,ちょめい,eminence; prominence,<ruby>彼女<rt>かのじょ</rt></ruby>は <ruby>著名<rt>ちょめい</rt></ruby>な <ruby>建築<rt>けんちく</rt></ruby> <ruby>家<rt>か</rt></ruby>です。,She is an eminent architect.,
<div class='furi-hint'>めいちょ</div>名著<div class='hint'>famous book; masterpiece</div>,めいちょ,famous book; masterpiece,<ruby>彼<rt>かれ</rt></ruby>は <ruby>世界<rt>せかい</rt></ruby>の <ruby>名著<rt>めいちょ</rt></ruby>を <ruby>読<rt>よ</rt></ruby>み <ruby>続<rt>つづ</rt></ruby>けている。,He always reads the classic books from around the world.,
<div class='furi-hint'>けんげん</div>権限<div class='hint'>competence; power</div>,けんげん,competence; power,<ruby>私<rt>わたし</rt></ruby>にはそれを <ruby>許可<rt>きょか</rt></ruby>する <ruby>権限<rt>けんげん</rt></ruby>がありません。,I don't have the authority to permit it.,
<div class='furi-hint'>とっけん</div>特権<div class='hint'>privilege</div>,とっけん,privilege,<ruby>割引<rt>わりびき</rt></ruby> <ruby>料金<rt>りょうきん</rt></ruby>は <ruby>学生<rt>がくせい</rt></ruby>の <ruby>特権<rt>とっけん</rt></ruby>です。,The discount is a privilege for students.,
<div class='furi-hint'>さんせいけん</div>参政権<div class='hint'>suffrage</div>,さんせいけん,suffrage,<ruby>日本<rt>にほん</rt></ruby>の <ruby>女性<rt>じょせい</rt></ruby>は <ruby>参政<rt>さんせい</rt></ruby> <ruby>権<rt>けん</rt></ruby>が <ruby>認<rt>みと</rt></ruby>められています。,Women in Japan are entitled to vote.,
<div class='furi-hint'>しんにゅう</div>侵入<div class='hint'>invasion; raid</div>,しんにゅう,invasion; raid,<ruby>軍隊<rt>ぐんたい</rt></ruby>が <ruby>夜間<rt>やかん</rt></ruby>に <ruby>村<rt>むら</rt></ruby>に <ruby>侵入<rt>しんにゅう</rt></ruby>した。,Military forces invaded the village at nighttime.,
<div class='furi-hint'>しんりゃく</div>侵略<div class='hint'>aggression; invasion</div>,しんりゃく,aggression; invasion,その <ruby>国<rt>くに</rt></ruby>は <ruby>隣国<rt>りんごく</rt></ruby>に <ruby>侵略<rt>しんりゃく</rt></ruby>された。,That country was invaded by its neighbor.,
<div class='furi-hint'>にせ</div>偽<div class='hint'>imitation; sham</div>,にせ,imitation; sham,これは <ruby>偽<rt>にせ</rt></ruby>のブランド <ruby>品<rt>ひん</rt></ruby>です。,These are fake brand goods.,
<div class='furi-hint'>しんぎ</div>真偽<div class='hint'>authenticity; truth or falsehood</div>,しんぎ,authenticity; truth or falsehood,<ruby>彼<rt>かれ</rt></ruby>を <ruby>責<rt>せ</rt></ruby>める <ruby>前<rt>まえ</rt></ruby>にことの <ruby>真偽<rt>しんぎ</rt></ruby>を <ruby>確<rt>たし</rt></ruby>かめる <ruby>必要<rt>ひつよう</rt></ruby>があります。,You must be sure of the truth before blaming him.,
<div class='furi-hint'>ぎぞう</div>偽造<div class='hint'>fabrication; forgery</div>,ぎぞう,fabrication; forgery,<ruby>彼<rt>かれ</rt></ruby>はお <ruby>金<rt>かね</rt></ruby>を <ruby>偽造<rt>ぎぞう</rt></ruby>して <ruby>捕<rt>つか</rt></ruby>まった。,He counterfeited money and was caught.,
<div class='furi-hint'>しんぽじうむ</div>シンポジウム<div class='hint'>symposium</div>,しんぽじうむ,symposium,<ruby>環境<rt>かんきょう</rt></ruby> <ruby>問題<rt>もんだい</rt></ruby>のシンポジウムに <ruby>参加<rt>さんか</rt></ruby>した。,I took part in a symposium about environmental problems.,
<div class='furi-hint'>かわせ</div>為替<div class='hint'>exchange; money order</div>,かわせ,exchange; money order,インターネットで <ruby>為替<rt>かわせ</rt></ruby>レートをチェックしよう。,Let's check the exchange rate on the Internet.,
<div class='furi-hint'>きぞう</div>寄贈<div class='hint'>donation; presentation</div>,きぞう,donation; presentation,<ruby>彼<rt>かれ</rt></ruby>は <ruby>学校<rt>がっこう</rt></ruby>に <ruby>滑り<ruby>台<rt>すべりだい</rt></ruby>を <ruby>寄贈<rt>きぞう</rt></ruby>した。,He donated the slide to the school.,
<div class='furi-hint'>ほしょう</div>補償<div class='hint'>compensation; indemnity</div>,ほしょう,compensation; indemnity,<ruby>投資<rt>とうし</rt></ruby> <ruby>会社<rt>がいしゃ</rt></ruby>が <ruby>損失<rt>そんしつ</rt></ruby>を <ruby>補償<rt>ほしょう</rt></ruby>してくれた。,The investment company compensated us for the loss.,
<div class='furi-hint'>ばいしょう</div>賠償<div class='hint'>compensation</div>,ばいしょう,compensation,<ruby>私<rt>わたし</rt></ruby>は <ruby>事故<rt>じこ</rt></ruby>の <ruby>賠償<rt>ばいしょう</rt></ruby>を <ruby>求<rt>もと</rt></ruby>めて <ruby>運転<rt>うんてん</rt></ruby> <ruby>手<rt>しゅ</rt></ruby>を <ruby>訴<rt>うった</rt></ruby>えた。,I sued the driver for compensation after the accident.,
<div class='furi-hint'>にゅうしょう</div>入賞<div class='hint'>winning a prize</div>,にゅうしょう,winning a prize,<ruby>写真<rt>しゃしん</rt></ruby>コンテストに <ruby>入賞<rt>にゅうしょう</rt></ruby>しました。,I won the photograph contest.,
<div class='furi-hint'>しょうきん</div>賞金<div class='hint'>award; prize</div>,しょうきん,award; prize,<ruby>優勝<rt>ゆうしょう</rt></ruby> <ruby>者<rt>しゃ</rt></ruby>に <ruby>賞金<rt>しょうきん</rt></ruby> 10 <ruby>万<rt>まん</rt></ruby> <ruby>円<rt>えん</rt></ruby>が <ruby>贈<rt>おく</rt></ruby>られた。,The prize of 100;000 yen was presented to the winner.,
<div class='furi-hint'>きゅうよ</div>給与<div class='hint'>allowance; pay</div>,きゅうよ,allowance; pay,<ruby>給与<rt>きゅうよ</rt></ruby>だけで <ruby>仕事<rt>しごと</rt></ruby>を <ruby>決<rt>き</rt></ruby>めるべきではない。,Work should not be selected based on salary alone.,
<div class='furi-hint'>よとう</div>与党<div class='hint'>party in power</div>,よとう,party in power,<ruby>彼<rt>かれ</rt></ruby>は <ruby>与党<rt>よとう</rt></ruby>のメンバーです。,He is a member of the governing party.,
<div class='furi-hint'>ゆうずう</div>融通<div class='hint'>financing; flexibility</div>,ゆうずう,financing; flexibility,うちの <ruby>主人<rt>しゅじん</rt></ruby>は <ruby>本当<rt>ほんとう</rt></ruby>に <ruby>融通<rt>ゆうずう</rt></ruby>が <ruby>利<rt>き</rt></ruby>かない。,My husband is really stubborn.,
<div class='furi-hint'>りょうかい</div>了解<div class='hint'>consent; understanding</div>,りょうかい,consent; understanding,<ruby>課長<rt>かちょう</rt></ruby>から <ruby>有給<rt>ゆうきゅう</rt></ruby>の <ruby>了解<rt>りょうかい</rt></ruby>を <ruby>得<rt>え</rt></ruby>た。,I got consent from the section manager for my paid holiday.,
<div class='furi-hint'>りょうしょう</div>了承<div class='hint'>acknowledgment</div>,りょうしょう,acknowledgment,<ruby>会議<rt>かいぎ</rt></ruby>の <ruby>件<rt>けん</rt></ruby> <ruby>了承<rt>りょうしょう</rt></ruby>いたしました。,I acknowledge what you said about the meeting.,
<div class='furi-hint'>うけたまわる</div>承る<div class='hint'>listen to; take</div>,うけたまわる,listen to; take,ご <ruby>用件<rt>ようけん</rt></ruby>を <ruby>承<rt>うけたまわ</rt></ruby>りましょう。,How may I help you?,
<div class='furi-hint'>のうにゅう</div>納入<div class='hint'>delivery; payment</div>,のうにゅう,delivery; payment,<ruby>年会<rt>ねんかい</rt></ruby> <ruby>費<rt>ひ</rt></ruby>は 1 <ruby>月<rt>がつ</rt></ruby> <ruby>末<rt>まつ</rt></ruby>までに <ruby>納入<rt>のうにゅう</rt></ruby>してください。,Please pay the annual membership fee by the end of January.,
<div class='furi-hint'>のうぜい</div>納税<div class='hint'>tax payment</div>,のうぜい,tax payment,<ruby>納税<rt>のうぜい</rt></ruby>は <ruby>国民<rt>こくみん</rt></ruby>の <ruby>義務<rt>ぎむ</rt></ruby>だ。,Payment of taxes is the duty of citizens.,
<div class='furi-hint'>ぴーく</div>ピーク<div class='hint'>peak</div>,ぴーく,peak,<ruby>今日<rt>きょう</rt></ruby>が <ruby>帰省<rt>きせい</rt></ruby>ラッシュのピークです。,Today is the peak of the homecoming rush.,
<div class='furi-hint'>すいとう</div>出納<div class='hint'>receipts and expenses</div>,すいとう,receipts and expenses,<ruby>私<rt>わたし</rt></ruby>はパソコンで <ruby>出納<rt>すいとう</rt></ruby>の <ruby>記録<rt>きろく</rt></ruby>を <ruby>管理<rt>かんり</rt></ruby>しています。,I manage on the computer the recording of the company's accounts.,
<div class='furi-hint'>たいのう</div>滞納<div class='hint'>arrears; non-payment</div>,たいのう,arrears; non-payment,<ruby>彼<rt>かれ</rt></ruby>は <ruby>学費<rt>がくひ</rt></ruby>を <ruby>滞納<rt>たいのう</rt></ruby>している。,He defaulted on payment of school fees.,
<div class='furi-hint'>こころえ</div>心得<div class='hint'>instructions; knowledge</div>,こころえ,instructions; knowledge,<ruby>祖母<rt>そぼ</rt></ruby>は <ruby>書道<rt>しょどう</rt></ruby>の <ruby>心得<rt>こころえ</rt></ruby>があります。,My grandmother has knowledge of calligraphy.,
<div class='furi-hint'>うる</div>得る<div class='hint'>can; get</div>,うる,can; get,この <ruby>仕事<rt>しごと</rt></ruby>はきついが <ruby>得<rt>う</rt></ruby>るものも <ruby>多<rt>おお</rt></ruby>い。,This work is hard; but it has many benefits too. [JSensei audio incorrect],
<div class='furi-hint'>しゅうとく</div>習得<div class='hint'>acquisition; learning</div>,しゅうとく,acquisition; learning,<ruby>言語<rt>げんご</rt></ruby>の <ruby>習得<rt>しゅうとく</rt></ruby>には <ruby>時間<rt>じかん</rt></ruby>がかかる。,It takes time to acquire language.,
<div class='furi-hint'>そんしつ</div>損失<div class='hint'>loss</div>,そんしつ,loss,<ruby>損失<rt>そんしつ</rt></ruby>は <ruby>全部<rt>ぜんぶ</rt></ruby>で 1 <ruby>億<rt>おく</rt></ruby> <ruby>円<rt>えん</rt></ruby>です。,The loss is 100 million yen in all.,
<div class='furi-hint'>はそん</div>破損<div class='hint'>breakdown; damage</div>,はそん,breakdown; damage,<ruby>破損<rt>はそん</rt></ruby>の <ruby>状況<rt>じょうきょう</rt></ruby>を <ruby>報告<rt>ほうこく</rt></ruby>してください。,Please make a damage report.,
<div class='furi-hint'>そんえき</div>損益<div class='hint'>profit and loss</div>,そんえき,profit and loss,<ruby>今期<rt>こんき</rt></ruby>の <ruby>損益<rt>そんえき</rt></ruby>を <ruby>報告<rt>ほうこく</rt></ruby>して <ruby>下<rt>くだ</rt></ruby>さい。,Let us know the profit and loss figures for this term.,
<div class='furi-hint'>ねんぴ</div>燃費<div class='hint'>mileage; petrol consumption</div>,ねんぴ,mileage; petrol consumption,この <ruby>車<rt>くるま</rt></ruby>は <ruby>燃費<rt>ねんぴ</rt></ruby>がとてもいいです。,This car is very economical in terms of fuel.,
<div class='furi-hint'>ねんしょう</div>燃焼<div class='hint'>burning; combustion</div>,ねんしょう,burning; combustion,<ruby>運動<rt>うんどう</rt></ruby>すると <ruby>脂肪<rt>しぼう</rt></ruby>が <ruby>燃焼<rt>ねんしょう</rt></ruby>します。,When you exercise; you burn fat.,
<div class='furi-hint'>かんでんち</div>乾電池<div class='hint'>battery</div>,かんでんち,battery,ラジオの <ruby>乾電池<rt>かんでんち</rt></ruby>を <ruby>交換<rt>こうかん</rt></ruby>しなきゃ。,I must change the batteries in the radio.,
<div class='furi-hint'>かんじ</div>幹事<div class='hint'>manager; organizer</div>,かんじ,manager; organizer,<ruby>次<rt>つぎ</rt></ruby>は <ruby>彼<rt>かれ</rt></ruby>が <ruby>宴会<rt>えんかい</rt></ruby>の <ruby>幹事<rt>かんじ</rt></ruby>です。,Next time; he will arrange the party.,
<div class='furi-hint'>さん</div>酸<div class='hint'>acid</div>,さん,acid,<ruby>酸<rt>さん</rt></ruby>の <ruby>強<rt>つよ</rt></ruby>い <ruby>食べ<ruby>物<rt>たべもの</rt></ruby>は <ruby>苦手<rt>にがて</rt></ruby>です。,I don't like food that's too vinegary.,
<div class='furi-hint'>さんか</div>酸化<div class='hint'>oxidation</div>,さんか,oxidation,<ruby>銀製<rt>ぎんせい</rt></ruby>のものは <ruby>酸化<rt>さんか</rt></ruby>しやすい。,Silver things oxidize easily.,
<div class='furi-hint'>さんせい</div>酸性<div class='hint'>acidity</div>,さんせい,acidity,<ruby>酸性<rt>さんせい</rt></ruby>の <ruby>強<rt>つよ</rt></ruby>い <ruby>雨<rt>あめ</rt></ruby>が <ruby>観測<rt>かんそく</rt></ruby>された。,Rain with strong acidity was observed.,
<div class='furi-hint'>らんにんぐ</div>ランニング<div class='hint'>jogging; running</div>,らんにんぐ,jogging; running,<ruby>私<rt>わたし</rt></ruby>は <ruby>毎晩<rt>まいばん</rt></ruby> 30<ruby>分<rt>さんじゅっぷん</rt></ruby>ランニングしています。,I run for thirty minutes every evening.,
<div class='furi-hint'>そざい</div>素材<div class='hint'>material</div>,そざい,material,このドレスには <ruby>最<rt>さい</rt></ruby> <ruby>高級<rt>こうきゅう</rt></ruby>の <ruby>素材<rt>そざい</rt></ruby>が <ruby>使<rt>つか</rt></ruby>われている。,The best material is used for this dress.,
<div class='furi-hint'>ようそ</div>要素<div class='hint'>constituent; element</div>,ようそ,constituent; element,<ruby>彼<rt>かれ</rt></ruby>の <ruby>音楽<rt>おんがく</rt></ruby>にはヒーリングの <ruby>要素<rt>ようそ</rt></ruby>がある。,There is an element of healing in his music.,
<div class='furi-hint'>げんそ</div>元素<div class='hint'>element</div>,げんそ,element,<ruby>元素<rt>げんそ</rt></ruby>はそれぞれ <ruby>決<rt>き</rt></ruby>まった <ruby>記号<rt>きごう</rt></ruby>で <ruby>表<rt>あらわ</rt></ruby>すことができます。,Elements can be shown by the various designated symbols.,
<div class='furi-hint'>しろうと</div>素人<div class='hint'>amateur; decent woman</div>,しろうと,amateur; decent woman,これは <ruby>明<rt>あき</rt></ruby>らかに <ruby>素人<rt>しろうと</rt></ruby>の <ruby>仕事<rt>しごと</rt></ruby>だ。,This is obviously the work of an amateur.,
<div class='furi-hint'>すがお</div>素顔<div class='hint'>face without makeup</div>,すがお,face without makeup,<ruby>彼女<rt>かのじょ</rt></ruby>は <ruby>素顔<rt>すがお</rt></ruby>のままでも <ruby>美<rt>うつく</rt></ruby>しい。,She is beautiful even without makeup.,
<div class='furi-hint'>そしつ</div>素質<div class='hint'>makings; nature</div>,そしつ,makings; nature,<ruby>彼女<rt>かのじょ</rt></ruby>には <ruby>音楽<rt>おんがく</rt></ruby>の <ruby>素質<rt>そしつ</rt></ruby>があります。,She is a natural in music.,
<div class='furi-hint'>しっそ</div>質素<div class='hint'>modesty; simplicity</div>,しっそ,modesty; simplicity,<ruby>彼<rt>かれ</rt></ruby>らは <ruby>質素<rt>しっそ</rt></ruby>な <ruby>生活<rt>せいかつ</rt></ruby>をしている。,They are living a simple life.,
<div class='furi-hint'>すみ</div>炭<div class='hint'>charcoal</div>,すみ,charcoal,バーベキューの <ruby>炭<rt>すみ</rt></ruby>を <ruby>買<rt>か</rt></ruby>って <ruby>来<rt>き</rt></ruby>ました。,I bought some barbecue charcoal.,
<div class='furi-hint'>たんさん</div>炭酸<div class='hint'>carbonic acid; soda</div>,たんさん,carbonic acid; soda,<ruby>彼<rt>かれ</rt></ruby>は <ruby>炭酸<rt>たんさん</rt></ruby> <ruby>入<rt>い</rt></ruby>りの <ruby>飲み<ruby>物<rt>のみもの</rt></ruby>が <ruby>好<rt>す</rt></ruby>きです。,He likes fizzy soda.,
<div class='furi-hint'>ひがん</div>彼岸<div class='hint'>equinox</div>,ひがん,equinox,<ruby>暑<rt>あつ</rt></ruby>さ <ruby>寒<rt>さむ</rt></ruby>さも <ruby>彼岸<rt>ひがん</rt></ruby>まで。,No heat or cold lasts over the equinox.,
<div class='furi-hint'>ていえん</div>庭園<div class='hint'>garden; park</div>,ていえん,garden; park,<ruby>日本<rt>にほん</rt></ruby> <ruby>式<rt>しき</rt></ruby> <ruby>庭園<rt>ていえん</rt></ruby>を <ruby>散歩<rt>さんぽ</rt></ruby>しました。,We strolled in the Japanese style garden.,
<div class='furi-hint'>なかにわ</div>中庭<div class='hint'>courtyard</div>,なかにわ,courtyard,<ruby>今日<rt>きょう</rt></ruby>は <ruby>中庭<rt>なかにわ</rt></ruby>で <ruby>昼食<rt>ちゅうしょく</rt></ruby>を <ruby>食<rt>た</rt></ruby>べましょう。,Shall we eat lunch in the courtyard today?,
<div class='furi-hint'>ふぶき</div>吹雪<div class='hint'>snowstorm</div>,ふぶき,snowstorm,<ruby>昨晩<rt>さくばん</rt></ruby>は <ruby>吹雪<rt>ふぶき</rt></ruby>で <ruby>外<rt>そと</rt></ruby>に <ruby>出<rt>で</rt></ruby>られなかった。,It wasn't possible to go out because of the snowstorm last night.,
<div class='furi-hint'>さんざん</div>散々<div class='hint'>severely; thoroughly</div>,さんざん,severely; thoroughly,その <ruby>子<rt>こ</rt></ruby>は <ruby>父親<rt>ちちおや</rt></ruby>に <ruby>散々<rt>さんざん</rt></ruby> <ruby>叱<rt>しか</rt></ruby>られた。,The child was severely scolded by his father.,
<div class='furi-hint'>がれーじ</div>ガレージ<div class='hint'>garage; repair shop</div>,がれーじ,garage; repair shop,<ruby>車<rt>くるま</rt></ruby>をガレージに <ruby>入<rt>い</rt></ruby>れておいたよ。,I have put the car in the garage.,
<div class='furi-hint'>はっさん</div>発散<div class='hint'>emission; radiation</div>,はっさん,emission; radiation,カラオケでストレスを <ruby>発散<rt>はっさん</rt></ruby>しましょう。,Let's relieve stress by doing karaoke,
<div class='furi-hint'>いしょく</div>移植<div class='hint'>transplant</div>,いしょく,transplant,トマトの <ruby>苗<rt>なえ</rt></ruby>を <ruby>移植<rt>いしょく</rt></ruby>しました。,I transplanted the tomato seedlings.,
<div class='furi-hint'>こんじょう</div>根性<div class='hint'>nature</div>,こんじょう,nature,<ruby>彼<rt>かれ</rt></ruby>にはなかなか <ruby>根性<rt>こんじょう</rt></ruby>があるよ。,He has balls.,
<div class='furi-hint'>ねもと</div>根元<div class='hint'>base; root</div>,ねもと,base; root,あの <ruby>木<rt>き</rt></ruby>は <ruby>根元<rt>ねもと</rt></ruby>から <ruby>切<rt>き</rt></ruby>ってしまいました。,That tree has been cut from the root.,
<div class='furi-hint'>こんき</div>根気<div class='hint'>patience; perseverance</div>,こんき,patience; perseverance,<ruby>根気<rt>こんき</rt></ruby>があれば <ruby>絶対<rt>ぜったい</rt></ruby>にできるよ。,If you persevere; I am positive you can do it.,
<div class='furi-hint'>そうげん</div>草原<div class='hint'>grassland; prairie</div>,そうげん,grassland; prairie,その <ruby>草原<rt>そうげん</rt></ruby>には <ruby>色々<rt>いろいろ</rt></ruby>な <ruby>動物<rt>どうぶつ</rt></ruby>が <ruby>暮<rt>く</rt></ruby>らしている。,Many animals live in that meadow.,
<div class='furi-hint'>そうしょく</div>草食<div class='hint'>herbivore</div>,そうしょく,herbivore,ヤギは <ruby>草食<rt>そうしょく</rt></ruby>です。,Goats are herbivores.,
<div class='furi-hint'>ざっそう</div>雑草<div class='hint'>weed</div>,ざっそう,weed,<ruby>庭<rt>にわ</rt></ruby>の <ruby>雑草<rt>ざっそう</rt></ruby>が <ruby>伸<rt>の</rt></ruby>び <ruby>放題<rt>ほうだい</rt></ruby>だ。,The garden weeds are growing wildly.,
<div class='furi-hint'>およぼす</div>及ぼす<div class='hint'>cause; exert</div>,およぼす,cause; exert,<ruby>心<rt>こころ</rt></ruby>は <ruby>体<rt>からだ</rt></ruby>の <ruby>健康<rt>けんこう</rt></ruby>に <ruby>影響<rt>えいきょう</rt></ruby>を <ruby>及<rt>およ</rt></ruby>ぼす。,The mind has an influence on physical well-being.,
<div class='furi-hint'>ついきゅう</div>追及<div class='hint'>investigation; pursuit</div>,ついきゅう,investigation; pursuit,その <ruby>問題<rt>もんだい</rt></ruby>の <ruby>責任<rt>せきにん</rt></ruby>を <ruby>追及<rt>ついきゅう</rt></ruby>するべきだ。,We should ascertain who or what is responsible for the problem.,
<div class='furi-hint'>かいきゅう</div>階級<div class='hint'>class; rank</div>,かいきゅう,class; rank,<ruby>軍隊<rt>ぐんたい</rt></ruby>や <ruby>警察<rt>けいさつ</rt></ruby>は <ruby>階級<rt>かいきゅう</rt></ruby> <ruby>社会<rt>しゃかい</rt></ruby>だ。,The military and police are hierarchical societies.,
<div class='furi-hint'>くうふく</div>空腹<div class='hint'>empty stomach; hunger</div>,くうふく,empty stomach; hunger,<ruby>空腹<rt>くうふく</rt></ruby>で <ruby>歩<rt>ある</rt></ruby>けません。,I cannot walk as I am hungry.,
<div class='furi-hint'>こんけつ</div>混血<div class='hint'>mixed-blood</div>,こんけつ,mixed-blood,<ruby>彼女<rt>かのじょ</rt></ruby>は <ruby>日本人<rt>にほんじん</rt></ruby>とアメリカ <ruby>人<rt>じん</rt></ruby>の <ruby>混血<rt>こんけつ</rt></ruby>だ。,She is of Japanese and American mixed blood.,
<div class='furi-hint'>けつあつ</div>血圧<div class='hint'>blood pressure</div>,けつあつ,blood pressure,<ruby>母<rt>はは</rt></ruby>はショックで <ruby>血圧<rt>けつあつ</rt></ruby>が <ruby>上<rt>あ</rt></ruby>がってしまった。,My mother's blood pressure has gone up from the shock.,
<div class='furi-hint'>しんぼる</div>シンボル<div class='hint'>emblem; symbol</div>,しんぼる,emblem; symbol,ハトは <ruby>平和<rt>へいわ</rt></ruby>のシンボルだ。,The dove is a symbol of peace.,
<div class='furi-hint'>ひんけつ</div>貧血<div class='hint'>anemia</div>,ひんけつ,anemia,<ruby>友達<rt>ともだち</rt></ruby>が <ruby>貧血<rt>ひんけつ</rt></ruby>で <ruby>倒<rt>たお</rt></ruby>れた。,My friend fell ill with anemia.,
<div class='furi-hint'>しゅうよう</div>収容<div class='hint'>accommodation</div>,しゅうよう,accommodation,<ruby>新<rt>あたら</rt></ruby>しい <ruby>競技<rt>きょうぎ</rt></ruby> <ruby>場<rt>じょう</rt></ruby>は 1 <ruby>万<rt>まん</rt></ruby> <ruby>人<rt>にん</rt></ruby>を <ruby>収容<rt>しゅうよう</rt></ruby>できます。,The new stadium can accommodate 10;000 people.,
<div class='furi-hint'>ようせき</div>容積<div class='hint'>capacity; volume</div>,ようせき,capacity; volume,そのボトルの <ruby>容積<rt>ようせき</rt></ruby>は 1リットルだ。,The capacity of the bottle is one liter.,
<div class='furi-hint'>ようぎしゃ</div>容疑者<div class='hint'>suspect</div>,ようぎしゃ,suspect,<ruby>彼<rt>かれ</rt></ruby>は <ruby>殺人<rt>さつじん</rt></ruby> <ruby>事件<rt>じけん</rt></ruby>の <ruby>容疑<rt>ようぎ</rt></ruby> <ruby>者<rt>しゃ</rt></ruby>です。,He is a murder suspect.,
<div class='furi-hint'>てっこつ</div>鉄骨<div class='hint'>steel frame</div>,てっこつ,steel frame,この <ruby>階段<rt>かいだん</rt></ruby>は <ruby>鉄骨<rt>てっこつ</rt></ruby>でできている。,These stairs are made from a steel frame.,
<div class='furi-hint'>えんかつ</div>円滑<div class='hint'>harmonious; smooth</div>,えんかつ,harmonious; smooth,その <ruby>会議<rt>かいぎ</rt></ruby>は <ruby>円滑<rt>えんかつ</rt></ruby>に <ruby>進行<rt>しんこう</rt></ruby>しています。,The conference is progressing smoothly.,
<div class='furi-hint'>おり</div>折<div class='hint'>at the time; occasion</div>,おり,at the time; occasion,<ruby>帰省<rt>きせい</rt></ruby>の <ruby>折<rt>おり</rt></ruby> <ruby>旧友<rt>きゅうゆう</rt></ruby>に <ruby>会<rt>あ</rt></ruby>った。,When I came home; I met an old friend.,
<div class='furi-hint'>おりかえし</div>折り返し<div class='hint'>lapel; turning point</div>,おりかえし,lapel; turning point,<ruby>後程<rt>のちほど</rt></ruby> <ruby>折り<ruby>返<rt>おりかえ</rt></ruby>しお <ruby>電話<rt>でんわ</rt></ruby>いたします。,I will call back later.,
<div class='furi-hint'>ときおり</div>時折<div class='hint'>occasionally</div>,ときおり,occasionally,<ruby>彼女<rt>かのじょ</rt></ruby>は <ruby>仕事<rt>しごと</rt></ruby> <ruby>中<rt>ちゅう</rt></ruby> <ruby>時折<rt>ときおり</rt></ruby> <ruby>窓<rt>まど</rt></ruby>の <ruby>外<rt>そと</rt></ruby>を <ruby>見<rt>み</rt></ruby>た。,Now and then she gazed out the window while working.,
<div class='furi-hint'>すこやか</div>健やか<div class='hint'>healthy; sound</div>,すこやか,healthy; sound,お <ruby>子<rt>こ</rt></ruby>さんが <ruby>健<rt>すこ</rt></ruby>やかに <ruby>育<rt>そだ</rt></ruby>ちますように。,I pray that the child will grow up healthily.,
<div class='furi-hint'>しんりょう</div>診療<div class='hint'>diagnosis and treatment</div>,しんりょう,diagnosis and treatment,<ruby>本日<rt>ほんじつ</rt></ruby>の <ruby>診療<rt>しんりょう</rt></ruby>は <ruby>終了<rt>しゅうりょう</rt></ruby>しました。,Medical examinations have finished for today.,
<div class='furi-hint'>りょうよう</div>療養<div class='hint'>recuperation</div>,りょうよう,recuperation,<ruby>彼<rt>かれ</rt></ruby>は <ruby>病気<rt>びょうき</rt></ruby>の <ruby>療養<rt>りょうよう</rt></ruby> <ruby>中<rt>ちゅう</rt></ruby>です。,He is undergoing medical treatment.,
<div class='furi-hint'>しんりょうじょ</div>診療所<div class='hint'>clinic</div>,しんりょうじょ,clinic,<ruby>町<rt>まち</rt></ruby>の <ruby>診療<rt>しんりょう</rt></ruby> <ruby>所<rt>しょ</rt></ruby>で <ruby>看護<rt>かんご</rt></ruby> <ruby>師<rt>し</rt></ruby>をしています。,I'm a nurse at a clinic in town.,
<div class='furi-hint'>きん</div>菌<div class='hint'>bacteria; germ</div>,きん,bacteria; germ,その <ruby>食品<rt>しょくひん</rt></ruby>から <ruby>様々<rt>さまざま</rt></ruby>な <ruby>菌<rt>きん</rt></ruby>が <ruby>検出<rt>けんしゅつ</rt></ruby>された。,Various bacteria were detected in the food.,
<div class='furi-hint'>みさいる</div>ミサイル<div class='hint'>missile</div>,みさいる,missile,<ruby>敵国<rt>てっこく</rt></ruby>がミサイルを <ruby>発射<rt>はっしゃ</rt></ruby>した。,The enemy country launched the missiles.,
<div class='furi-hint'>さいきん</div>細菌<div class='hint'>bacteria; germ</div>,さいきん,bacteria; germ,<ruby>土<rt>つち</rt></ruby>の <ruby>中<rt>なか</rt></ruby>にはたくさんの <ruby>細菌<rt>さいきん</rt></ruby>がいます。,There are a lot of organisms in the soil.,
<div class='furi-hint'>じゅうしょう</div>重症<div class='hint'>serious illness</div>,じゅうしょう,serious illness,<ruby>祖父<rt>そふ</rt></ruby>は <ruby>重症<rt>じゅうしょう</rt></ruby>で <ruby>入院<rt>にゅういん</rt></ruby>しています。,My grandfather is in the hospital with a serious illness.,
<div class='furi-hint'>せいさん</div>清算<div class='hint'>clearing; settlement</div>,せいさん,clearing; settlement,<ruby>借金<rt>しゃっきん</rt></ruby>の <ruby>清算<rt>せいさん</rt></ruby>に 2 <ruby>年<rt>ねん</rt></ruby>かかりました。,It took two years to settle the debt.,
<div class='furi-hint'>かんきん</div>監禁<div class='hint'>confinement</div>,かんきん,confinement,<ruby>女<rt>おんな</rt></ruby>の <ruby>子<rt>こ</rt></ruby>は 3<ruby>日間<rt>みっかかん</rt></ruby> <ruby>監禁<rt>かんきん</rt></ruby>されていた。,The girl was confined for three days.,
<div class='furi-hint'>びょうしゃ</div>描写<div class='hint'>depiction; portrayal</div>,びょうしゃ,depiction; portrayal,<ruby>彼<rt>かれ</rt></ruby>は <ruby>人物<rt>じんぶつ</rt></ruby>の <ruby>描写<rt>びょうしゃ</rt></ruby>がうまい。,He is good at portraits.,
<div class='furi-hint'>ひやく</div>飛躍<div class='hint'>jump; leap</div>,ひやく,jump; leap,<ruby>今年<rt>ことし</rt></ruby>は <ruby>私<rt>わたし</rt></ruby>にとって <ruby>飛躍<rt>ひやく</rt></ruby>の <ruby>年<rt>とし</rt></ruby>だ。,This is a huge year for me.,
<div class='furi-hint'>さいど</div>再度<div class='hint'>a second time</div>,さいど,a second time,この <ruby>問題<rt>もんだい</rt></ruby>は <ruby>再度<rt>さいど</rt></ruby> <ruby>検討<rt>けんとう</rt></ruby>することにしましょう。,Let's examine the problem again.,
<div class='furi-hint'>さいき</div>再起<div class='hint'>comeback; recovery</div>,さいき,comeback; recovery,<ruby>私<rt>わたし</rt></ruby>の <ruby>再起<rt>さいき</rt></ruby>は <ruby>誰<rt>だれ</rt></ruby>も <ruby>予想<rt>よそう</rt></ruby>していなかった。,No one expected my comeback.,
<div class='furi-hint'>さいけん</div>再建<div class='hint'>reconstruction</div>,さいけん,reconstruction,<ruby>古<rt>ふる</rt></ruby>いお <ruby>城<rt>しろ</rt></ruby>の <ruby>再建<rt>さいけん</rt></ruby>が <ruby>進<rt>すす</rt></ruby>んでいます。,The rebuilding of the castle is progressing.,
<div class='furi-hint'>さいさん</div>再三<div class='hint'>again and again</div>,さいさん,again and again,その <ruby>件<rt>けん</rt></ruby>については <ruby>再三<rt>さいさん</rt></ruby>お <ruby>願<rt>ねが</rt></ruby>いした。,I asked about the matter over and over.,
<div class='furi-hint'>へんせい</div>編成<div class='hint'>organization</div>,へんせい,organization,<ruby>新<rt>あたら</rt></ruby>しいオーケストラを <ruby>編成<rt>へんせい</rt></ruby>しました。,A new orchestra was formed.,
<div class='furi-hint'>あみもの</div>編み物<div class='hint'>knitting</div>,あみもの,knitting,<ruby>母<rt>はは</rt></ruby>はよく <ruby>編み<ruby>物<rt>あみもの</rt></ruby>をします。,My mother often knits.,
<div class='furi-hint'>へんにゅう</div>編入<div class='hint'>admission; inclusion</div>,へんにゅう,admission; inclusion,<ruby>私<rt>わたし</rt></ruby>は 2 <ruby>年生<rt>ねんせい</rt></ruby>のときにその <ruby>高校<rt>こうこう</rt></ruby>に <ruby>編入<rt>へんにゅう</rt></ruby>しました。,I transferred to that high school in my sophomore year.,
<div class='furi-hint'>ほうち</div>放置<div class='hint'>neglect</div>,ほうち,neglect,<ruby>虫歯<rt>むしば</rt></ruby>を <ruby>放置<rt>ほうち</rt></ruby>していたら <ruby>痛<rt>いた</rt></ruby>くなった。,When I neglected the bad tooth; it started to hurt.,
<div class='furi-hint'>べらんだ</div>ベランダ<div class='hint'>veranda</div>,べらんだ,veranda,<ruby>彼女<rt>かのじょ</rt></ruby>はベランダでトマトを <ruby>育<rt>そだ</rt></ruby>てています。,She is growing tomatoes on the veranda.,
<div class='furi-hint'>ほうき</div>放棄<div class='hint'>abandonment</div>,ほうき,abandonment,<ruby>私<rt>わたし</rt></ruby>は <ruby>家<rt>いえ</rt></ruby>の <ruby>相続<rt>そうぞく</rt></ruby> <ruby>権<rt>けん</rt></ruby>を <ruby>放棄<rt>ほうき</rt></ruby>しました。,I abandoned the inheritance rights to the house.,
<div class='furi-hint'>ほうか</div>放火<div class='hint'>arson; setting alight</div>,ほうか,arson; setting alight,<ruby>近所<rt>きんじょ</rt></ruby>の <ruby>家<rt>いえ</rt></ruby>が <ruby>放火<rt>ほうか</rt></ruby>されたそうです。,A house in the vicinity seems to have been set on fire.,
<div class='furi-hint'>はなつ</div>放つ<div class='hint'>emit; set free</div>,はなつ,emit; set free,<ruby>的<rt>まと</rt></ruby>に <ruby>向<rt>む</rt></ruby>けて <ruby>矢<rt>や</rt></ruby>を <ruby>放<rt>はな</rt></ruby>った。,I shot the arrow at the target.,
<div class='furi-hint'>ほうにん</div>放任<div class='hint'>leave to one's own devices</div>,ほうにん,leave to one's own devices,<ruby>最近<rt>さいきん</rt></ruby> <ruby>子供<rt>こども</rt></ruby>を <ruby>放任<rt>ほうにん</rt></ruby>する <ruby>親<rt>おや</rt></ruby>が <ruby>増<rt>ふ</rt></ruby>えている。,Recently; the number of parents who let their children run wild is on the increase.,
<div class='furi-hint'>かんし</div>監視<div class='hint'>observation</div>,かんし,observation,<ruby>入り<ruby>口<rt>いりくち</rt></ruby>の <ruby>監視<rt>かんし</rt></ruby>カメラが <ruby>故障<rt>こしょう</rt></ruby>している。,The surveillance camera at the entrance is out of order.,
<div class='furi-hint'>しや</div>視野<div class='hint'>field of vision; one's mental horizon</div>,しや,field of vision; one's mental horizon,もっと <ruby>広<rt>ひろ</rt></ruby>く <ruby>視野<rt>しや</rt></ruby>を <ruby>持<rt>も</rt></ruby>つべきです。,It is necessary to have a broader outlook.,
<div class='furi-hint'>しりょく</div>視力<div class='hint'>eyesight</div>,しりょく,eyesight,<ruby>視力<rt>しりょく</rt></ruby>が <ruby>落<rt>お</rt></ruby>ちたのでメガネを <ruby>作<rt>つく</rt></ruby>りました。,I had some glasses made as my eyesight had deteriorated.,
<div class='furi-hint'>しさつ</div>視察<div class='hint'>inspection</div>,しさつ,inspection,<ruby>知事<rt>ちじ</rt></ruby>が <ruby>発電<rt>はつでん</rt></ruby> <ruby>所<rt>しょ</rt></ruby>を <ruby>視察<rt>しさつ</rt></ruby>した。,The governor inspected the power plant.,
<div class='furi-hint'>ちょうかく</div>聴覚<div class='hint'>sense of hearing</div>,ちょうかく,sense of hearing,<ruby>彼<rt>かれ</rt></ruby>の <ruby>聴覚<rt>ちょうかく</rt></ruby>は <ruby>鋭<rt>するど</rt></ruby>い。,His hearing is sharp.,
<div class='furi-hint'>だつい</div>脱衣<div class='hint'>undressing</div>,だつい,undressing,それは <ruby>脱衣<rt>だつい</rt></ruby>カゴです。,That is a basket for your clothes.,
<div class='furi-hint'>はくい</div>白衣<div class='hint'>white coat; white robe</div>,はくい,white coat; white robe,<ruby>実験<rt>じっけん</rt></ruby> <ruby>中<rt>ちゅう</rt></ruby>は <ruby>白衣<rt>はくい</rt></ruby>を <ruby>着<rt>き</rt></ruby>てください。,Please wear a white coat while experimenting.,
<div class='furi-hint'>こういしつ</div>更衣室<div class='hint'>changing room</div>,こういしつ,changing room,<ruby>更衣<rt>こうい</rt></ruby> <ruby>室<rt>しつ</rt></ruby>には <ruby>鍵<rt>かぎ</rt></ruby>がかかっています。,The locker room is locked.,
<div class='furi-hint'>いしょう</div>衣装<div class='hint'>clothes; costume</div>,いしょう,clothes; costume,<ruby>彼女<rt>かのじょ</rt></ruby>の <ruby>花嫁<rt>はなよめ</rt></ruby> <ruby>衣装<rt>いしょう</rt></ruby>は <ruby>素敵<rt>すてき</rt></ruby>でした。,Her bridal costume was wonderful.,
<div class='furi-hint'>せいそう</div>正装<div class='hint'>formal dress; full uniform</div>,せいそう,formal dress; full uniform,パーティーには <ruby>正装<rt>せいそう</rt></ruby>して <ruby>行<rt>い</rt></ruby>きました。,I dressed up to go to the party.,
<div class='furi-hint'>ろびー</div>ロビー<div class='hint'>lobby</div>,ろびー,lobby,ホテルのロビーで <ruby>待ち<ruby>合<rt>まちあ</rt></ruby>わせています。,We are meeting in the hotel lobby.,
<div class='furi-hint'>かめん</div>仮面<div class='hint'>disguise; mask</div>,かめん,disguise; mask,<ruby>仮面<rt>かめん</rt></ruby>をつけた <ruby>男<rt>おとこ</rt></ruby>が <ruby>登場<rt>とうじょう</rt></ruby>した。,A man wearing a mask appeared.,
<div class='furi-hint'>かせつ</div>仮説<div class='hint'>hypothesis</div>,かせつ,hypothesis,その <ruby>仮説<rt>かせつ</rt></ruby>は <ruby>正<rt>ただ</rt></ruby>しかった。,The hypothesis was correct.,
<div class='furi-hint'>ぼうえんきょう</div>望遠鏡<div class='hint'>telescope</div>,ぼうえんきょう,telescope,<ruby>望遠鏡<rt>ぼうえんきょう</rt></ruby>で <ruby>星<rt>ほし</rt></ruby>を <ruby>観察<rt>かんさつ</rt></ruby>しました。,We observed the stars with a telescope.,
<div class='furi-hint'>えんしゅつ</div>演出<div class='hint'>production</div>,えんしゅつ,production,<ruby>彼<rt>かれ</rt></ruby>がその <ruby>映画<rt>えいが</rt></ruby>の <ruby>演出<rt>えんしゅつ</rt></ruby>を <ruby>担当<rt>たんとう</rt></ruby>しました。,He was in charge of the movie's production.,
<div class='furi-hint'>しゅえん</div>主演<div class='hint'>leading part</div>,しゅえん,leading part,その <ruby>俳優<rt>はいゆう</rt></ruby>が <ruby>主演<rt>しゅえん</rt></ruby>の <ruby>映画<rt>えいが</rt></ruby>は <ruby>全<rt>すべ</rt></ruby>てヒットする。,All movies that the actor stars in are hits.,
<div class='furi-hint'>じょうえん</div>上演<div class='hint'>stage performance</div>,じょうえん,stage performance,<ruby>本日<rt>ほんじつ</rt></ruby>の <ruby>上演<rt>じょうえん</rt></ruby>は <ruby>午後<rt>ごご</rt></ruby> 7 <ruby>時<rt>じ</rt></ruby>からです。,Today's presentation is from 7pm.,
<div class='furi-hint'>えんぎ</div>演技<div class='hint'>acting; performance</div>,えんぎ,acting; performance,<ruby>彼女<rt>かのじょ</rt></ruby>の <ruby>演技<rt>えんぎ</rt></ruby>は <ruby>見事<rt>みごと</rt></ruby>だった。,Her acting was splendid.,
<div class='furi-hint'>えんしゅう</div>演習<div class='hint'>practice</div>,えんしゅう,practice,<ruby>明日<rt>あした</rt></ruby>は <ruby>運動会<rt>うんどうかい</rt></ruby>の <ruby>予行<rt>よこう</rt></ruby> <ruby>演習<rt>えんしゅう</rt></ruby>があります。,There is a practice for the sports day tomorrow.,
<div class='furi-hint'>げきてき</div>劇的<div class='hint'>dramatic</div>,げきてき,dramatic,<ruby>彼<rt>かれ</rt></ruby>はその <ruby>薬<rt>くすり</rt></ruby>で <ruby>劇的<rt>げきてき</rt></ruby>に <ruby>回復<rt>かいふく</rt></ruby>した。,He made a dramatic recovery thanks to the medicine.,
<div class='furi-hint'>ひさん</div>悲惨<div class='hint'>miserable; tragic</div>,ひさん,miserable; tragic,ここで <ruby>悲惨<rt>ひさん</rt></ruby>な <ruby>事故<rt>じこ</rt></ruby>があった。,Some tragic accidents happened here.,
<div class='furi-hint'>こけい</div>固形<div class='hint'>solid</div>,こけい,solid,<ruby>私<rt>わたし</rt></ruby>は <ruby>固形<rt>こけい</rt></ruby> <ruby>石鹸<rt>せっけん</rt></ruby>を <ruby>主<rt>おも</rt></ruby>に <ruby>使<rt>つか</rt></ruby>う。,I chiefly use bars of soap.,
<div class='furi-hint'>び</div>美<div class='hint'>beauty; grace</div>,び,beauty; grace,<ruby>私<rt>わたし</rt></ruby>は <ruby>一生<rt>いっしょう</rt></ruby> <ruby>美<rt>び</rt></ruby>を <ruby>追い<ruby>求<rt>おいもと</rt></ruby>めたい。,I hope to spend my life in the pursuit of beauty.,
<div class='furi-hint'>びよう</div>美容<div class='hint'>beauty</div>,びよう,beauty,<ruby>彼女<rt>かのじょ</rt></ruby>は <ruby>美容<rt>びよう</rt></ruby>に <ruby>気<rt>き</rt></ruby>を <ruby>使<rt>つか</rt></ruby>っています。,She takes care of her appearance.,
<div class='furi-hint'>びじょ</div>美女<div class='hint'>beautiful woman</div>,びじょ,beautiful woman,<ruby>彼<rt>かれ</rt></ruby>は <ruby>美女<rt>びじょ</rt></ruby>に <ruby>囲<rt>かこ</rt></ruby>まれていた。,He was surrounded by beautiful women.,
<div class='furi-hint'>びか</div>美化<div class='hint'>beautification</div>,びか,beautification,<ruby>彼<rt>かれ</rt></ruby>は <ruby>自分<rt>じぶん</rt></ruby>の <ruby>過去<rt>かこ</rt></ruby>を <ruby>美化<rt>びか</rt></ruby>している。,He is embellishing his past.,
でかい<div class='hint'>enormous; huge</div>,でかい,enormous; huge,あいつは <ruby>態度<rt>たいど</rt></ruby>がでかい。,That man has presence.,
<div class='furi-hint'>はくがく</div>博学<div class='hint'>erudition</div>,はくがく,erudition,<ruby>彼<rt>かれ</rt></ruby>は <ruby>博学<rt>はくがく</rt></ruby>だ。,He is learned.,
<div class='furi-hint'>てんじ</div>展示<div class='hint'>display; exhibition</div>,てんじ,display; exhibition,この <ruby>絵<rt>え</rt></ruby>は <ruby>来週<rt>らいしゅう</rt></ruby>まで <ruby>展示<rt>てんじ</rt></ruby>します。,This picture will be displayed until next week.,
<div class='furi-hint'>てんぼう</div>展望<div class='hint'>outlook; view</div>,てんぼう,outlook; view,<ruby>山<rt>やま</rt></ruby>の <ruby>頂上<rt>ちょうじょう</rt></ruby>から <ruby>町<rt>まち</rt></ruby>を <ruby>展望<rt>てんぼう</rt></ruby>しました。,We viewed the town from the top of the mountain.,
<div class='furi-hint'>そくしん</div>促進<div class='hint'>encouragement; promotion</div>,そくしん,encouragement; promotion,その <ruby>会社<rt>かいしゃ</rt></ruby>はキャンペーンをして <ruby>販売<rt>はんばい</rt></ruby>を <ruby>促進<rt>そくしん</rt></ruby>している。,The company is having a campaign and pushing sales.,
<div class='furi-hint'>とくそく</div>督促<div class='hint'>reminder; urging</div>,とくそく,reminder; urging,<ruby>市役所<rt>しやくしょ</rt></ruby>から <ruby>税金<rt>ぜいきん</rt></ruby>を <ruby>督促<rt>とくそく</rt></ruby>された。,I was reminded to pay tax by the city office.,
<div class='furi-hint'>そくせい</div>促成<div class='hint'>promotion of growth</div>,そくせい,promotion of growth,その <ruby>農家<rt>のうか</rt></ruby>ではトマトの <ruby>促成<rt>そくせい</rt></ruby> <ruby>栽培<rt>さいばい</rt></ruby>をしている。,Tomatoes are grown intensively on this farm.,
<div class='furi-hint'>ちょうしゅう</div>徴収<div class='hint'>collection of dues</div>,ちょうしゅう,collection of dues,<ruby>遺産<rt>いさん</rt></ruby>を <ruby>相続<rt>そうぞく</rt></ruby>したとき <ruby>多額<rt>たがく</rt></ruby>の <ruby>税金<rt>ぜいきん</rt></ruby>を <ruby>徴収<rt>ちょうしゅう</rt></ruby>された。,When I got my inheritance; I was forced to pay a large sum of tax.,
<div class='furi-hint'>びしょう</div>微笑<div class='hint'>smile</div>,びしょう,smile,<ruby>彼女<rt>かのじょ</rt></ruby>は <ruby>微笑<rt>びしょう</rt></ruby>を <ruby>浮<rt>う</rt></ruby>かべた。,A faint smile danced on her lips.,
<div class='furi-hint'>みょう</div>妙<div class='hint'>strangeness</div>,みょう,strangeness,<ruby>彼<rt>かれ</rt></ruby>は <ruby>妙<rt>みょう</rt></ruby>な <ruby>動<rt>うご</rt></ruby>きをした。,He made a strange movement.,
<div class='furi-hint'>きみょう</div>奇妙<div class='hint'>queer; strange</div>,きみょう,queer; strange,<ruby>彼<rt>かれ</rt></ruby>から <ruby>奇妙<rt>きみょう</rt></ruby>な <ruby>話<rt>はなし</rt></ruby>を <ruby>聞<rt>き</rt></ruby>きました。,I heard a strange story from him.,
<div class='furi-hint'>とっきょ</div>特許<div class='hint'>patent</div>,とっきょ,patent,<ruby>今<rt>いま</rt></ruby>この <ruby>発明<rt>はつめい</rt></ruby> <ruby>品<rt>ひん</rt></ruby>は <ruby>特許<rt>とっきょ</rt></ruby>を <ruby>申請<rt>しんせい</rt></ruby> <ruby>中<rt>ちゅう</rt></ruby>です。,The patent for this invention is pending now.,
<div class='furi-hint'>きょよう</div>許容<div class='hint'>toleration</div>,きょよう,toleration,このミスは <ruby>許容<rt>きょよう</rt></ruby> <ruby>範囲<rt>はんい</rt></ruby>を <ruby>超<rt>こ</rt></ruby>えている。,This mistake exceeds the limits of acceptability.,
<div class='furi-hint'>きょうくん</div>教訓<div class='hint'>lesson; precept</div>,きょうくん,lesson; precept,<ruby>過去<rt>かこ</rt></ruby>の <ruby>失敗<rt>しっぱい</rt></ruby>を <ruby>教訓<rt>きょうくん</rt></ruby>にしましょう。,Let's learn from our past mistakes.,
<div class='furi-hint'>とっくん</div>特訓<div class='hint'>crash course; special training</div>,とっくん,crash course; special training,<ruby>彼女<rt>かのじょ</rt></ruby>は <ruby>乗馬<rt>じょうば</rt></ruby>を <ruby>特訓<rt>とっくん</rt></ruby>したそうです。,She had special training in horse riding apparently.,
<div class='furi-hint'>めかにずむ</div>メカニズム<div class='hint'>mechanism</div>,めかにずむ,mechanism,ホルモンのメカニズムを <ruby>研究<rt>けんきゅう</rt></ruby>しています。,I'm researching the mechanism of hormones.,
<div class='furi-hint'>しほう</div>司法<div class='hint'>administration of justice</div>,しほう,administration of justice,<ruby>彼<rt>かれ</rt></ruby>は <ruby>司法<rt>しほう</rt></ruby> <ruby>試験<rt>しけん</rt></ruby>に <ruby>向<rt>む</rt></ruby>けて <ruby>勉強<rt>べんきょう</rt></ruby>している。,He is studying for the bar examination.,
<div class='furi-hint'>こうばい</div>購買<div class='hint'>buying; purchasing</div>,こうばい,buying; purchasing,<ruby>購買<rt>こうばい</rt></ruby>で <ruby>昼食<rt>ちゅうしょく</rt></ruby>のパンを <ruby>買<rt>か</rt></ruby>った。,At the kiosk I bought some bread for lunch.,
<div class='furi-hint'>りょうし</div>漁師<div class='hint'>fisherman</div>,りょうし,fisherman,<ruby>叔父<rt>おじ</rt></ruby>は <ruby>漁師<rt>りょうし</rt></ruby>をしています。,My uncle is a fisherman.,
<div class='furi-hint'>じょきょうじゅ</div>助教授<div class='hint'>assistant professor</div>,じょきょうじゅ,assistant professor,<ruby>彼<rt>かれ</rt></ruby>はその <ruby>大学<rt>だいがく</rt></ruby>の <ruby>助教授<rt>じょきょうじゅ</rt></ruby>だ。,He is an assistant professor at the university.,
<div class='furi-hint'>でんたつ</div>伝達<div class='hint'>transmission</div>,でんたつ,transmission,<ruby>災害<rt>さいがい</rt></ruby> <ruby>時<rt>じ</rt></ruby>には <ruby>情報<rt>じょうほう</rt></ruby> <ruby>伝達<rt>でんたつ</rt></ruby>が <ruby>難<rt>むずか</rt></ruby>しい。,Transmission of information is difficult when there is a disaster.,
<div class='furi-hint'>いでん</div>遺伝<div class='hint'>inheritance</div>,いでん,inheritance,<ruby>彼<rt>かれ</rt></ruby>の <ruby>音楽<rt>おんがく</rt></ruby>の <ruby>才能<rt>さいのう</rt></ruby>は <ruby>母親<rt>ははおや</rt></ruby>からの <ruby>遺伝<rt>いでん</rt></ruby>です。,His musical talent is inherited from his mother.,
<div class='furi-hint'>はくちょう</div>白鳥<div class='hint'>swan</div>,はくちょう,swan,<ruby>白鳥<rt>はくちょう</rt></ruby>が <ruby>湖<rt>みずうみ</rt></ruby>を <ruby>泳<rt>およ</rt></ruby>いでいます。,The swan is swimming on the lake.,
<div class='furi-hint'>せいめい</div>声明<div class='hint'>declaration</div>,せいめい,declaration,<ruby>大統領<rt>だいとうりょう</rt></ruby>が <ruby>声明<rt>せいめい</rt></ruby>を <ruby>発表<rt>はっぴょう</rt></ruby>しました。,The president made a statement.,
<div class='furi-hint'>おんせい</div>音声<div class='hint'>sound; voice</div>,おんせい,sound; voice,<ruby>録音<rt>ろくおん</rt></ruby> <ruby>前<rt>まえ</rt></ruby>に <ruby>音声<rt>おんせい</rt></ruby>テストをした。,A voice test was done before recording.,
<div class='furi-hint'>めいせい</div>名声<div class='hint'>fame; reputation</div>,めいせい,fame; reputation,<ruby>彼<rt>かれ</rt></ruby>は <ruby>世界<rt>せかい</rt></ruby> <ruby>的<rt>てき</rt></ruby>な <ruby>指揮<rt>しき</rt></ruby> <ruby>者<rt>しゃ</rt></ruby>として <ruby>名声<rt>めいせい</rt></ruby>を <ruby>得<rt>え</rt></ruby>た。,He became famous as a worldwide conductor.,
<div class='furi-hint'>けいば</div>競馬<div class='hint'>horse racing</div>,けいば,horse racing,<ruby>先週<rt>せんしゅう</rt></ruby> <ruby>競馬<rt>けいば</rt></ruby>でもうけた。,Last week; I bet on the horses and won.,
<div class='furi-hint'>おおさわぎ</div>大騒ぎ<div class='hint'>racket; uproar</div>,おおさわぎ,racket; uproar,<ruby>大騒<rt>おおさわ</rt></ruby>ぎして <ruby>何事<rt>なにごと</rt></ruby>ですか。,What is all the fuss about?,
<div class='furi-hint'>しいく</div>飼育<div class='hint'>breeding</div>,しいく,breeding,<ruby>田舎<rt>いなか</rt></ruby>の <ruby>叔父<rt>おじ</rt></ruby>は <ruby>鶏<rt>にわとり</rt></ruby>の <ruby>飼育<rt>しいく</rt></ruby>をしている。,My uncle in the country breeds chickens.,
<div class='furi-hint'>げきどう</div>激動<div class='hint'>turmoil; violent shaking</div>,げきどう,turmoil; violent shaking,<ruby>彼<rt>かれ</rt></ruby>は <ruby>激動<rt>げきどう</rt></ruby>の <ruby>時代<rt>じだい</rt></ruby>をたくましく <ruby>生き<ruby>抜<rt>いきぬ</rt></ruby>いた。,He bravely survived a volatile era.,
ちょっぴり<div class='hint'>just a little; morsel</div>,ちょっぴり,just a little; morsel,<ruby>今<rt>いま</rt></ruby> <ruby>彼<rt>かれ</rt></ruby>はちょっぴり <ruby>不安<rt>ふあん</rt></ruby>になっている。,At the moment; he's a bit uptight.,
<div class='furi-hint'>しんこう</div>振興<div class='hint'>furtherance; promotion</div>,しんこう,furtherance; promotion,<ruby>彼女<rt>かのじょ</rt></ruby>は <ruby>教育<rt>きょういく</rt></ruby>の <ruby>振興<rt>しんこう</rt></ruby>に <ruby>一生<rt>いっしょう</rt></ruby>をささげました。,She devoted her life to the promotion of education.,
<div class='furi-hint'>しんこう</div>新興<div class='hint'>newly-established; rising</div>,しんこう,newly-established; rising,<ruby>新興<rt>しんこう</rt></ruby>ビジネスが <ruby>数多<rt>かずおお</rt></ruby>く <ruby>出<rt>で</rt></ruby>て <ruby>来<rt>き</rt></ruby>ています。,A lot of new businesses have emerged.,
<div class='furi-hint'>げし</div>夏至<div class='hint'>summer solstice</div>,げし,summer solstice,<ruby>夏至<rt>げし</rt></ruby>は 1 <ruby>年<rt>ねん</rt></ruby>で <ruby>最<rt>もっと</rt></ruby>も <ruby>昼<rt>ひる</rt></ruby>が <ruby>長<rt>なが</rt></ruby>い。,The summer solstice is the longest day of the year.,
<div class='furi-hint'>ちめいてき</div>致命的<div class='hint'>fatal</div>,ちめいてき,fatal,<ruby>彼<rt>かれ</rt></ruby>は <ruby>胸<rt>むね</rt></ruby>に <ruby>致命<rt>ちめい</rt></ruby> <ruby>的<rt>てき</rt></ruby>な <ruby>傷<rt>きず</rt></ruby>を <ruby>負<rt>お</rt></ruby>った。,He received a fatal wound to the chest.,
<div class='furi-hint'>とうらい</div>到来<div class='hint'>advent; arrival</div>,とうらい,advent; arrival,<ruby>新<rt>あたら</rt></ruby>しい <ruby>時代<rt>じだい</rt></ruby>の <ruby>到来<rt>とうらい</rt></ruby>だ。,A new era has arrived.,
<div class='furi-hint'>さっとう</div>殺到<div class='hint'>rush</div>,さっとう,rush,<ruby>会場<rt>かいじょう</rt></ruby>に <ruby>大勢<rt>おおぜい</rt></ruby>のファンが <ruby>殺到<rt>さっとう</rt></ruby>した。,Many fans poured into the hall.,
<div class='furi-hint'>あっとう</div>圧倒<div class='hint'>overpower; overwhelm</div>,あっとう,overpower; overwhelm,<ruby>彼<rt>かれ</rt></ruby>の <ruby>迫力<rt>はくりょく</rt></ruby>に <ruby>圧倒<rt>あっとう</rt></ruby>された。,I was overwhelmed by his power.,
<div class='furi-hint'>ふさい</div>負債<div class='hint'>debt; liabilities</div>,ふさい,debt; liabilities,<ruby>彼<rt>かれ</rt></ruby>には 1000 <ruby>万<rt>まん</rt></ruby> <ruby>円<rt>えん</rt></ruby>の <ruby>負債<rt>ふさい</rt></ruby>が <ruby>残<rt>のこ</rt></ruby>っている。,He still has debts of 10 million yen.,
<div class='furi-hint'>しゃめん</div>斜面<div class='hint'>slope</div>,しゃめん,slope,スキーで <ruby>急<rt>きゅう</rt></ruby>な <ruby>斜面<rt>しゃめん</rt></ruby>を <ruby>滑<rt>すべ</rt></ruby>るのは <ruby>快感<rt>かいかん</rt></ruby>だ。,It's fun skiing down a steep slope.,
<div class='furi-hint'>けいしゃ</div>傾斜<div class='hint'>inclination; slant</div>,けいしゃ,inclination; slant,この <ruby>土地<rt>とち</rt></ruby>は <ruby>傾斜<rt>けいしゃ</rt></ruby>が <ruby>大<rt>おお</rt></ruby>きい。,The slope on this land is steep.,
<div class='furi-hint'>こうか</div>硬化<div class='hint'>hardness; stiffness</div>,こうか,hardness; stiffness,それを <ruby>聞<rt>き</rt></ruby>いて <ruby>彼<rt>かれ</rt></ruby>は <ruby>態度<rt>たいど</rt></ruby>を <ruby>硬化<rt>こうか</rt></ruby>させた。,His attitude hardened when he heard about it.,
<div class='furi-hint'>きんぱく</div>緊迫<div class='hint'>strain; tension</div>,きんぱく,strain; tension,<ruby>現場<rt>げんば</rt></ruby>はとても <ruby>緊迫<rt>きんぱく</rt></ruby>していた。,The site had become very tense.,
<div class='furi-hint'>ぼうちょう</div>膨張<div class='hint'>expansion; growth</div>,ぼうちょう,expansion; growth,<ruby>暑<rt>あつ</rt></ruby>さでペットボトルが <ruby>膨張<rt>ぼうちょう</rt></ruby>した。,The plastic drink bottle has expanded in the heat.,
<div class='furi-hint'>しょうどう</div>衝動<div class='hint'>impulse; urge</div>,しょうどう,impulse; urge,<ruby>叫<rt>さけ</rt></ruby>びたい <ruby>衝動<rt>しょうどう</rt></ruby>をなんとか <ruby>抑<rt>おさ</rt></ruby>えました。,I managed to suppress the impulse to shout.,
<div class='furi-hint'>どーなつ</div>ドーナツ<div class='hint'>donut</div>,どーなつ,donut,<ruby>妹<rt>いもうと</rt></ruby>はドーナツが <ruby>大好<rt>だいす</rt></ruby>きです。,My younger sister loves donuts.,
<div class='furi-hint'>とっぱ</div>突破<div class='hint'>breakthrough</div>,とっぱ,breakthrough,<ruby>入場<rt>にゅうじょう</rt></ruby> <ruby>者<rt>しゃ</rt></ruby>が 10 <ruby>万<rt>まん</rt></ruby> <ruby>人<rt>にん</rt></ruby>を <ruby>突破<rt>とっぱ</rt></ruby>しました。,The number of visitors exceeded 100;000.,
<div class='furi-hint'>せっしょく</div>接触<div class='hint'>contact; touch</div>,せっしょく,contact; touch,<ruby>高速<rt>こうそく</rt></ruby>で <ruby>車<rt>くるま</rt></ruby>どうしの <ruby>接触<rt>せっしょく</rt></ruby> <ruby>事故<rt>じこ</rt></ruby>があった。,There was a high speed collision between the cars.,
<div class='furi-hint'>かんしょく</div>感触<div class='hint'>feeling; touch</div>,かんしょく,feeling; touch,その <ruby>生地<rt>きじ</rt></ruby>は <ruby>絹<rt>きぬ</rt></ruby>のような <ruby>感触<rt>かんしょく</rt></ruby>だ。,The cloth feels like silk.,
<div class='furi-hint'>とうひ</div>逃避<div class='hint'>escape; evasion</div>,とうひ,escape; evasion,<ruby>現実<rt>げんじつ</rt></ruby>から <ruby>逃避<rt>とうひ</rt></ruby>していては <ruby>何<rt>なに</rt></ruby>も <ruby>解決<rt>かいけつ</rt></ruby>しません。,Nothing is solved if you run away from reality.,
<div class='furi-hint'>ひしょ</div>避暑<div class='hint'>summering</div>,ひしょ,summering,<ruby>彼<rt>かれ</rt></ruby>は <ruby>避暑<rt>ひしょ</rt></ruby>に <ruby>出<rt>で</rt></ruby>かけている。,He has gone away for the summer.,
<div class='furi-hint'>かいぐん</div>海軍<div class='hint'>navy</div>,かいぐん,navy,<ruby>彼<rt>かれ</rt></ruby>は <ruby>海軍<rt>かいぐん</rt></ruby> <ruby>士官<rt>しかん</rt></ruby>です。,He is a naval officer.,
<div class='furi-hint'>しょうぐん</div>将軍<div class='hint'>general; shogun</div>,しょうぐん,general; shogun,<ruby>彼<rt>かれ</rt></ruby>は <ruby>日本<rt>にほん</rt></ruby> <ruby>最後<rt>さいご</rt></ruby>の <ruby>将軍<rt>しょうぐん</rt></ruby>です。,He was Japan's final shogun.,
<div class='furi-hint'>ぐんじん</div>軍人<div class='hint'>military man; soldier</div>,ぐんじん,military man; soldier,この <ruby>国<rt>くに</rt></ruby>には <ruby>女性<rt>じょせい</rt></ruby>の <ruby>軍人<rt>ぐんじん</rt></ruby>もたくさんいます。,There are also a lot of female soldiers in this country.,
<div class='furi-hint'>りくぐん</div>陸軍<div class='hint'>army</div>,りくぐん,army,<ruby>祖父<rt>そふ</rt></ruby>は <ruby>陸軍<rt>りくぐん</rt></ruby>にいました。,My grandfather was in the army.,
<div class='furi-hint'>くうぐん</div>空軍<div class='hint'>air force</div>,くうぐん,air force,<ruby>彼<rt>かれ</rt></ruby>は <ruby>空軍<rt>くうぐん</rt></ruby>のパイロットです。,He is a pilot in the air force.,
<div class='furi-hint'>へいえき</div>兵役<div class='hint'>military service</div>,へいえき,military service,あの <ruby>国<rt>くに</rt></ruby>には<ruby>三 <ruby>年<rt>ねん</rt></ruby>の <ruby>兵役<rt>へいえき</rt></ruby>があります。,They have three years military service in that country.,
<div class='furi-hint'>かくしん</div>核心<div class='hint'>core; heart</div>,かくしん,core; heart,<ruby>話し<ruby>合<rt>はなしあ</rt></ruby>いは <ruby>問題<rt>もんだい</rt></ruby>の <ruby>核心<rt>かくしん</rt></ruby>に <ruby>移<rt>うつ</rt></ruby>った。,The discussion moved on to the core issues.,
<div class='furi-hint'>ちゅうかく</div>中核<div class='hint'>core; kernel</div>,ちゅうかく,core; kernel,<ruby>彼<rt>かれ</rt></ruby>はチームの <ruby>中核<rt>ちゅうかく</rt></ruby>だ。,He is the core of the team.,
<div class='furi-hint'>ぶそう</div>武装<div class='hint'>armament; equipment</div>,ぶそう,armament; equipment,そのテロリストたちは <ruby>武装<rt>ぶそう</rt></ruby>している。,The terrorists are armed.,
あいつ<div class='hint'>that guy</div>,あいつ,that guy,あいつは <ruby>本当<rt>ほんとう</rt></ruby>にいい <ruby>奴<rt>やつ</rt></ruby>だ。,He is a really great person.,
<div class='furi-hint'>ぶりょく</div>武力<div class='hint'>military power</div>,ぶりょく,military power,<ruby>政府<rt>せいふ</rt></ruby>は <ruby>武力<rt>ぶりょく</rt></ruby>を <ruby>使<rt>つか</rt></ruby>って <ruby>暴動<rt>ぼうどう</rt></ruby>を <ruby>抑<rt>おさ</rt></ruby>えた。,The government suppressed the riot by using military power.,
<div class='furi-hint'>じゅう</div>銃<div class='hint'>gun; rifle</div>,じゅう,gun; rifle,<ruby>犯人<rt>はんにん</rt></ruby>は <ruby>警官<rt>けいかん</rt></ruby>に <ruby>銃<rt>じゅう</rt></ruby>を <ruby>向<rt>む</rt></ruby>けた。,The criminal turned the gun on the policeman.,
<div class='furi-hint'>じゅうじつ</div>充実<div class='hint'>plentiful; substantial</div>,じゅうじつ,plentiful; substantial,<ruby>彼<rt>かれ</rt></ruby>は <ruby>充実<rt>じゅうじつ</rt></ruby>した <ruby>生活<rt>せいかつ</rt></ruby>を <ruby>送<rt>おく</rt></ruby>っている。,He is living a fulfilling life.,
<div class='furi-hint'>ほじゅう</div>補充<div class='hint'>replenishment</div>,ほじゅう,replenishment,プリンターにインクを <ruby>補充<rt>ほじゅう</rt></ruby>した。,The printer was replenished with ink.,
<div class='furi-hint'>だんあつ</div>弾圧<div class='hint'>oppression</div>,だんあつ,oppression,その <ruby>民族<rt>みんぞく</rt></ruby>はずっと <ruby>弾圧<rt>だんあつ</rt></ruby>されてきた。,That ethnic group has been oppressed for a long time.,
<div class='furi-hint'>はじく</div>弾く<div class='hint'>play on</div>,はじく,play on,<ruby>鳥<rt>とり</rt></ruby>の <ruby>羽<rt>はね</rt></ruby>は <ruby>水<rt>みず</rt></ruby>を <ruby>弾<rt>はじ</rt></ruby>きます。,Birds' wings repel water.,
<div class='furi-hint'>しょうげき</div>衝撃<div class='hint'>impact; shock</div>,しょうげき,impact; shock,<ruby>衝撃<rt>しょうげき</rt></ruby>のニュースが <ruby>飛び<ruby>込<rt>とびこ</rt></ruby>んできた。,The shocking news filled the airwaves.,
<div class='furi-hint'>もくげき</div>目撃<div class='hint'>observation</div>,もくげき,observation,<ruby>交通<rt>こうつう</rt></ruby> <ruby>事故<rt>じこ</rt></ruby>を <ruby>目撃<rt>もくげき</rt></ruby>した。,I witnessed a traffic accident.,
<div class='furi-hint'>だげき</div>打撃<div class='hint'>batting; blow</div>,だげき,batting; blow,その <ruby>町<rt>まち</rt></ruby>は <ruby>台風<rt>たいふう</rt></ruby>で <ruby>打撃<rt>だげき</rt></ruby>を <ruby>受<rt>う</rt></ruby>けた。,The town received a shock because of the typhoon.,
<div class='furi-hint'>ちょくげき</div>直撃<div class='hint'>direct hit</div>,ちょくげき,direct hit,<ruby>台風<rt>たいふう</rt></ruby>がその <ruby>島<rt>しま</rt></ruby>を <ruby>直撃<rt>ちょくげき</rt></ruby>した。,The typhoon hit the island directly.,
<div class='furi-hint'>はんげき</div>反撃<div class='hint'>counterattack</div>,はんげき,counterattack,<ruby>敵<rt>てき</rt></ruby>が <ruby>反撃<rt>はんげき</rt></ruby>してきた。,The enemy has counterattacked.,
<div class='furi-hint'>げんばく</div>原爆<div class='hint'>atomic bomb</div>,げんばく,atomic bomb,<ruby>原爆<rt>げんばく</rt></ruby>で <ruby>大勢<rt>おおぜい</rt></ruby>の <ruby>人<rt>ひと</rt></ruby>が <ruby>亡<rt>な</rt></ruby>くなりました。,Many people died in the atomic bomb blast.,
<div class='furi-hint'>ぼうどう</div>暴動<div class='hint'>disturbance; riot</div>,ぼうどう,disturbance; riot,<ruby>各地<rt>かくち</rt></ruby>で <ruby>暴動<rt>ぼうどう</rt></ruby>が <ruby>起<rt>お</rt></ruby>きています。,Riots have broken out in various places.,
<div class='furi-hint'>しゅうげき</div>襲撃<div class='hint'>attack; raid</div>,しゅうげき,attack; raid,<ruby>真夜中<rt>まよなか</rt></ruby>の <ruby>襲撃<rt>しゅうげき</rt></ruby>で <ruby>多数<rt>たすう</rt></ruby>の <ruby>兵士<rt>へいし</rt></ruby>が <ruby>死傷<rt>ししょう</rt></ruby>した。,A lot of soldiers were killed and injured in the attack in the middle of the night.,
<div class='furi-hint'>すぱい</div>スパイ<div class='hint'>spy</div>,すぱい,spy,そのスパイ <ruby>事件<rt>じけん</rt></ruby>は <ruby>世界<rt>せかい</rt></ruby>を <ruby>驚<rt>おどろ</rt></ruby>かせた。,The spy incident surprised the world.,
<div class='furi-hint'>ぜつぼう</div>絶望<div class='hint'>despair; hopelessness</div>,ぜつぼう,despair; hopelessness,<ruby>彼<rt>かれ</rt></ruby>は <ruby>人生<rt>じんせい</rt></ruby>に <ruby>絶望<rt>ぜつぼう</rt></ruby>していた。,He despaired of life itself.,
<div class='furi-hint'>ぜっこう</div>絶好<div class='hint'>best; splendid</div>,ぜっこう,best; splendid,<ruby>秋<rt>あき</rt></ruby>は <ruby>旅行<rt>りょこう</rt></ruby>に <ruby>絶好<rt>ぜっこう</rt></ruby>の <ruby>季節<rt>きせつ</rt></ruby>です。,Fall is a wonderful season for travel.,
<div class='furi-hint'>しょうめつ</div>消滅<div class='hint'>disappearance; extinction</div>,しょうめつ,disappearance; extinction,<ruby>大切<rt>たいせつ</rt></ruby>なデータが <ruby>消滅<rt>しょうめつ</rt></ruby>してしまった。,Important data has disappeared.,
<div class='furi-hint'>めった</div>滅多<div class='hint'>reckless; seldom</div>,めった,reckless; seldom,めったな <ruby>事<rt>こと</rt></ruby>はできません。,I can't do this absurd thing.,
<div class='furi-hint'>めつぼう</div>滅亡<div class='hint'>downfall; ruin</div>,めつぼう,downfall; ruin,その <ruby>文明<rt>ぶんめい</rt></ruby>は <ruby>何<rt>なん</rt></ruby> <ruby>千<rt>せん</rt></ruby> <ruby>年<rt>ねん</rt></ruby>も <ruby>前<rt>まえ</rt></ruby>に <ruby>滅亡<rt>めつぼう</rt></ruby>した。,The civilization was destroyed thousands of years ago.,
<div class='furi-hint'>ぜんめつ</div>全滅<div class='hint'>annihilation; total destruction</div>,ぜんめつ,annihilation; total destruction,<ruby>台風<rt>たいふう</rt></ruby>で <ruby>畑<rt>はたけ</rt></ruby>の <ruby>作物<rt>さくもつ</rt></ruby>が <ruby>全滅<rt>ぜんめつ</rt></ruby>した。,Crops were destroyed in the typhoon.,
<div class='furi-hint'>てんめつ</div>点滅<div class='hint'>flashing; flickering</div>,てんめつ,flashing; flickering,<ruby>信号<rt>しんごう</rt></ruby>が <ruby>点滅<rt>てんめつ</rt></ruby>している <ruby>時<rt>とき</rt></ruby>は <ruby>停止<rt>ていし</rt></ruby>してください。,Please stop when the signal is flashing.,
<div class='furi-hint'>はめつ</div>破滅<div class='hint'>destruction; ruin</div>,はめつ,destruction; ruin,このままでは <ruby>身<rt>み</rt></ruby>の <ruby>破滅<rt>はめつ</rt></ruby>です。,If you carry on like that you will destroy yourself.,
<div class='furi-hint'>ぼうすい</div>防水<div class='hint'>waterproof</div>,ぼうすい,waterproof,この <ruby>時計<rt>とけい</rt></ruby>は <ruby>防水<rt>ぼうすい</rt></ruby>です。,This clock is waterproof.,
<div class='furi-hint'>ぼうさい</div>防災<div class='hint'>disaster prevention</div>,ぼうさい,disaster prevention,9 <ruby>月<rt>がつ</rt></ruby> 1<ruby>日<rt>ついたち</rt></ruby>は <ruby>防災<rt>ぼうさい</rt></ruby>の <ruby>日<rt>ひ</rt></ruby>です。,September 1st is &quot;Disaster Prevention Day.&quot;,
<div class='furi-hint'>ぼうぎょ</div>防御<div class='hint'>defense; protection</div>,ぼうぎょ,defense; protection,<ruby>空手<rt>からて</rt></ruby>では <ruby>攻撃<rt>こうげき</rt></ruby>だけでなく <ruby>防御<rt>ぼうぎょ</rt></ruby>も <ruby>大切<rt>たいせつ</rt></ruby>だ。,In karate; not only the attack but also the defense is important.,
<div class='furi-hint'>こくぼう</div>国防<div class='hint'>national defense</div>,こくぼう,national defense,その <ruby>国<rt>くに</rt></ruby>では <ruby>国防<rt>こくぼう</rt></ruby>が <ruby>重視<rt>じゅうし</rt></ruby>されている。,National defense is emphasized in that country.,
<div class='furi-hint'>ぼうおん</div>防音<div class='hint'>soundproof</div>,ぼうおん,soundproof,この <ruby>部屋<rt>へや</rt></ruby>は <ruby>防音<rt>ぼうおん</rt></ruby>されています。,This room is soundproofed.,
<div class='furi-hint'>けんお</div>嫌悪<div class='hint'>dislike; hatred</div>,けんお,dislike; hatred,あの <ruby>日<rt>ひ</rt></ruby>から <ruby>彼女<rt>かのじょ</rt></ruby>は <ruby>彼<rt>かれ</rt></ruby>を <ruby>嫌悪<rt>けんお</rt></ruby>するようになった。,From that day; she came to dislike him.,
さっさと<div class='hint'>quickly; without delay</div>,さっさと,quickly; without delay,さっさと <ruby>帰<rt>かえ</rt></ruby>りなさい。,Go home straight away.,
<div class='furi-hint'>てっかい</div>撤回<div class='hint'>retraction; withdrawal</div>,てっかい,retraction; withdrawal,さっきの <ruby>発言<rt>はつげん</rt></ruby>を <ruby>撤回<rt>てっかい</rt></ruby>します。,I withdraw my earlier remark.,
<div class='furi-hint'>てってい</div>徹底<div class='hint'>thoroughness</div>,てってい,thoroughness,<ruby>彼<rt>かれ</rt></ruby>はやる <ruby>事<rt>こと</rt></ruby>がいつも <ruby>徹底<rt>てってい</rt></ruby>しています。,Everything he does is done thoroughly.,
<div class='furi-hint'>かいてい</div>海底<div class='hint'>sea bottom</div>,かいてい,sea bottom,<ruby>海底<rt>かいてい</rt></ruby>から <ruby>沈没<rt>ちんぼつ</rt></ruby>した <ruby>船<rt>ふね</rt></ruby>が <ruby>引き<ruby>上<rt>ひきあ</rt></ruby>げられた。,The ship that sank to the bottom of the sea has been raised.,
<div class='furi-hint'>たいこう</div>対抗<div class='hint'>counteraction; opposition</div>,たいこう,counteraction; opposition,<ruby>社内<rt>しゃない</rt></ruby>で <ruby>野球<rt>やきゅう</rt></ruby>の <ruby>対抗<rt>たいこう</rt></ruby> <ruby>試合<rt>じあい</rt></ruby>をやります。,We're playing an intra-company baseball game.,
<div class='furi-hint'>はんこう</div>反抗<div class='hint'>opposition; resistance</div>,はんこう,opposition; resistance,<ruby>息子<rt>むすこ</rt></ruby>が <ruby>私<rt>わたし</rt></ruby>に <ruby>反抗<rt>はんこう</rt></ruby>するようになった。,My son started to rebel against me.,
<div class='furi-hint'>ひってき</div>匹敵<div class='hint'>match; rival</div>,ひってき,match; rival,<ruby>彼<rt>かれ</rt></ruby>の <ruby>人気<rt>にんき</rt></ruby>はブラッド・ピットに <ruby>匹敵<rt>ひってき</rt></ruby>する。,His popularity rivals that of Brad Pitt.,
<div class='furi-hint'>きょうはく</div>脅迫<div class='hint'>intimidation; threat</div>,きょうはく,intimidation; threat,<ruby>彼<rt>かれ</rt></ruby>は <ruby>秘密<rt>ひみつ</rt></ruby>をばらすと <ruby>私<rt>わたし</rt></ruby>を <ruby>脅迫<rt>きょうはく</rt></ruby>した。,He threatened to reveal my secret.,
<div class='furi-hint'>ゆうせい</div>優勢<div class='hint'>lead; superiority</div>,ゆうせい,lead; superiority,<ruby>携帯<rt>けいたい</rt></ruby> <ruby>市場<rt>しじょう</rt></ruby>はあの <ruby>企業<rt>きぎょう</rt></ruby>が <ruby>優勢<rt>ゆうせい</rt></ruby>だ。,That company is way ahead in the cell phone market.,
<div class='furi-hint'>たいせい</div>大勢<div class='hint'>general trend</div>,たいせい,general trend,<ruby>大勢<rt>たいせい</rt></ruby>に <ruby>逆<rt>さか</rt></ruby>らっても <ruby>無駄<rt>むだ</rt></ruby>だ。,It's useless to oppose so many people.,
<div class='furi-hint'>きょうしゅく</div>恐縮<div class='hint'>feel obliged; grateful</div>,きょうしゅく,feel obliged; grateful,<ruby>迷惑<rt>めいわく</rt></ruby>をお <ruby>掛<rt>か</rt></ruby>けして <ruby>恐縮<rt>きょうしゅく</rt></ruby>です。,I am very sorry to have troubled you.,
<div class='furi-hint'>きょうふ</div>恐怖<div class='hint'>fear</div>,きょうふ,fear,<ruby>暗闇<rt>くらやみ</rt></ruby>に <ruby>取り<ruby>残<rt>とりのこ</rt></ruby>され <ruby>彼女<rt>かのじょ</rt></ruby>は <ruby>恐怖<rt>きょうふ</rt></ruby>に <ruby>襲<rt>おそ</rt></ruby>われた。,She was left in the dark; and she was terror-stricken.,
<div class='furi-hint'>きょぜつ</div>拒絶<div class='hint'>refusal; rejection</div>,きょぜつ,refusal; rejection,<ruby>彼女<rt>かのじょ</rt></ruby>は <ruby>彼<rt>かれ</rt></ruby>との <ruby>再会<rt>さいかい</rt></ruby>を <ruby>拒絶<rt>きょぜつ</rt></ruby>した。,She refused to see him again.,
<div class='furi-hint'>わた</div>綿<div class='hint'>cotton plant; cotton wool</div>,わた,cotton plant; cotton wool,その <ruby>子<rt>こ</rt></ruby>は <ruby>綿<rt>わた</rt></ruby>あめが <ruby>大好<rt>だいす</rt></ruby>きだ。,That child loves cotton candy.,
<div class='furi-hint'>ふち</div>縁<div class='hint'>edge; frame; hem</div>,ふち,edge; frame; hem,グラスの <ruby>縁<rt>ふち</rt></ruby>に <ruby>口紅<rt>くちべに</rt></ruby>がついてしまった。,There is lipstick on the rim of the glass.,
<div class='furi-hint'>えん</div>縁<div class='hint'>chance; fate</div>,えん,chance; fate,ここで <ruby>会<rt>あ</rt></ruby>ったのも <ruby>何<rt>なに</rt></ruby>かの <ruby>縁<rt>えん</rt></ruby>でしょう。,It was fate that we met here.,
<div class='furi-hint'>どりる</div>ドリル<div class='hint'>drill</div>,どりる,drill,ドリルで <ruby>板<rt>いた</rt></ruby>に <ruby>穴<rt>あな</rt></ruby>を <ruby>開<rt>あ</rt></ruby>けています。,I made some holes in the board with a drill.,
<div class='furi-hint'>むえん</div>無縁<div class='hint'>unrelated</div>,むえん,unrelated,<ruby>私<rt>わたし</rt></ruby>は <ruby>彼女<rt>かのじょ</rt></ruby>とは <ruby>無縁<rt>むえん</rt></ruby>です。,I have nothing to do with her.,
<div class='furi-hint'>えんぎ</div>縁起<div class='hint'>luck; omen</div>,えんぎ,luck; omen,フクロウは <ruby>縁起<rt>えんぎ</rt></ruby>がいい <ruby>鳥<rt>とり</rt></ruby>と <ruby>言<rt>い</rt></ruby>われている。,It is said that an owl is a good omen.,
<div class='furi-hint'>せんさい</div>繊細<div class='hint'>delicate; fine</div>,せんさい,delicate; fine,<ruby>彼女<rt>かのじょ</rt></ruby>はとても <ruby>繊細<rt>せんさい</rt></ruby>な <ruby>人<rt>ひと</rt></ruby>です。,She is a very delicate person.,
<div class='furi-hint'>せんい</div>繊維<div class='hint'>fiber; textile</div>,せんい,fiber; textile,さつまいもは <ruby>繊維<rt>せんい</rt></ruby>の <ruby>多<rt>おお</rt></ruby>い <ruby>食べ<ruby>物<rt>たべもの</rt></ruby>です。,Sweet potato is a high-fiber food.,
<div class='furi-hint'>いしん</div>維新<div class='hint'>restoration</div>,いしん,restoration,<ruby>彼<rt>かれ</rt></ruby>は <ruby>維新<rt>いしん</rt></ruby>に <ruby>活躍<rt>かつやく</rt></ruby>した <ruby>人<rt>ひと</rt></ruby>として <ruby>有名<rt>ゆうめい</rt></ruby>だ。,He is famous for his involvement in the restoration.,
<div class='furi-hint'>いど</div>緯度<div class='hint'>latitude</div>,いど,latitude,アイスランドは <ruby>緯度<rt>いど</rt></ruby>が <ruby>高<rt>たか</rt></ruby>いところにある。,Iceland is at a high latitude.,
<div class='furi-hint'>いじん</div>偉人<div class='hint'>great man</div>,いじん,great man,<ruby>偉人<rt>いじん</rt></ruby>が <ruby>天才<rt>てんさい</rt></ruby>とは <ruby>限<rt>かぎ</rt></ruby>らない。,A great man is not necessarily a genius.,
<div class='furi-hint'>は</div>刃<div class='hint'>blade; edge</div>,は,blade; edge,かみそりの <ruby>刃<rt>は</rt></ruby>が <ruby>切<rt>き</rt></ruby>れなくなった。,The razor blade has gone blunt.,
<div class='furi-hint'>にんたい</div>忍耐<div class='hint'>patience; perseverance</div>,にんたい,patience; perseverance,<ruby>人生<rt>じんせい</rt></ruby> <ruby>時<rt>とき</rt></ruby>には <ruby>忍耐<rt>にんたい</rt></ruby>も <ruby>必要<rt>ひつよう</rt></ruby>です。,At times in your life; you have to be patient.,
<div class='furi-hint'>や</div>矢<div class='hint'>arrow; dart</div>,や,arrow; dart,<ruby>矢<rt>や</rt></ruby>が <ruby>的<rt>まと</rt></ruby>に <ruby>刺<rt>さ</rt></ruby>さった。,The arrow stuck in the target.,
<div class='furi-hint'>ゆみ</div>弓<div class='hint'>archery; bow</div>,ゆみ,archery; bow,<ruby>彼<rt>かれ</rt></ruby>は <ruby>姿勢<rt>しせい</rt></ruby>を <ruby>正<rt>ただ</rt></ruby>して <ruby>弓<rt>ゆみ</rt></ruby>を <ruby>構<rt>かま</rt></ruby>えた。,He sat up straight and readied the bow.,
<div class='furi-hint'>こりつ</div>孤立<div class='hint'>isolation</div>,こりつ,isolation,<ruby>彼<rt>かれ</rt></ruby>はクラスから <ruby>孤立<rt>こりつ</rt></ruby>してしまった。,He has been isolated by the class.,
<div class='furi-hint'>けた</div>桁<div class='hint'>beam; column</div>,けた,beam; column,このプロジェクトの <ruby>予算<rt>よさん</rt></ruby>は <ruby>桁<rt>けた</rt></ruby>が <ruby>違<rt>ちが</rt></ruby>う。,The budget of this project is widely different from expected.,
<div class='furi-hint'>てがら</div>手柄<div class='hint'>great deed</div>,てがら,great deed,これは <ruby>私<rt>わたし</rt></ruby>の <ruby>手柄<rt>てがら</rt></ruby>ではありません。,This is not my achievement.,
<div class='furi-hint'>こんぷれっくす</div>コンプレックス<div class='hint'>complex; inferiority complex</div>,こんぷれっくす,complex; inferiority complex,<ruby>彼<rt>かれ</rt></ruby>のコンプレックスは <ruby>背<rt>せ</rt></ruby>の <ruby>低<rt>ひく</rt></ruby>さだ。,He feels self-conscious because he's short.,
<div class='furi-hint'>こうみょう</div>巧妙<div class='hint'>ingenious; skillful</div>,こうみょう,ingenious; skillful,<ruby>敵<rt>てき</rt></ruby>の <ruby>巧妙<rt>こうみょう</rt></ruby>な <ruby>嘘<rt>うそ</rt></ruby>に <ruby>騙<rt>だま</rt></ruby>された。,I was tricked by the enemy's devious lies.,
<div class='furi-hint'>たくみ</div>巧み<div class='hint'>dexterity; skill</div>,たくみ,dexterity; skill,<ruby>優秀<rt>ゆうしゅう</rt></ruby>な <ruby>上司<rt>じょうし</rt></ruby>は <ruby>人<rt>ひと</rt></ruby>を <ruby>巧<rt>たく</rt></ruby>みに <ruby>動<rt>うご</rt></ruby>かす。,An exceptional boss has good people skills.,
<div class='furi-hint'>ばいたい</div>媒体<div class='hint'>medium</div>,ばいたい,medium,<ruby>雑誌<rt>ざっし</rt></ruby>は <ruby>広告<rt>こうこく</rt></ruby>の <ruby>媒体<rt>ばいたい</rt></ruby>として <ruby>有効<rt>ゆうこう</rt></ruby>です。,Magazines are an effective advertising medium.,
<div class='furi-hint'>むぼう</div>無謀<div class='hint'>recklessness</div>,むぼう,recklessness,<ruby>彼<rt>かれ</rt></ruby>の <ruby>計画<rt>けいかく</rt></ruby>は <ruby>無謀<rt>むぼう</rt></ruby>だと <ruby>思<rt>おも</rt></ruby>う。,I think his plan is rash.,
<div class='furi-hint'>かようきょく</div>歌謡曲<div class='hint'>popular song</div>,かようきょく,popular song,<ruby>父<rt>ちち</rt></ruby>は <ruby>歌謡<rt>かよう</rt></ruby> <ruby>曲<rt>きょく</rt></ruby>のレコードをたくさん <ruby>持<rt>も</rt></ruby>っている。,My father has a lot of pop records.,
<div class='furi-hint'>みんよう</div>民謡<div class='hint'>folk song</div>,みんよう,folk song,<ruby>故郷<rt>ふるさと</rt></ruby>の <ruby>民謡<rt>みんよう</rt></ruby>を <ruby>覚<rt>おぼ</rt></ruby>えました。,We learned folk songs from our hometown.,
<div class='furi-hint'>ほこる</div>誇る<div class='hint'>boast; take pride in</div>,ほこる,boast; take pride in,きものはわが <ruby>国<rt>くに</rt></ruby>が <ruby>誇<rt>ほこ</rt></ruby>る <ruby>伝統<rt>でんとう</rt></ruby>の <ruby>一<rt>ひと</rt></ruby>つだ。,The kimono is one of the traditions of which our country can be proud.,
<div class='furi-hint'>ほこり</div>誇り<div class='hint'>pride</div>,ほこり,pride,<ruby>私<rt>わたし</rt></ruby>は <ruby>両親<rt>りょうしん</rt></ruby>を <ruby>誇<rt>ほこ</rt></ruby>りに <ruby>思<rt>おも</rt></ruby>います。,I am proud of my parents.,
<div class='furi-hint'>こちょう</div>誇張<div class='hint'>exaggeration</div>,こちょう,exaggeration,<ruby>彼<rt>かれ</rt></ruby>はいつも <ruby>話<rt>はなし</rt></ruby>を <ruby>誇張<rt>こちょう</rt></ruby>する。,He always exaggerates the story.,
<div class='furi-hint'>さぎ</div>詐欺<div class='hint'>fraud; swindle</div>,さぎ,fraud; swindle,あの <ruby>人<rt>ひと</rt></ruby>は <ruby>詐欺<rt>さぎ</rt></ruby>に <ruby>遭<rt>あ</rt></ruby>って <ruby>一文<rt>いちぶん</rt></ruby>なしになった。,That person was swindled and went broke.,
<div class='furi-hint'>そしょう</div>訴訟<div class='hint'>lawsuit; litigation</div>,そしょう,lawsuit; litigation,<ruby>訴訟<rt>そしょう</rt></ruby>は <ruby>取り<ruby>下<rt>とりさ</rt></ruby>げられました。,The lawsuit was withdrawn.,
<div class='furi-hint'>しょうだく</div>承諾<div class='hint'>assent; consent</div>,しょうだく,assent; consent,<ruby>上司<rt>じょうし</rt></ruby>の <ruby>承諾<rt>しょうだく</rt></ruby>は <ruby>得<rt>え</rt></ruby>てあります。,The superior's approval has been obtained.,
<div class='furi-hint'>がいとう</div>該当<div class='hint'>applicable</div>,がいとう,applicable,この <ruby>条件<rt>じょうけん</rt></ruby>に <ruby>該当<rt>がいとう</rt></ruby>する <ruby>人<rt>ひと</rt></ruby>を <ruby>探<rt>さが</rt></ruby>しています。,I am looking for a person who fulfills these conditions.,
<div class='furi-hint'>まこと</div>誠<div class='hint'>sincerity; truth</div>,まこと,sincerity; truth,<ruby>彼<rt>かれ</rt></ruby>は <ruby>誠<rt>まこと</rt></ruby>を <ruby>尽<rt>つ</rt></ruby>くすことの <ruby>大切<rt>たいせつ</rt></ruby>さを <ruby>説<rt>と</rt></ruby>いた。,He explained the importance of behaving with sincerity.,
<div class='furi-hint'>びじねすまん</div>ビジネスマン<div class='hint'>business man</div>,びじねすまん,business man,<ruby>彼<rt>かれ</rt></ruby>はビジネスマンとして <ruby>成功<rt>せいこう</rt></ruby>した。,He succeeded as a businessman.,
<div class='furi-hint'>せいい</div>誠意<div class='hint'>good faith; sincerity</div>,せいい,good faith; sincerity,お <ruby>客様<rt>きゃくさま</rt></ruby>には <ruby>誠意<rt>せいい</rt></ruby>を <ruby>持<rt>も</rt></ruby>って <ruby>対応<rt>たいおう</rt></ruby>するように。,Interact with sincerity towards the customers.,
<div class='furi-hint'>せいだい</div>盛大<div class='hint'>grand; magnificent</div>,せいだい,grand; magnificent,<ruby>盛大<rt>せいだい</rt></ruby>な <ruby>結婚<rt>けっこん</rt></ruby> <ruby>披露宴<rt>ひろうえん</rt></ruby>でした。,It was a grand marriage reception.,
<div class='furi-hint'>さかり</div>盛り<div class='hint'>heat; height; prime</div>,さかり,heat; height; prime,あの <ruby>事故<rt>じこ</rt></ruby>が <ruby>起<rt>お</rt></ruby>こったのは <ruby>夏<rt>なつ</rt></ruby>の <ruby>盛<rt>さか</rt></ruby>りでした。,The accident took place in the middle of summer.,
<div class='furi-hint'>おおもり</div>大盛り<div class='hint'>large helping</div>,おおもり,large helping,<ruby>彼<rt>かれ</rt></ruby>は <ruby>大盛<rt>おおも</rt></ruby>りのご <ruby>飯<rt>はん</rt></ruby>を <ruby>食<rt>た</rt></ruby>べた。,He ate a large portion of rice.,
<div class='furi-hint'>はんじょう</div>繁盛<div class='hint'>prosperity</div>,はんじょう,prosperity,<ruby>最近<rt>さいきん</rt></ruby> <ruby>商売<rt>しょうばい</rt></ruby>が <ruby>繁盛<rt>はんじょう</rt></ruby>しています。,Recently; business is booming.,
<div class='furi-hint'>こうぶつ</div>鉱物<div class='hint'>mineral</div>,こうぶつ,mineral,ダイヤモンドは <ruby>鉱物<rt>こうぶつ</rt></ruby>の<ruby>一 <ruby>種<rt>しゅ</rt></ruby>です。,Diamonds are a kind of mineral.,
<div class='furi-hint'>こうぎょう</div>鉱業<div class='hint'>mining</div>,こうぎょう,mining,ここは <ruby>鉱業<rt>こうぎょう</rt></ruby>で <ruby>栄<rt>さか</rt></ruby>えた <ruby>町<rt>まち</rt></ruby>です。,This town was made prosperous by mining.,
<div class='furi-hint'>こうざん</div>鉱山<div class='hint'>mine</div>,こうざん,mine,<ruby>昔<rt>むかし</rt></ruby>はこの <ruby>鉱山<rt>こうざん</rt></ruby>でたくさんの <ruby>人<rt>ひと</rt></ruby>が <ruby>働<rt>はたら</rt></ruby>いていた。,A great number of people worked at this mine in old times.,
<div class='furi-hint'>へいさ</div>閉鎖<div class='hint'>closing; closure</div>,へいさ,closing; closure,この <ruby>工場<rt>こうじょう</rt></ruby>は <ruby>先月<rt>せんげつ</rt></ruby> <ruby>閉鎖<rt>へいさ</rt></ruby>されました。,This factory closed last month.,
<div class='furi-hint'>すず</div>鈴<div class='hint'>bell</div>,すず,bell,<ruby>彼女<rt>かのじょ</rt></ruby>の <ruby>猫<rt>ねこ</rt></ruby>は <ruby>首<rt>くび</rt></ruby>に <ruby>鈴<rt>すず</rt></ruby>を <ruby>付<rt>つ</rt></ruby>けている。,Her cat has a bell on its neck.,
<div class='furi-hint'>なまり</div>鉛<div class='hint'>lead</div>,なまり,lead,<ruby>鉛<rt>なまり</rt></ruby>は <ruby>体<rt>からだ</rt></ruby>に <ruby>毒<rt>どく</rt></ruby>です。,Lead is poisonous.,
<div class='furi-hint'>きたえる</div>鍛える<div class='hint'>forge; train</div>,きたえる,forge; train,<ruby>彼<rt>かれ</rt></ruby>は <ruby>体<rt>からだ</rt></ruby>を <ruby>鍛<rt>きた</rt></ruby>えています。,He is building up his body.,
<div class='furi-hint'>はたん</div>破綻<div class='hint'>bankruptcy; failure</div>,はたん,bankruptcy; failure,<ruby>銀行<rt>ぎんこう</rt></ruby>が <ruby>破綻<rt>はたん</rt></ruby>してしまった。,The bank has failed.,
<div class='furi-hint'>かんてい</div>鑑定<div class='hint'>appraisal; judgment</div>,かんてい,appraisal; judgment,この <ruby>宝石<rt>ほうせき</rt></ruby>を <ruby>鑑定<rt>かんてい</rt></ruby>してください。,Please appraise this jewel.,
<div class='furi-hint'>ふぁすなー</div>ファスナー<div class='hint'>zip fastener; zipper</div>,ふぁすなー,zip fastener; zipper,<ruby>彼女<rt>かのじょ</rt></ruby>はスカートのファスナーを <ruby>閉<rt>し</rt></ruby>めた。,She did up the fastener on the skirt.,
<div class='furi-hint'>はち</div>鉢<div class='hint'>basin; flowerpot</div>,はち,basin; flowerpot,<ruby>植木<rt>うえき</rt></ruby> <ruby>用<rt>よう</rt></ruby>の <ruby>鉢<rt>はち</rt></ruby>を <ruby>買<rt>か</rt></ruby>いました。,I bought a pot for a plant.,
<div class='furi-hint'>ふうぞく</div>風俗<div class='hint'>manners; popular morals</div>,ふうぞく,manners; popular morals,<ruby>私<rt>わたし</rt></ruby>はその <ruby>国<rt>くに</rt></ruby>の <ruby>風俗<rt>ふうぞく</rt></ruby>に <ruby>興味<rt>きょうみ</rt></ruby>があります。,I am interested in the customs of that country.,
<div class='furi-hint'>みんぞく</div>民俗<div class='hint'>folk customs; folkways</div>,みんぞく,folk customs; folkways,フィンランドの <ruby>民俗<rt>みんぞく</rt></ruby>について <ruby>調<rt>しら</rt></ruby>べました。,I investigated the folk customs of Finland.,
<div class='furi-hint'>よくしつ</div>浴室<div class='hint'>bathroom</div>,よくしつ,bathroom,<ruby>家<rt>いえ</rt></ruby>の <ruby>浴室<rt>よくしつ</rt></ruby>の <ruby>壁<rt>かべ</rt></ruby>はピンクです。,The bathroom walls at home are pink.,
<div class='furi-hint'>ゆかた</div>浴衣<div class='hint'>informal summer kimono; yukata</div>,ゆかた,informal summer kimono; yukata,<ruby>浴衣<rt>ゆかた</rt></ruby>を <ruby>着<rt>き</rt></ruby>て <ruby>花火<rt>はなび</rt></ruby>を <ruby>見<rt>み</rt></ruby>に <ruby>行<rt>い</rt></ruby>った。,We went to watch the fireworks wearing our summer kimono.,
<div class='furi-hint'>えんせん</div>沿線<div class='hint'>along a railway line</div>,えんせん,along a railway line,<ruby>私<rt>わたし</rt></ruby>は <ruby>私鉄<rt>してつ</rt></ruby> <ruby>沿線<rt>えんせん</rt></ruby>に <ruby>住<rt>す</rt></ruby>んでいます。,I live by the tracks of the private railway.,
<div class='furi-hint'>ぬま</div>沼<div class='hint'>low-lying lake; swamp</div>,ぬま,low-lying lake; swamp,その <ruby>沼<rt>ぬま</rt></ruby>は <ruby>底<rt>そこ</rt></ruby>なしだ。,The marsh is bottomless.,
<div class='furi-hint'>たき</div>滝<div class='hint'>falls; waterfall</div>,たき,falls; waterfall,ナイアガラの <ruby>滝<rt>たき</rt></ruby>はカナダにある。,The Niagara Falls are in Canada.,
<div class='furi-hint'>せんざい</div>潜在<div class='hint'>dormant; latent</div>,せんざい,dormant; latent,この <ruby>本<rt>ほん</rt></ruby>を <ruby>読<rt>よ</rt></ruby>めば <ruby>自分<rt>じぶん</rt></ruby>の <ruby>潜在<rt>せんざい</rt></ruby> <ruby>能力<rt>のうりょく</rt></ruby>を <ruby>引き<ruby>出<rt>ひきだ</rt></ruby>すことができる。,If you read this book; you can bring our your own potential.,
<div class='furi-hint'>つなみ</div>津波<div class='hint'>tidal wave; tsunami</div>,つなみ,tidal wave; tsunami,<ruby>地震<rt>じしん</rt></ruby>による <ruby>津波<rt>つなみ</rt></ruby>に <ruby>注意<rt>ちゅうい</rt></ruby>してください。,Beware of tidal waves caused by the earthquake.,
<div class='furi-hint'>ただよう</div>漂う<div class='hint'>drift; float</div>,ただよう,drift; float,<ruby>小船<rt>おぶね</rt></ruby>が <ruby>湖<rt>みずうみ</rt></ruby>を <ruby>漂<rt>ただよ</rt></ruby>っています。,The boat is drifting on the lake.,
<div class='furi-hint'>ねっとう</div>熱湯<div class='hint'>boiling water</div>,ねっとう,boiling water,<ruby>彼<rt>かれ</rt></ruby>は <ruby>器具<rt>きぐ</rt></ruby>を <ruby>熱湯<rt>ねっとう</rt></ruby>で <ruby>消毒<rt>しょうどく</rt></ruby>した。,He disinfected the apparatus with boiling water.,
<div class='furi-hint'>しお</div>潮<div class='hint'>current; tide</div>,しお,current; tide,<ruby>潮<rt>しお</rt></ruby>が <ruby>引<rt>ひ</rt></ruby>いたら <ruby>砂<rt>すな</rt></ruby>のお <ruby>城<rt>しろ</rt></ruby>を <ruby>作<rt>つく</rt></ruby>ろう。,When the tide is out; let's make a sandcastle.,
<div class='furi-hint'>しる</div>汁<div class='hint'>juice; soup</div>,しる,juice; soup,レモンの <ruby>汁<rt>しる</rt></ruby>を <ruby>絞<rt>しぼ</rt></ruby>った。,I squeezed the juice from the lemon.,
<div class='furi-hint'>すりっぷ</div>スリップ<div class='hint'>skid; slip</div>,すりっぷ,skid; slip,<ruby>雨<rt>あめ</rt></ruby>の <ruby>日<rt>ひ</rt></ruby>はスリップ <ruby>事故<rt>じこ</rt></ruby>が <ruby>多<rt>おお</rt></ruby>い。,There are a lot of accidents caused by skidding on rainy days.,
<div class='furi-hint'>しずく</div>滴<div class='hint'>drop</div>,しずく,drop,<ruby>彼女<rt>かのじょ</rt></ruby>の <ruby>髪<rt>かみ</rt></ruby>から <ruby>滴<rt>しずく</rt></ruby>がしたたっていた。,Drops dripped from her hair.,
<div class='furi-hint'>すいてき</div>水滴<div class='hint'>water drop</div>,すいてき,water drop,<ruby>雲<rt>くも</rt></ruby>は <ruby>水滴<rt>すいてき</rt></ruby>が <ruby>集<rt>あつ</rt></ruby>まってできる。,Clouds are formed by the accumulation of water vapor.,
<div class='furi-hint'>うるおい</div>潤い<div class='hint'>moisture; profit</div>,うるおい,moisture; profit,このクリームは <ruby>肌<rt>はだ</rt></ruby>の <ruby>潤<rt>うるお</rt></ruby>いを <ruby>保<rt>たも</rt></ruby>ちます。,This cream maintains the moisture of the skin.,
<div class='furi-hint'>ろうひ</div>浪費<div class='hint'>extravagance; waste</div>,ろうひ,extravagance; waste,エネルギーを <ruby>浪費<rt>ろうひ</rt></ruby>するのはやめましょう。,Let's stop wasting energy.,
<div class='furi-hint'>ろうにん</div>浪人<div class='hint'>lordless samurai; unsuccessful examinee</div>,ろうにん,lordless samurai; unsuccessful examinee,<ruby>息子<rt>むすこ</rt></ruby>は 1 <ruby>年<rt>ねん</rt></ruby> <ruby>浪人<rt>ろうにん</rt></ruby>しました。,My son failed his university exams so he's retaking them in a year.,
<div class='furi-hint'>かんたん</div>感嘆<div class='hint'>admiration</div>,かんたん,admiration,<ruby>皆<rt>みな</rt></ruby>が <ruby>感嘆<rt>かんたん</rt></ruby>の <ruby>声<rt>こえ</rt></ruby>を <ruby>漏<rt>も</rt></ruby>らしました。,Everyone expressed admiration.,
<div class='furi-hint'>がいちゅう</div>害虫<div class='hint'>harmful insect</div>,がいちゅう,harmful insect,<ruby>畑<rt>はたけ</rt></ruby>に <ruby>害虫<rt>がいちゅう</rt></ruby>が <ruby>発生<rt>はっせい</rt></ruby>した。,There was an outbreak of harmful insects in the field.,
<div class='furi-hint'>けんしょう</div>懸賞<div class='hint'>prize competition</div>,けんしょう,prize competition,この <ruby>懸賞<rt>けんしょう</rt></ruby>にはインターネットで <ruby>応募<rt>おうぼ</rt></ruby>できます。,It is possible to apply for this prize on the Internet.,
<div class='furi-hint'>けねん</div>懸念<div class='hint'>anxiety; concern</div>,けねん,anxiety; concern,<ruby>交渉<rt>こうしょう</rt></ruby>がうまくいかないことを <ruby>懸念<rt>けねん</rt></ruby>しています。,I am worried that the negotiations won't go well.,
<div class='furi-hint'>いこい</div>憩い<div class='hint'>relaxation; rest</div>,いこい,relaxation; rest,<ruby>公園<rt>こうえん</rt></ruby>は <ruby>皆<rt>みな</rt></ruby>の <ruby>憩<rt>いこ</rt></ruby>いの <ruby>場<rt>ば</rt></ruby>です。,The park is a place where everyone can relax.,
<div class='furi-hint'>おんじん</div>恩人<div class='hint'>benefactor; patron</div>,おんじん,benefactor; patron,<ruby>彼<rt>かれ</rt></ruby>は <ruby>命<rt>いのち</rt></ruby>の <ruby>恩人<rt>おんじん</rt></ruby>です。,I owe him my life.,
<div class='furi-hint'>ちえ</div>知恵<div class='hint'>intelligence; wisdom</div>,ちえ,intelligence; wisdom,<ruby>友達<rt>ともだち</rt></ruby>に <ruby>子育<rt>こそだ</rt></ruby>ての <ruby>知恵<rt>ちえ</rt></ruby>をアドバイスしてもらった。,I was given advice by my friend about how to bring up children.,
<div class='furi-hint'>おんけい</div>恩恵<div class='hint'>benefit; blessing</div>,おんけい,benefit; blessing,<ruby>自然<rt>しぜん</rt></ruby>からの <ruby>恩恵<rt>おんけい</rt></ruby>は <ruby>計<rt>はか</rt></ruby>り <ruby>知<rt>し</rt></ruby>れない。,The blessings from nature are immeasurable.,
<div class='furi-hint'>きんこう</div>均衡<div class='hint'>balance; equilibrium</div>,きんこう,balance; equilibrium,<ruby>私<rt>わたし</rt></ruby>は <ruby>心<rt>こころ</rt></ruby>の <ruby>均衡<rt>きんこう</rt></ruby>を <ruby>保<rt>たも</rt></ruby>つためにヨガをする。,To maintain spiritual balance; I do yoga.,
<div class='furi-hint'>ばいぶる</div>バイブル<div class='hint'>Bible</div>,ばいぶる,Bible,この <ruby>本<rt>ほん</rt></ruby>は <ruby>恋愛<rt>れんあい</rt></ruby>のバイブルだ。,This book is the Bible of love.,
<div class='furi-hint'>かいどう</div>街道<div class='hint'>highway; thoroughfare</div>,かいどう,highway; thoroughfare,<ruby>街道<rt>かいどう</rt></ruby> <ruby>沿<rt>ぞ</rt></ruby>いにお <ruby>土産<rt>みやげ</rt></ruby> <ruby>店<rt>てん</rt></ruby>が <ruby>並<rt>なら</rt></ruby>んでいた。,The souvenir shops were lined up along the highway.,
<div class='furi-hint'>がいとう</div>街頭<div class='hint'>street</div>,がいとう,street,<ruby>街頭<rt>がいとう</rt></ruby>で <ruby>政治<rt>せいじ</rt></ruby> <ruby>家<rt>か</rt></ruby>が <ruby>演説<rt>えんぜつ</rt></ruby>をしている。,A politician is making a speech in the street.,
<div class='furi-hint'>せいふく</div>征服<div class='hint'>conquest; subjugation</div>,せいふく,conquest; subjugation,かつて <ruby>世界<rt>せかい</rt></ruby>を <ruby>征服<rt>せいふく</rt></ruby>した <ruby>大王<rt>だいおう</rt></ruby>がいた。,There once was a king who conquered the world.,
<div class='furi-hint'>しょうもう</div>消耗<div class='hint'>consumption; exhaustion</div>,しょうもう,consumption; exhaustion,マラソンは <ruby>体力<rt>たいりょく</rt></ruby>の <ruby>消耗<rt>しょうもう</rt></ruby>が <ruby>激<rt>はげ</rt></ruby>しいスポーツだ。,The marathon is a sport where the body becomes totally exhausted.,
<div class='furi-hint'>だいず</div>大豆<div class='hint'>soybean</div>,だいず,soybean,<ruby>大豆<rt>だいず</rt></ruby>は <ruby>日本人<rt>にほんじん</rt></ruby>の <ruby>食生活<rt>しょくせいかつ</rt></ruby>に <ruby>欠<rt>か</rt></ruby>かせません。,Soybeans are an essential part of the Japanese diet.,
<div class='furi-hint'>あずき</div>小豆<div class='hint'>adzuki bean</div>,あずき,adzuki bean,あんこは <ruby>小豆<rt>あずき</rt></ruby>で <ruby>作<rt>つく</rt></ruby>る。,Anko is made from adzuki beans.,
<div class='furi-hint'>ふんまつ</div>粉末<div class='hint'>powder</div>,ふんまつ,powder,<ruby>彼女<rt>かのじょ</rt></ruby>は <ruby>粉末<rt>ふんまつ</rt></ruby> <ruby>状<rt>じょう</rt></ruby>のビタミン Cを <ruby>毎日<rt>まいにち</rt></ruby> <ruby>飲<rt>の</rt></ruby>む。,She takes vitamin C powder every day.,
<div class='furi-hint'>おしろい</div>白粉<div class='hint'>powder</div>,おしろい,powder,<ruby>彼女<rt>かのじょ</rt></ruby>は <ruby>薄<rt>うす</rt></ruby>く <ruby>白粉<rt>おしろい</rt></ruby>をしています。,She is wearing a small amount of white face powder.,
<div class='furi-hint'>ねんど</div>粘土<div class='hint'>clay; modeling clay</div>,ねんど,clay; modeling clay,<ruby>子供<rt>こども</rt></ruby>たちが <ruby>粘土<rt>ねんど</rt></ruby>で <ruby>動物<rt>どうぶつ</rt></ruby>を <ruby>作<rt>つく</rt></ruby>っている。,Children are making animals from clay.,
<div class='furi-hint'>ねんちゃく</div>粘着<div class='hint'>affixing</div>,ねんちゃく,affixing,<ruby>粘着<rt>ねんちゃく</rt></ruby>テープで <ruby>箱<rt>はこ</rt></ruby>に <ruby>封<rt>ふう</rt></ruby>をした。,I sealed the box with adhesive tape.,
<div class='furi-hint'>ひ</div>灯<div class='hint'>lantern; light</div>,ひ,lantern; light,<ruby>飛行機<rt>ひこうき</rt></ruby>から <ruby>町<rt>まち</rt></ruby>の <ruby>灯<rt>ひ</rt></ruby>が <ruby>見<rt>み</rt></ruby>えます。,The town lights can be seen from the airplane.,
<div class='furi-hint'>はいえん</div>肺炎<div class='hint'>pneumonia</div>,はいえん,pneumonia,<ruby>祖母<rt>そぼ</rt></ruby>が <ruby>肺炎<rt>はいえん</rt></ruby>になってしまいました。,My grandmother has gotten pneumonia.,
<div class='furi-hint'>もうてん</div>盲点<div class='hint'>blind spot; scotoma</div>,もうてん,blind spot; scotoma,<ruby>彼<rt>かれ</rt></ruby>の <ruby>意見<rt>いけん</rt></ruby>は <ruby>盲点<rt>もうてん</rt></ruby>をついている。,He has a blind spot in his opinions.,
<div class='furi-hint'>しり</div>尻<div class='hint'>bottom; buttocks</div>,しり,bottom; buttocks,<ruby>猿<rt>さる</rt></ruby>のお <ruby>尻<rt>しり</rt></ruby>は <ruby>赤<rt>あか</rt></ruby>い。,Monkeys have red bottoms.,
<div class='furi-hint'>みしん</div>ミシン<div class='hint'>sewing machine</div>,みしん,sewing machine,<ruby>最近<rt>さいきん</rt></ruby>のミシンは <ruby>自動<rt>じどう</rt></ruby>でししゅうもできる。,Modern sewing machines can embroider automatically.,
<div class='furi-hint'>しっぽ</div>尻尾<div class='hint'>tail</div>,しっぽ,tail,<ruby>子犬<rt>こいぬ</rt></ruby>がしっぽを <ruby>振<rt>ふ</rt></ruby>っている。,The puppy is wagging its tail.,
<div class='furi-hint'>つきる</div>尽きる<div class='hint'>be exhausted; come to an end</div>,つきる,be exhausted; come to an end,もう <ruby>力尽<rt>ちからつ</rt></ruby>きてしまいました。,I'm exhausted.,
<div class='furi-hint'>しゃくほう</div>釈放<div class='hint'>liberation; release</div>,しゃくほう,liberation; release,<ruby>彼<rt>かれ</rt></ruby>は 3 <ruby>年<rt>ねん</rt></ruby> <ruby>後<rt>ご</rt></ruby>に <ruby>釈放<rt>しゃくほう</rt></ruby>された。,He was released three years later.,
<div class='furi-hint'>きょじゅう</div>居住<div class='hint'>residence</div>,きょじゅう,residence,<ruby>彼<rt>かれ</rt></ruby>は <ruby>長年<rt>ながねん</rt></ruby>フランスに <ruby>居住<rt>きょじゅう</rt></ruby>している。,He has been residing in France for many years.,
<div class='furi-hint'>いざかや</div>居酒屋<div class='hint'>bar; pub</div>,いざかや,bar; pub,<ruby>同僚<rt>どうりょう</rt></ruby>と <ruby>居酒屋<rt>いざかや</rt></ruby>に <ruby>行<rt>い</rt></ruby>きました。,I went to the tavern with my colleague.,
<div class='furi-hint'>じゅうきょ</div>住居<div class='hint'>dwelling; house</div>,じゅうきょ,dwelling; house,<ruby>日本<rt>にほん</rt></ruby>の <ruby>伝統<rt>でんとう</rt></ruby> <ruby>的<rt>てき</rt></ruby>な <ruby>住居<rt>じゅうきょ</rt></ruby>は <ruby>木造<rt>もくぞう</rt></ruby>です。,Traditional Japanese dwellings are wooden.,
<div class='furi-hint'>とりい</div>鳥居<div class='hint'>Shinto shrine archway; torii</div>,とりい,Shinto shrine archway; torii,その <ruby>神社<rt>じんじゃ</rt></ruby>の <ruby>鳥居<rt>とりい</rt></ruby>は <ruby>黒<rt>くろ</rt></ruby>い。,The gate of that Shinto shrine is black.,
<div class='furi-hint'>はっくつ</div>発掘<div class='hint'>dig; excavation</div>,はっくつ,dig; excavation,その <ruby>学者<rt>がくしゃ</rt></ruby>はピラミッドの <ruby>発掘<rt>はっくつ</rt></ruby>をしています。,Scholars are excavating the pyramid.,
<div class='furi-hint'>ほり</div>堀<div class='hint'>ditch; moat</div>,ほり,ditch; moat,この <ruby>城<rt>しろ</rt></ruby>の <ruby>堀<rt>ほり</rt></ruby>はとても <ruby>深<rt>ふか</rt></ruby>いです。,The castle moat is very deep.,
<div class='furi-hint'>いど</div>井戸<div class='hint'>well</div>,いど,well,その <ruby>庭園<rt>ていえん</rt></ruby>には <ruby>古<rt>ふる</rt></ruby>い <ruby>井戸<rt>いど</rt></ruby>があります。,There is an old well in the garden.,
<div class='furi-hint'>せんす</div>扇子<div class='hint'>folding fan</div>,せんす,folding fan,<ruby>日本<rt>にほん</rt></ruby>のおみやげに <ruby>扇子<rt>せんす</rt></ruby>を <ruby>買<rt>か</rt></ruby>って <ruby>帰<rt>かえ</rt></ruby>ります。,I bought fans to take home as souvenirs of Japan.,
<div class='furi-hint'>つばさ</div>翼<div class='hint'>wing</div>,つばさ,wing,ワシが <ruby>翼<rt>つばさ</rt></ruby>を <ruby>広<rt>ひろ</rt></ruby>げた。,The eagle spread its wings.,
<div class='furi-hint'>うよく</div>右翼<div class='hint'>right wing</div>,うよく,right wing,その <ruby>法案<rt>ほうあん</rt></ruby>に <ruby>右翼<rt>うよく</rt></ruby>が <ruby>反対<rt>はんたい</rt></ruby>しています。,The right wing opposes the bill.,
<div class='furi-hint'>さよく</div>左翼<div class='hint'>left field; left wing</div>,さよく,left field; left wing,<ruby>左翼<rt>さよく</rt></ruby>はその <ruby>法案<rt>ほうあん</rt></ruby>に <ruby>反対<rt>はんたい</rt></ruby>している。,The left opposes the bill.,
<div class='furi-hint'>せんぱく</div>船舶<div class='hint'>craft; ship</div>,せんぱく,craft; ship,<ruby>船舶<rt>せんぱく</rt></ruby>の <ruby>操縦<rt>そうじゅう</rt></ruby>には <ruby>免許<rt>めんきょ</rt></ruby>が <ruby>必要<rt>ひつよう</rt></ruby>です。,You need a license to control a ship.,
<div class='furi-hint'>ちゅーりっぷ</div>チューリップ<div class='hint'>tulip</div>,ちゅーりっぷ,tulip,チューリップがきれいに <ruby>咲<rt>さ</rt></ruby>いています。,Tulips are blooming beautifully.,
<div class='furi-hint'>せんすいかん</div>潜水艦<div class='hint'>submarine</div>,せんすいかん,submarine,<ruby>潜水<rt>せんすい</rt></ruby> <ruby>艦<rt>かん</rt></ruby>の <ruby>衝突<rt>しょうとつ</rt></ruby> <ruby>事故<rt>じこ</rt></ruby>が <ruby>報<rt>ほう</rt></ruby>じられた。,A submarine collision was reported.,
<div class='furi-hint'>ぐんかん</div>軍艦<div class='hint'>warship</div>,ぐんかん,warship,その <ruby>軍艦<rt>ぐんかん</rt></ruby>はゆっくりと <ruby>入港<rt>にゅうこう</rt></ruby>した。,The warship slowly entered port.,
<div class='furi-hint'>ほうてい</div>法廷<div class='hint'>law court</div>,ほうてい,law court,<ruby>争<rt>あらそ</rt></ruby>いは <ruby>法廷<rt>ほうてい</rt></ruby>に <ruby>持ち<ruby>込<rt>もちこ</rt></ruby>まれた。,The dispute was brought to court.,
<div class='furi-hint'>ひつじ</div>羊<div class='hint'>sheep</div>,ひつじ,sheep,ニュージーランドにはたくさんの <ruby>羊<rt>ひつじ</rt></ruby>がいます。,There are a lot of sheep in New Zealand.,
<div class='furi-hint'>ようもう</div>羊毛<div class='hint'>wool</div>,ようもう,wool,このセーターには <ruby>羊毛<rt>ようもう</rt></ruby>が <ruby>使<rt>つか</rt></ruby>われています。,This sweater is made of wool.,
<div class='furi-hint'>くじら</div>鯨<div class='hint'>whale</div>,くじら,whale,<ruby>海<rt>うみ</rt></ruby>で <ruby>大<rt>おお</rt></ruby>きな <ruby>鯨<rt>くじら</rt></ruby>を <ruby>見<rt>み</rt></ruby>ました。,I saw a big whale in the sea.,
<div class='furi-hint'>ぐん</div>群<div class='hint'>crowd; group</div>,ぐん,crowd; group,ビタミン B <ruby>群<rt>ぐん</rt></ruby>を <ruby>十分<rt>じゅうぶん</rt></ruby>とってください。,Please take enough from the vitamin B group.,
<div class='furi-hint'>ばつぐん</div>抜群<div class='hint'>outstanding</div>,ばつぐん,outstanding,<ruby>彼女<rt>かのじょ</rt></ruby>は <ruby>歌<rt>うた</rt></ruby>が <ruby>抜群<rt>ばつぐん</rt></ruby>にうまい。,She is extremely good at singing.,
<div class='furi-hint'>しょくん</div>諸君<div class='hint'>Ladies and Gentlemen</div>,しょくん,Ladies and Gentlemen,この <ruby>詩<rt>し</rt></ruby>を <ruby>卒業生<rt>そつぎょうせい</rt></ruby> <ruby>諸君<rt>しょくん</rt></ruby>に <ruby>送<rt>おく</rt></ruby>る。,This poem is passed on to all graduates.,
<div class='furi-hint'>こくもつ</div>穀物<div class='hint'>cereals; grain</div>,こくもつ,cereals; grain,この <ruby>村<rt>むら</rt></ruby>では <ruby>穀物<rt>こくもつ</rt></ruby>がたくさんとれます。,A lot of grain was harvested in this village.,
<div class='furi-hint'>から</div>殻<div class='hint'>husk; shell</div>,から,husk; shell,<ruby>海老<rt>えび</rt></ruby>の <ruby>殻<rt>から</rt></ruby>はここに <ruby>捨<rt>す</rt></ruby>てて。,Discard the lobster shell here.,
<div class='furi-hint'>しゅし</div>趣旨<div class='hint'>purport; purpose</div>,しゅし,purport; purpose,お <ruby>話<rt>はなし</rt></ruby>の <ruby>趣旨<rt>しゅし</rt></ruby>はよく <ruby>分<rt>わ</rt></ruby>かりました。,I understand the gist of the conversation well.,
<div class='furi-hint'>ひりょう</div>肥料<div class='hint'>fertilizer; manure</div>,ひりょう,fertilizer; manure,あの <ruby>農家<rt>のうか</rt></ruby>では <ruby>自然<rt>しぜん</rt></ruby>の <ruby>肥料<rt>ひりょう</rt></ruby>を <ruby>使<rt>つか</rt></ruby>っています。,They use natural fertilizers on that farm.,
<div class='furi-hint'>ひまん</div>肥満<div class='hint'>obesity</div>,ひまん,obesity,<ruby>肥満<rt>ひまん</rt></ruby>はいろいろな <ruby>病気<rt>びょうき</rt></ruby>につながる。,Obesity is linked to many illnesses.,
こなす<div class='hint'>handle easily</div>,こなす,handle easily,<ruby>彼女<rt>かのじょ</rt></ruby>はいつもてきぱきと <ruby>仕事<rt>しごと</rt></ruby>をこなす。,She always handles work promptly.,
<div class='furi-hint'>どう</div>胴<div class='hint'>trunk</div>,どう,trunk,あの <ruby>犬<rt>いぬ</rt></ruby>は <ruby>胴<rt>どう</rt></ruby>が <ruby>長<rt>なが</rt></ruby>いですね。,That dog's torso is long.,
<div class='furi-hint'>どうたい</div>胴体<div class='hint'>body; torso</div>,どうたい,body; torso,<ruby>船<rt>ふね</rt></ruby>の <ruby>胴体<rt>どうたい</rt></ruby>にあいた <ruby>穴<rt>あな</rt></ruby>が <ruby>沈没<rt>ちんぼつ</rt></ruby>の <ruby>原因<rt>げんいん</rt></ruby>です。,The hole in the body of the ship is the cause of the sinking.,
<div class='furi-hint'>わき</div>脇<div class='hint'>under arm</div>,わき,under arm,<ruby>彼<rt>かれ</rt></ruby>は <ruby>子供<rt>こども</rt></ruby>を <ruby>脇<rt>わき</rt></ruby>に <ruby>抱<rt>かか</rt></ruby>えている。,He is carrying the child under his arm.,
<div class='furi-hint'>きゃくほん</div>脚本<div class='hint'>scenario; script</div>,きゃくほん,scenario; script,<ruby>彼<rt>かれ</rt></ruby>はこのドラマの <ruby>脚本<rt>きゃくほん</rt></ruby>を <ruby>書<rt>か</rt></ruby>いています。,He is writing the script for this drama.,
<div class='furi-hint'>きも</div>肝<div class='hint'>courage; liver</div>,きも,courage; liver,<ruby>彼女<rt>かのじょ</rt></ruby>は <ruby>肝<rt>きも</rt></ruby>が <ruby>据<rt>す</rt></ruby>わっています。,She has nerves of steel.,
<div class='furi-hint'>かんぞう</div>肝臓<div class='hint'>liver</div>,かんぞう,liver,<ruby>彼<rt>かれ</rt></ruby>は <ruby>肝臓<rt>かんぞう</rt></ruby>を <ruby>患<rt>わずら</rt></ruby>っている。,He has liver disease.,
<div class='furi-hint'>みゃく</div>脈<div class='hint'>pulse</div>,みゃく,pulse,<ruby>患者<rt>かんじゃ</rt></ruby>の <ruby>脈<rt>みゃく</rt></ruby>を <ruby>計<rt>はか</rt></ruby>ってください。,Please measure the patient's pulse.,
<div class='furi-hint'>どうみゃく</div>動脈<div class='hint'>artery</div>,どうみゃく,artery,<ruby>首<rt>くび</rt></ruby>には <ruby>太<rt>ふと</rt></ruby>い <ruby>動脈<rt>どうみゃく</rt></ruby>が <ruby>通<rt>とお</rt></ruby>っています。,A large artery goes through the neck.,
<div class='furi-hint'>さいぼう</div>細胞<div class='hint'>cell</div>,さいぼう,cell,<ruby>彼女<rt>かのじょ</rt></ruby>は <ruby>細胞<rt>さいぼう</rt></ruby> <ruby>検査<rt>けんさ</rt></ruby>を <ruby>受<rt>う</rt></ruby>けた。,She underwent a biopsy.,
<div class='furi-hint'>かいまく</div>開幕<div class='hint'>rising of the curtain</div>,かいまく,rising of the curtain,オリンピックの <ruby>開幕<rt>かいまく</rt></ruby>まであとわずかです。,It is only a short time until the beginning of the Olympics.,
<div class='furi-hint'>しばい</div>芝居<div class='hint'>drama; play</div>,しばい,drama; play,<ruby>芝居<rt>しばい</rt></ruby>を <ruby>観<rt>み</rt></ruby>に <ruby>行<rt>い</rt></ruby>きました。,I went to see the play.,
<div class='furi-hint'>はつが</div>発芽<div class='hint'>bud; sprout</div>,はつが,bud; sprout,<ruby>植物<rt>しょくぶつ</rt></ruby>が <ruby>発芽<rt>はつが</rt></ruby>するには <ruby>水<rt>みず</rt></ruby>と <ruby>光<rt>ひかり</rt></ruby>が <ruby>必要<rt>ひつよう</rt></ruby>だ。,Water and light are necessary for plants to germinate.,
<div class='furi-hint'>きょうこう</div>恐慌<div class='hint'>panic; scare</div>,きょうこう,panic; scare,50 <ruby>年<rt>ねん</rt></ruby>ほど <ruby>前<rt>ぜん</rt></ruby> <ruby>世界<rt>せかい</rt></ruby> <ruby>的<rt>てき</rt></ruby>な <ruby>恐慌<rt>きょうこう</rt></ruby>が <ruby>起<rt>お</rt></ruby>きた。,A worldwide crisis occurred about 50 years ago.,
<div class='furi-hint'>ぼうず</div>坊主<div class='hint'>Buddhist priest; shaven head</div>,ぼうず,Buddhist priest; shaven head,<ruby>彼<rt>かれ</rt></ruby>は <ruby>頭<rt>あたま</rt></ruby>を <ruby>坊主<rt>ぼうず</rt></ruby>にした。,He shaved his head.,
<div class='furi-hint'>あるかり</div>アルカリ<div class='hint'>alkali</div>,あるかり,alkali,アルカリ <ruby>食品<rt>しょくひん</rt></ruby>は <ruby>体<rt>からだ</rt></ruby>に <ruby>良<rt>よ</rt></ruby>いそうだ。,I hear that alkaline food is good for you.,
<div class='furi-hint'>せんりつ</div>旋律<div class='hint'>melody</div>,せんりつ,melody,その <ruby>曲<rt>きょく</rt></ruby>の <ruby>美<rt>うつく</rt></ruby>しい <ruby>旋律<rt>せんりつ</rt></ruby>に <ruby>聞き<ruby>入<rt>ききい</rt></ruby>った。,I carefully listened to the beautiful melody.,
<div class='furi-hint'>ひっき</div>筆記<div class='hint'>note taking</div>,ひっき,note taking,<ruby>今日<rt>きょう</rt></ruby>は <ruby>筆記用具<rt>ひっきようぐ</rt></ruby>を <ruby>忘<rt>わす</rt></ruby>れてしまった。,I forgot my writing materials today.,
<div class='furi-hint'>てっきん</div>鉄筋<div class='hint'>reinforced with iron</div>,てっきん,reinforced with iron,うちのマンションは <ruby>鉄筋<rt>てっきん</rt></ruby><ruby>六 <ruby>階<rt>かい</rt></ruby> <ruby>建<rt>だ</rt></ruby>てだ。,Our apartment building is a six story reinforced concrete block.,
<div class='furi-hint'>つつ</div>筒<div class='hint'>cylinder; tube</div>,つつ,cylinder; tube,その <ruby>筒<rt>つつ</rt></ruby>の <ruby>中<rt>なか</rt></ruby>にポスターが <ruby>入<rt>はい</rt></ruby>っています。,There is a poster inside the tube.,
<div class='furi-hint'>すいとう</div>水筒<div class='hint'>canteen</div>,すいとう,canteen,<ruby>遠足<rt>えんそく</rt></ruby>に <ruby>水筒<rt>すいとう</rt></ruby>を <ruby>持<rt>も</rt></ruby>って <ruby>行<rt>い</rt></ruby>きました。,I took a flask on the excursion.,
<div class='furi-hint'>はれつ</div>破裂<div class='hint'>bursting; explosion</div>,はれつ,bursting; explosion,<ruby>風船<rt>ふうせん</rt></ruby>が <ruby>破裂<rt>はれつ</rt></ruby>した。,The balloon popped.,
<div class='furi-hint'>こうふ</div>公布<div class='hint'>promulgation</div>,こうふ,promulgation,<ruby>新<rt>あたら</rt></ruby>しい <ruby>法律<rt>ほうりつ</rt></ruby>が <ruby>公布<rt>こうふ</rt></ruby>されました。,A new law was announced.,
<div class='furi-hint'>ぶんぷ</div>分布<div class='hint'>distribution</div>,ぶんぷ,distribution,<ruby>日本猿<rt>にほんざる</rt></ruby>の <ruby>分布<rt>ぶんぷ</rt></ruby>を <ruby>調<rt>しら</rt></ruby>べた。,They investigated the distribution of Japanese monkeys.,
<div class='furi-hint'>はいふ</div>配布<div class='hint'>distribution</div>,はいふ,distribution,<ruby>引換<rt>ひきかえ</rt></ruby> <ruby>券<rt>けん</rt></ruby>は 9 <ruby>時<rt>じ</rt></ruby>から <ruby>配布<rt>はいふ</rt></ruby>されます。,Coupons will be distributed at nine o'clock.,
<div class='furi-hint'>わかめ</div>若布<div class='hint'>seaweed; wakame</div>,わかめ,seaweed; wakame,わかめそばを <ruby>注文<rt>ちゅうもん</rt></ruby>した。,I ordered soba noodles with seaweed.,
<div class='furi-hint'>ほうそう</div>包装<div class='hint'>packing; wrapping</div>,ほうそう,packing; wrapping,プレゼントをきれいに <ruby>包装<rt>ほうそう</rt></ruby>してもらいました。,I had the present beautifully wrapped.,
<div class='furi-hint'>だっこ</div>抱っこ<div class='hint'>hug</div>,だっこ,hug,<ruby>私<rt>わたし</rt></ruby>は <ruby>娘<rt>むすめ</rt></ruby>を <ruby>抱<rt>だ</rt></ruby>っこした。,I cuddled with my daughter.,
<div class='furi-hint'>あわ</div>泡<div class='hint'>bubble; foam</div>,あわ,bubble; foam,コップからビールの <ruby>泡<rt>あわ</rt></ruby>がこぼれた。,The head of the beer spilled out of the glass.,
<div class='furi-hint'>こうそく</div>拘束<div class='hint'>restraint; restriction</div>,こうそく,restraint; restriction,<ruby>彼<rt>かれ</rt></ruby>は <ruby>警察<rt>けいさつ</rt></ruby>に 7<ruby>日間<rt>なのかかん</rt></ruby> <ruby>拘束<rt>こうそく</rt></ruby>された。,He was held by the police for seven days.,
そいつ<div class='hint'>that person</div>,そいつ,that person,そいつは <ruby>誰<rt>だれ</rt></ruby>だい。,Who's that?,
<div class='furi-hint'>はんしょく</div>繁殖<div class='hint'>breeding; propagation</div>,はんしょく,breeding; propagation,<ruby>今<rt>いま</rt></ruby>ネズミが <ruby>大量<rt>たいりょう</rt></ruby>に <ruby>繁殖<rt>はんしょく</rt></ruby>している。,Mice are being bred in large quantities now.,
<div class='furi-hint'>ようしょく</div>養殖<div class='hint'>cultivation; culture</div>,ようしょく,cultivation; culture,<ruby>彼<rt>かれ</rt></ruby>らは <ruby>真珠<rt>しんじゅ</rt></ruby>の <ruby>養殖<rt>ようしょく</rt></ruby>をしています。,They cultivate pearls.,
<div class='furi-hint'>あき</div>飽き<div class='hint'>weariness</div>,あき,weariness,そろそろ <ruby>今<rt>いま</rt></ruby>の <ruby>生活<rt>せいかつ</rt></ruby>に <ruby>飽<rt>あ</rt></ruby>きがきています。,I am beginning to get tired of my current lifestyle.,
<div class='furi-hint'>ほうわ</div>飽和<div class='hint'>saturation</div>,ほうわ,saturation,あの <ruby>市場<rt>しじょう</rt></ruby>は <ruby>飽和<rt>ほうわ</rt></ruby> <ruby>状態<rt>じょうたい</rt></ruby>です。,That market is saturated.,
<div class='furi-hint'>ふくしょく</div>服飾<div class='hint'>dress and its ornaments</div>,ふくしょく,dress and its ornaments,<ruby>友達<rt>ともだち</rt></ruby>は <ruby>服飾<rt>ふくしょく</rt></ruby> <ruby>関係<rt>かんけい</rt></ruby>の <ruby>仕事<rt>しごと</rt></ruby>を <ruby>希望<rt>きぼう</rt></ruby>している。,My friend would like a job related to accessories.,
<div class='furi-hint'>そうしょく</div>装飾<div class='hint'>decoration; ornament</div>,そうしょく,decoration; ornament,その <ruby>教会<rt>きょうかい</rt></ruby>の <ruby>装飾<rt>そうしょく</rt></ruby>はみごとだった。,The decorations in the church were splendid.,
<div class='furi-hint'>きが</div>飢餓<div class='hint'>hunger; starvation</div>,きが,hunger; starvation,<ruby>世界<rt>せかい</rt></ruby>の <ruby>多<rt>おお</rt></ruby>くの <ruby>人々<rt>ひとびと</rt></ruby>は <ruby>飢餓<rt>きが</rt></ruby>に <ruby>苦<rt>くる</rt></ruby>しんでいます。,A lot of people in the world suffer from hunger.,
<div class='furi-hint'>ぼんじん</div>凡人<div class='hint'>ordinary person</div>,ぼんじん,ordinary person,<ruby>彼<rt>かれ</rt></ruby>の <ruby>作品<rt>さくひん</rt></ruby>を <ruby>凡人<rt>ぼんじん</rt></ruby>が <ruby>理解<rt>りかい</rt></ruby>するのは <ruby>難<rt>むずか</rt></ruby>しい。,It is difficult for the layperson to understand his work.,
<div class='furi-hint'>こくふく</div>克服<div class='hint'>conquest; subjugation</div>,こくふく,conquest; subjugation,<ruby>困難<rt>こんなん</rt></ruby>を <ruby>克服<rt>こくふく</rt></ruby>して <ruby>成功<rt>せいこう</rt></ruby>を <ruby>収<rt>おさ</rt></ruby>めた。,We overcame difficulties and achieved success.,
<div class='furi-hint'>ひにん</div>避妊<div class='hint'>contraception</div>,ひにん,contraception,<ruby>結婚<rt>けっこん</rt></ruby>して 2 <ruby>年間<rt>ねんかん</rt></ruby>は <ruby>避妊<rt>ひにん</rt></ruby>しました。,We used birth control for two years after getting married.,
<div class='furi-hint'>ひゃくしょう</div>百姓<div class='hint'>farmer; peasant</div>,ひゃくしょう,farmer; peasant,<ruby>彼<rt>かれ</rt></ruby>は <ruby>百姓<rt>ひゃくしょう</rt></ruby> <ruby>仕事<rt>しごと</rt></ruby>をしてみたいと <ruby>思<rt>おも</rt></ruby>っている。,He thinks he'd like to try farm work.,
<div class='furi-hint'>むこ</div>婿<div class='hint'>bridegroom; son-in-law</div>,むこ,bridegroom; son-in-law,<ruby>彼<rt>かれ</rt></ruby>は <ruby>婿<rt>むこ</rt></ruby>に <ruby>入<rt>はい</rt></ruby>った。,He was adopted into his wife's family.,
<div class='furi-hint'>ちち</div>乳<div class='hint'>breast; milk</div>,ちち,breast; milk,<ruby>牛<rt>うし</rt></ruby>の <ruby>乳<rt>ちち</rt></ruby>しぼりを <ruby>体験<rt>たいけん</rt></ruby>した。,I tried milking a cow.,
<div class='furi-hint'>にゅうじ</div>乳児<div class='hint'>baby; infant</div>,にゅうじ,baby; infant,<ruby>乳児<rt>にゅうじ</rt></ruby>の <ruby>死亡<rt>しぼう</rt></ruby> <ruby>率<rt>りつ</rt></ruby>は <ruby>低下<rt>ていか</rt></ruby>している。,The infant mortality rate has decreased.,
ひっそり<div class='hint'>deserted; quiet</div>,ひっそり,deserted; quiet,そのお <ruby>寺<rt>てら</rt></ruby>は <ruby>人<rt>ひと</rt></ruby>が <ruby>少<rt>すく</rt></ruby>なくてひっそりとしていた。,There were few people at the temple and it was deathly quiet.,
<div class='furi-hint'>まぼろし</div>幻<div class='hint'>illusion; phantom</div>,まぼろし,illusion; phantom,<ruby>幻<rt>まぼろし</rt></ruby>でもいいから <ruby>彼<rt>かれ</rt></ruby>に <ruby>会<rt>あ</rt></ruby>いたいと <ruby>思<rt>おも</rt></ruby>う。,I want to meet him; even if it is an illusion.,
<div class='furi-hint'>げんそう</div>幻想<div class='hint'>fantasy; illusion</div>,げんそう,fantasy; illusion,<ruby>世界<rt>せかい</rt></ruby> <ruby>平和<rt>へいわ</rt></ruby>は <ruby>幻想<rt>げんそう</rt></ruby>にすぎないのだろうか。,Is global peace nothing more than a fantasy?,
<div class='furi-hint'>くろうと</div>玄人<div class='hint'>expert; prostitute</div>,くろうと,expert; prostitute,この <ruby>道具<rt>どうぐ</rt></ruby>は <ruby>玄人<rt>くろうと</rt></ruby>しか <ruby>使<rt>つか</rt></ruby>いこなせない。,Only experts can master this tool.,
<div class='furi-hint'>かちく</div>家畜<div class='hint'>livestock</div>,かちく,livestock,<ruby>家<rt>うち</rt></ruby>は <ruby>牛<rt>うし</rt></ruby>などの <ruby>家畜<rt>かちく</rt></ruby>を <ruby>飼<rt>か</rt></ruby>っている。,We keep cows and other livestock at our house.,
<div class='furi-hint'>ちくしょう</div>畜生<div class='hint'>Damn it!</div>,ちくしょう,Damn it!,<ruby>畜生<rt>ちくしょう</rt></ruby> <ruby>電車<rt>でんしゃ</rt></ruby>に <ruby>間に<ruby>合<rt>まにあ</rt></ruby>わなかった。,Damn! I missed the train.,
<div class='furi-hint'>ちくせき</div>蓄積<div class='hint'>accumulation</div>,ちくせき,accumulation,<ruby>我々<rt>われわれ</rt></ruby>には <ruby>蓄積<rt>ちくせき</rt></ruby>されたノウハウがある。,We have accumulated know-how.,
<div class='furi-hint'>ちょちく</div>貯蓄<div class='hint'>savings</div>,ちょちく,savings,<ruby>貯蓄<rt>ちょちく</rt></ruby>があると <ruby>安心<rt>あんしん</rt></ruby>できます。,I feel secure as I have savings.,
<div class='furi-hint'>にくがん</div>肉眼<div class='hint'>naked eye</div>,にくがん,naked eye,<ruby>金星<rt>きんせい</rt></ruby>は <ruby>肉眼<rt>にくがん</rt></ruby>で <ruby>見<rt>み</rt></ruby>ることができます。,Venus can be seen with the naked eye.,
<div class='furi-hint'>ふみん</div>不眠<div class='hint'>sleeplessness</div>,ふみん,sleeplessness,<ruby>彼女<rt>かのじょ</rt></ruby>は <ruby>最近<rt>さいきん</rt></ruby> <ruby>不眠<rt>ふみん</rt></ruby>で <ruby>悩<rt>なや</rt></ruby>んでいます。,She is bothered by insomnia these days.,
<div class='furi-hint'>とうみん</div>冬眠<div class='hint'>hibernation</div>,とうみん,hibernation,<ruby>熊<rt>くま</rt></ruby>はまだ <ruby>冬眠<rt>とうみん</rt></ruby>しています。,The bear is still hibernating.,
<div class='furi-hint'>ねむけ</div>眠気<div class='hint'>sleepiness</div>,ねむけ,sleepiness,<ruby>私<rt>わたし</rt></ruby>は <ruby>眠気<rt>ねむけ</rt></ruby>に <ruby>勝<rt>か</rt></ruby>てなかった。,I tried to stay awake but couldn't.,
<div class='furi-hint'>ひとみ</div>瞳<div class='hint'>one's eyes; pupil</div>,ひとみ,one's eyes; pupil,<ruby>彼<rt>かれ</rt></ruby>はきれいな <ruby>青<rt>あお</rt></ruby>い <ruby>瞳<rt>ひとみ</rt></ruby>をしている。,He has beautiful; blue eyes.,
<div class='furi-hint'>すんぽう</div>寸法<div class='hint'>measurements; plan</div>,すんぽう,measurements; plan,<ruby>棚<rt>たな</rt></ruby>の <ruby>寸法<rt>すんぽう</rt></ruby>を <ruby>測<rt>はか</rt></ruby>った。,I measured the dimensions of the shelf.,
<div class='furi-hint'>ふうさ</div>封鎖<div class='hint'>blockade; blockage</div>,ふうさ,blockade; blockage,テロのため <ruby>空港<rt>くうこう</rt></ruby>が <ruby>封鎖<rt>ふうさ</rt></ruby>された。,The airport was blockaded because of terrorism.,
もとより<div class='hint'>from the first</div>,もとより,from the first,<ruby>子供<rt>こども</rt></ruby>はもとより <ruby>大人<rt>おとな</rt></ruby>もそのゲームに <ruby>夢中<rt>むちゅう</rt></ruby>になっている。,Adults as well as children are crazy about the game.,
<div class='furi-hint'>こころがけ</div>心掛け<div class='hint'>attention; attitude</div>,こころがけ,attention; attitude,お <ruby>年寄<rt>としよ</rt></ruby>りに <ruby>席<rt>せき</rt></ruby>を <ruby>譲<rt>ゆず</rt></ruby>るのは <ruby>良<rt>よ</rt></ruby>い <ruby>心掛<rt>こころが</rt></ruby>けです。,It is right to give up your seat to elderly people.,
<div class='furi-hint'>ひょうし</div>拍子<div class='hint'>beat; the moment</div>,ひょうし,beat; the moment,この <ruby>曲<rt>きょく</rt></ruby>は 4 <ruby>拍子<rt>びょうし</rt></ruby>です。,This song is in quadruple time.,
<div class='furi-hint'>こうそ</div>控訴<div class='hint'>appeal</div>,こうそ,appeal,<ruby>被告<rt>ひこく</rt></ruby> <ruby>側<rt>がわ</rt></ruby>が <ruby>控訴<rt>こうそ</rt></ruby>しました。,The defendant appealed.,
<div class='furi-hint'>ゆうかい</div>誘拐<div class='hint'>abduction; kidnapping</div>,ゆうかい,abduction; kidnapping,3 <ruby>歳<rt>さい</rt></ruby>の <ruby>男<rt>おとこ</rt></ruby>の <ruby>子<rt>こ</rt></ruby>が <ruby>誘拐<rt>ゆうかい</rt></ruby>された。,A three-year-old boy was kidnapped.,
<div class='furi-hint'>そうにゅう</div>挿入<div class='hint'>insertion</div>,そうにゅう,insertion,ここにグラフを <ruby>挿入<rt>そうにゅう</rt></ruby>してください。,Please insert a graph here.,
<div class='furi-hint'>うんぱん</div>運搬<div class='hint'>transportation</div>,うんぱん,transportation,その <ruby>機械<rt>きかい</rt></ruby>はトラックで <ruby>運搬<rt>うんぱん</rt></ruby>されます。,The machine is transported by truck.,
<div class='furi-hint'>せいそう</div>清掃<div class='hint'>cleaning</div>,せいそう,cleaning,やっとオフィスの <ruby>清掃<rt>せいそう</rt></ruby>が <ruby>終<rt>お</rt></ruby>わった。,We finally finished cleaning the office.,
<div class='furi-hint'>ようご</div>擁護<div class='hint'>defense; protection</div>,ようご,defense; protection,<ruby>彼<rt>かれ</rt></ruby>は <ruby>彼女<rt>かのじょ</rt></ruby>を <ruby>擁護<rt>ようご</rt></ruby>した。,He protected her.,
<div class='furi-hint'>かいたく</div>開拓<div class='hint'>exploitation</div>,かいたく,exploitation,<ruby>西部<rt>せいぶ</rt></ruby> <ruby>開拓<rt>かいたく</rt></ruby>は 19 <ruby>世紀<rt>せいき</rt></ruby>に <ruby>始<rt>はじ</rt></ruby>まった。,Development in the west area began in the 19th century.,
<div class='furi-hint'>はっき</div>発揮<div class='hint'>demonstration; display</div>,はっき,demonstration; display,<ruby>彼<rt>かれ</rt></ruby>はそのプロジェクトで <ruby>才能<rt>さいのう</rt></ruby>を <ruby>大<rt>おお</rt></ruby>いに <ruby>発揮<rt>はっき</rt></ruby>した。,He displayed his talents to the full in the project.,
<div class='furi-hint'>つや</div>艶<div class='hint'>charm; gloss</div>,つや,charm; gloss,<ruby>家具<rt>かぐ</rt></ruby>を <ruby>磨<rt>みが</rt></ruby>いてつやを <ruby>出<rt>だ</rt></ruby>しました。,I polished the furniture and brought out the sheen.,
<div class='furi-hint'>よくせい</div>抑制<div class='hint'>control; suppression</div>,よくせい,control; suppression,<ruby>最近<rt>さいきん</rt></ruby> <ruby>自分<rt>じぶん</rt></ruby>の <ruby>感情<rt>かんじょう</rt></ruby>を <ruby>抑制<rt>よくせい</rt></ruby>できない <ruby>人<rt>ひと</rt></ruby>が <ruby>増<rt>ふ</rt></ruby>えている。,These days; there is an increase in the number of people who cannot control their feelings.,
<div class='furi-hint'>よくし</div>抑止<div class='hint'>deterrent</div>,よくし,deterrent,<ruby>地球<rt>ちきゅう</rt></ruby> <ruby>温暖<rt>おんだん</rt></ruby> <ruby>化<rt>か</rt></ruby>の <ruby>抑止<rt>よくし</rt></ruby>が <ruby>叫<rt>さけ</rt></ruby>ばれている。,Control of global warming was called for.,
<div class='furi-hint'>かんげん</div>還元<div class='hint'>reduction</div>,かんげん,reduction,<ruby>企業<rt>きぎょう</rt></ruby>は <ruby>利益<rt>りえき</rt></ruby>を <ruby>社会<rt>しゃかい</rt></ruby>に <ruby>還元<rt>かんげん</rt></ruby>するべきだ。,Companies should return profits to society.,
<div class='furi-hint'>へんかん</div>返還<div class='hint'>restoration; return</div>,へんかん,restoration; return,この <ruby>土地<rt>とち</rt></ruby>は <ruby>戦後<rt>せんご</rt></ruby>アメリカから <ruby>返還<rt>へんかん</rt></ruby>された。,After the war; this land was returned by the United States.,
しなやか<div class='hint'>pliant</div>,しなやか,pliant,あの <ruby>体操<rt>たいそう</rt></ruby> <ruby>選手<rt>せんしゅ</rt></ruby>の <ruby>動<rt>うご</rt></ruby>きはしなやかだ。,That gymnast's movements are delicate.,
<div class='furi-hint'>みすい</div>未遂<div class='hint'>attempted</div>,みすい,attempted,<ruby>彼<rt>かれ</rt></ruby>の <ruby>盗<rt>ぬす</rt></ruby>みの <ruby>計画<rt>けいかく</rt></ruby>は <ruby>未遂<rt>みすい</rt></ruby>に <ruby>終<rt>お</rt></ruby>わりました。,His robbery plans ended in a failed attempt.,
<div class='furi-hint'>すいこう</div>遂行<div class='hint'>execution</div>,すいこう,execution,<ruby>何<rt>なに</rt></ruby>があっても <ruby>任務<rt>にんむ</rt></ruby>は <ruby>遂行<rt>すいこう</rt></ruby>しなければならない。,We must carry out our duties no matter what.,
<div class='furi-hint'>じゅんかい</div>巡回<div class='hint'>patrol; round</div>,じゅんかい,patrol; round,<ruby>警官<rt>けいかん</rt></ruby>が <ruby>巡回<rt>じゅんかい</rt></ruby> <ruby>中<rt>ちゅう</rt></ruby>に <ruby>不審<rt>ふしん</rt></ruby>な <ruby>車<rt>くるま</rt></ruby>を <ruby>見<rt>み</rt></ruby>つけました。,A suspicious car was found while the policeman was on patrol.,
<div class='furi-hint'>きょうぐう</div>境遇<div class='hint'>circumstances</div>,きょうぐう,circumstances,<ruby>彼<rt>かれ</rt></ruby>はとても <ruby>恵<rt>めぐ</rt></ruby>まれた <ruby>境遇<rt>きょうぐう</rt></ruby>で <ruby>育<rt>そだ</rt></ruby>った。,He grew up in very privileged circumstances.,
<div class='furi-hint'>ぐうぞう</div>偶像<div class='hint'>idol; image</div>,ぐうぞう,idol; image,<ruby>村<rt>むら</rt></ruby>の <ruby>人々<rt>ひとびと</rt></ruby>が <ruby>毎日<rt>まいにち</rt></ruby>その <ruby>偶像<rt>ぐうぞう</rt></ruby>を <ruby>拝<rt>おが</rt></ruby>みに <ruby>来<rt>く</rt></ruby>る。,People in this village come to worship the idol every day.,
<div class='furi-hint'>はいぐうしゃ</div>配偶者<div class='hint'>mate; spouse</div>,はいぐうしゃ,mate; spouse,<ruby>配偶<rt>はいぐう</rt></ruby> <ruby>者<rt>しゃ</rt></ruby>には <ruby>手当<rt>てあて</rt></ruby>が <ruby>支給<rt>しきゅう</rt></ruby>されます。,An allowance is provided for the spouse.,
<div class='furi-hint'>おろか</div>愚か<div class='hint'>foolish; stupid</div>,おろか,foolish; stupid,<ruby>何<rt>なん</rt></ruby>と <ruby>愚<rt>おろ</rt></ruby>かな <ruby>質問<rt>しつもん</rt></ruby>なんだろう。,What a stupid question!,
<div class='furi-hint'>こうれい</div>恒例<div class='hint'>established custom</div>,こうれい,established custom,<ruby>毎年<rt>まいとし</rt></ruby> <ruby>恒例<rt>こうれい</rt></ruby>の <ruby>祭<rt>まつり</rt></ruby>が <ruby>開催<rt>かいさい</rt></ruby>された。,An annual festival was held.,
<div class='furi-hint'>こうきゅう</div>恒久<div class='hint'>permanency; perpetuity</div>,こうきゅう,permanency; perpetuity,<ruby>皆<rt>みな</rt></ruby>が <ruby>恒久<rt>こうきゅう</rt></ruby> <ruby>平和<rt>へいわ</rt></ruby>を <ruby>望<rt>のぞ</rt></ruby>んでいる。,Everyone hopes for permanent peace.,
<div class='furi-hint'>かいぼう</div>解剖<div class='hint'>analysis; dissection</div>,かいぼう,analysis; dissection,その <ruby>遺体<rt>いたい</rt></ruby>は <ruby>解剖<rt>かいぼう</rt></ruby>された。,The body was dissected.,
<div class='furi-hint'>いくぶん</div>幾分<div class='hint'>partially; somewhat</div>,いくぶん,partially; somewhat,<ruby>彼女<rt>かのじょ</rt></ruby>は <ruby>幾分<rt>いくぶん</rt></ruby> <ruby>回復<rt>かいふく</rt></ruby>したようです。,She seems to have recovered somewhat.,
<div class='furi-hint'>いくにち</div>幾日<div class='hint'>many days</div>,いくにち,many days,<ruby>彼<rt>かれ</rt></ruby>は <ruby>幾日<rt>いくにち</rt></ruby>も <ruby>海<rt>うみ</rt></ruby>を <ruby>眺<rt>なが</rt></ruby>めて <ruby>過<rt>す</rt></ruby>ごした。,He spent many days staring at the sea.,
<div class='furi-hint'>きか</div>幾何<div class='hint'>geometry</div>,きか,geometry,<ruby>友人<rt>ゆうじん</rt></ruby>は <ruby>幾何<rt>きか</rt></ruby> <ruby>学<rt>がく</rt></ruby>が <ruby>得意<rt>とくい</rt></ruby>です。,My friend is good at geometry.,
<div class='furi-hint'>いくど</div>幾度<div class='hint'>many times</div>,いくど,many times,<ruby>私<rt>わたし</rt></ruby>は <ruby>幾度<rt>いくど</rt></ruby>も <ruby>彼女<rt>かのじょ</rt></ruby>の <ruby>夢<rt>ゆめ</rt></ruby>を <ruby>見<rt>み</rt></ruby>ました。,I dreamt about her many times.,
うっとり<div class='hint'>enchanting</div>,うっとり,enchanting,<ruby>名画<rt>めいが</rt></ruby>の <ruby>数々<rt>かずかず</rt></ruby>をうっとりと <ruby>眺<rt>なが</rt></ruby>めた。,I looked absent-mindedly at many famous pictures.,
<div class='furi-hint'>りんり</div>倫理<div class='hint'>ethics; morals</div>,りんり,ethics; morals,それは <ruby>倫理<rt>りんり</rt></ruby>の <ruby>問題<rt>もんだい</rt></ruby>に <ruby>触<rt>ふ</rt></ruby>れます。,This touches on the problem of ethics.,
<div class='furi-hint'>ぶじょく</div>侮辱<div class='hint'>bad manners; insult</div>,ぶじょく,bad manners; insult,<ruby>彼<rt>かれ</rt></ruby>を <ruby>侮辱<rt>ぶじょく</rt></ruby>することは <ruby>私<rt>わたし</rt></ruby>が <ruby>許<rt>ゆる</rt></ruby>しません。,I will not forgive insults to him.,
<div class='furi-hint'>けっさく</div>傑作<div class='hint'>masterpiece</div>,けっさく,masterpiece,この <ruby>小説<rt>しょうせつ</rt></ruby>は <ruby>歴史<rt>れきし</rt></ruby>に <ruby>残<rt>のこ</rt></ruby>る <ruby>傑作<rt>けっさく</rt></ruby>だ。,This novel is a masterpiece that will stand the test of time.,
<div class='furi-hint'>ぼくめつ</div>撲滅<div class='hint'>eradication</div>,ぼくめつ,eradication,<ruby>町<rt>まち</rt></ruby> <ruby>全体<rt>ぜんたい</rt></ruby>で <ruby>犯罪<rt>はんざい</rt></ruby>の <ruby>撲滅<rt>ぼくめつ</rt></ruby>に <ruby>努<rt>つと</rt></ruby>めます。,The whole town is working to eliminate crime.,
<div class='furi-hint'>かんりょう</div>官僚<div class='hint'>government official</div>,かんりょう,government official,<ruby>官僚<rt>かんりょう</rt></ruby>の <ruby>不祥事<rt>ふしょうじ</rt></ruby>がまた <ruby>発覚<rt>はっかく</rt></ruby>した。,Once again; a scandal involving a bureaucrat came to light.,
<div class='furi-hint'>へんさち</div>偏差値<div class='hint'>deviation</div>,へんさち,deviation,この <ruby>高校<rt>こうこう</rt></ruby>は <ruby>偏差<rt>へんさ</rt></ruby> <ruby>値<rt>ち</rt></ruby>がとても <ruby>高<rt>たか</rt></ruby>い。,The deviation score at this high school is very high.,
<div class='furi-hint'>ふへん</div>普遍<div class='hint'>universality</div>,ふへん,universality,<ruby>彼<rt>かれ</rt></ruby>の <ruby>本<rt>ほん</rt></ruby>には <ruby>普遍<rt>ふへん</rt></ruby>のメッセージがある。,His book contains a universal message.,
<div class='furi-hint'>みや</div>宮<div class='hint'>Imperial Court; shinto shrine</div>,みや,Imperial Court; shinto shrine,<ruby>彼<rt>かれ</rt></ruby>は <ruby>宮大工<rt>みやだいく</rt></ruby>です。,He is a palace carpenter.,
<div class='furi-hint'>せんげん</div>宣言<div class='hint'>declaration</div>,せんげん,declaration,<ruby>政府<rt>せいふ</rt></ruby>は <ruby>停戦<rt>ていせん</rt></ruby>を <ruby>宣言<rt>せんげん</rt></ruby>しました。,The government declared a cease-fire.,
<div class='furi-hint'>せんこく</div>宣告<div class='hint'>sentence; verdict</div>,せんこく,sentence; verdict,もしもがんの <ruby>宣告<rt>せんこく</rt></ruby>を <ruby>受<rt>う</rt></ruby>けたらどうしますか。,What would you do if it were declared to be cancer?,
<div class='furi-hint'>べんぎ</div>便宜<div class='hint'>convenience; facility</div>,べんぎ,convenience; facility,この <ruby>仕事<rt>しごと</rt></ruby>では <ruby>彼<rt>かれ</rt></ruby>が <ruby>便宜<rt>べんぎ</rt></ruby>を <ruby>図<rt>はか</rt></ruby>ってくれました。,He did me a favor with this job.,
<div class='furi-hint'>てきぎ</div>適宜<div class='hint'>appropriate</div>,てきぎ,appropriate,ホームページは <ruby>適宜<rt>てきぎ</rt></ruby> <ruby>更新<rt>こうしん</rt></ruby>されます。,The homepage is updated as required.,
<div class='furi-hint'>しんぱん</div>審判<div class='hint'>referee; umpire</div>,しんぱん,referee; umpire,<ruby>審判<rt>しんぱん</rt></ruby>は <ruby>常<rt>つね</rt></ruby>に <ruby>公平<rt>こうへい</rt></ruby>であるべきだ。,The umpire should always be impartial.,
<div class='furi-hint'>ふしん</div>不審<div class='hint'>doubt; question</div>,ふしん,doubt; question,パスワードを <ruby>尋<rt>たず</rt></ruby>ねる <ruby>不審<rt>ふしん</rt></ruby>なメールに <ruby>注意<rt>ちゅうい</rt></ruby>してください。,Be careful of suspicious emails that ask for your password.,
ばれる<div class='hint'>found out</div>,ばれる,found out,<ruby>友達<rt>ともだち</rt></ruby>に <ruby>嘘<rt>うそ</rt></ruby>がばれてしまった。,My friend found out I was lying.,
<div class='furi-hint'>せいじゃく</div>静寂<div class='hint'>quietness; silence</div>,せいじゃく,quietness; silence,<ruby>田舎<rt>いなか</rt></ruby>の <ruby>夜<rt>よる</rt></ruby>は <ruby>静寂<rt>せいじゃく</rt></ruby>そのものだった。,Nighttime in the countryside is a picture of stillness.,
<div class='furi-hint'>ちっそく</div>窒息<div class='hint'>asphyxia; suffocation</div>,ちっそく,asphyxia; suffocation,<ruby>彼女<rt>かのじょ</rt></ruby>の <ruby>死因<rt>しいん</rt></ruby>は <ruby>窒息<rt>ちっそく</rt></ruby> <ruby>死<rt>し</rt></ruby>だった。,The cause of her death was suffocation.,
<div class='furi-hint'>えんかい</div>宴会<div class='hint'>dinner party; reception</div>,えんかい,dinner party; reception,<ruby>宴会<rt>えんかい</rt></ruby>は <ruby>大<rt>おお</rt></ruby>いに <ruby>盛り<ruby>上<rt>もりあ</rt></ruby>がった。,The party was extremely lively.,
<div class='furi-hint'>くつろぐ</div>寛ぐ<div class='hint'>make oneself at home; relax</div>,くつろぐ,make oneself at home; relax,ゆっくりくつろいでください。,Please make yourself at home.,
<div class='furi-hint'>えつらん</div>閲覧<div class='hint'>reading</div>,えつらん,reading,その <ruby>本<rt>ほん</rt></ruby>は <ruby>閲覧<rt>えつらん</rt></ruby> <ruby>室<rt>しつ</rt></ruby>にあります。,The book is in the reading room.,
<div class='furi-hint'>せんとう</div>戦闘<div class='hint'>battle; fight</div>,せんとう,battle; fight,<ruby>戦闘<rt>せんとう</rt></ruby>で <ruby>多<rt>おお</rt></ruby>くの <ruby>市民<rt>しみん</rt></ruby>が <ruby>傷<rt>きず</rt></ruby> <ruby>付<rt>つ</rt></ruby>きました。,A lot of civilians were wounded in combat.,
<div class='furi-hint'>かくとう</div>格闘<div class='hint'>fight; tussle</div>,かくとう,fight; tussle,<ruby>格闘<rt>かくとう</rt></ruby>の <ruby>末<rt>すえ</rt></ruby> <ruby>警察官<rt>けいさつかん</rt></ruby>は <ruby>泥棒<rt>どろぼう</rt></ruby>を <ruby>逮捕<rt>たいほ</rt></ruby>した。,After the scuffle the policeman arrested the thief.,
<div class='furi-hint'>とうそう</div>闘争<div class='hint'>conflict; fight</div>,とうそう,conflict; fight,<ruby>学生<rt>がくせい</rt></ruby>たちは <ruby>大学<rt>だいがく</rt></ruby> <ruby>側<rt>がわ</rt></ruby>と <ruby>闘争<rt>とうそう</rt></ruby>しています。,Students are in conflict with the university.,
<div class='furi-hint'>やみ</div>闇<div class='hint'>darkness</div>,やみ,darkness,<ruby>犯人<rt>はんにん</rt></ruby>は <ruby>闇<rt>やみ</rt></ruby>に <ruby>隠<rt>かく</rt></ruby>れた。,The criminal hid in the dark.,
<div class='furi-hint'>くらやみ</div>暗闇<div class='hint'>in darkness</div>,くらやみ,in darkness,<ruby>暗闇<rt>くらやみ</rt></ruby>を <ruby>手探<rt>てさぐ</rt></ruby>りで <ruby>歩<rt>ある</rt></ruby>いた。,I walked in the dark; feeling my way as I went.,
<div class='furi-hint'>あわれ</div>哀れ<div class='hint'>pathos; pity</div>,あわれ,pathos; pity,<ruby>彼<rt>かれ</rt></ruby>は <ruby>何<rt>なん</rt></ruby>て <ruby>哀<rt>あわ</rt></ruby>れな <ruby>男<rt>おとこ</rt></ruby>なんだ。,What a pitiful man he is!,
<div class='furi-hint'>ふところ</div>懐<div class='hint'>bosom; mind</div>,ふところ,bosom; mind,<ruby>彼<rt>かれ</rt></ruby>は <ruby>懐<rt>ふところ</rt></ruby>からハンカチを <ruby>取り<ruby>出<rt>とりだ</rt></ruby>した。,He took out a handkerchief from his pocket.,
<div class='furi-hint'>かいき</div>怪奇<div class='hint'>mystery; wonder</div>,かいき,mystery; wonder,<ruby>昨晩<rt>さくばん</rt></ruby> <ruby>怪奇<rt>かいき</rt></ruby> <ruby>事件<rt>じけん</rt></ruby>のドラマを <ruby>見<rt>み</rt></ruby>ました。,Last night I watched a drama about a mysterious incident.,
<div class='furi-hint'>まんせい</div>慢性<div class='hint'>chronic</div>,まんせい,chronic,<ruby>彼<rt>かれ</rt></ruby>は <ruby>慢性<rt>まんせい</rt></ruby>の <ruby>頭痛<rt>ずつう</rt></ruby> <ruby>持<rt>も</rt></ruby>ちだそうです。,He has a chronic migraine apparently.,
ちょくちょく<div class='hint'>now and then</div>,ちょくちょく,now and then,<ruby>彼<rt>かれ</rt></ruby>とはちょくちょく <ruby>会<rt>あ</rt></ruby>っています。,I meet him now and then.,
<div class='furi-hint'>まんざい</div>漫才<div class='hint'>comic backchat; comic dialogue</div>,まんざい,comic backchat; comic dialogue,<ruby>彼<rt>かれ</rt></ruby>はよく <ruby>漫才<rt>まんざい</rt></ruby>を <ruby>見<rt>み</rt></ruby>に <ruby>行<rt>い</rt></ruby>きます。,He often goes to watch comic duos.,
<div class='furi-hint'>ついとう</div>追悼<div class='hint'>mourning</div>,ついとう,mourning,<ruby>先月<rt>せんげつ</rt></ruby> <ruby>亡<rt>な</rt></ruby>くなった <ruby>歌手<rt>かしゅ</rt></ruby>の <ruby>追悼<rt>ついとう</rt></ruby> <ruby>番組<rt>ばんぐみ</rt></ruby>がありました。,There was a memorial program for the singer who died last month.,
<div class='furi-hint'>ただ</div>唯<div class='hint'>merely; simply</div>,ただ,merely; simply,<ruby>私<rt>わたし</rt></ruby>はただ <ruby>彼女<rt>かのじょ</rt></ruby>と <ruby>話<rt>はな</rt></ruby>したかっただけです。,I just wanted to speak with her.,
<div class='furi-hint'>ゆいいつ</div>唯一<div class='hint'>the only; unique</div>,ゆいいつ,the only; unique,<ruby>彼<rt>かれ</rt></ruby>の <ruby>唯一<rt>ゆいいつ</rt></ruby>の <ruby>楽<rt>たの</rt></ruby>しみは <ruby>釣<rt>つ</rt></ruby>りです。,His sole pleasure is fishing.,
<div class='furi-hint'>ほ</div>穂<div class='hint'>ear of grain; spike</div>,ほ,ear of grain; spike,<ruby>麦<rt>むぎ</rt></ruby>の <ruby>穂<rt>ほ</rt></ruby>が <ruby>金色<rt>きんいろ</rt></ruby>に <ruby>輝<rt>かがや</rt></ruby>いています。,The ear of wheat shines golden.,
<div class='furi-hint'>しょうする</div>称する<div class='hint'>name; pretend</div>,しょうする,name; pretend,<ruby>国産<rt>こくさん</rt></ruby>と <ruby>称<rt>しょう</rt></ruby>する <ruby>製品<rt>せいひん</rt></ruby>に <ruby>疑<rt>うたが</rt></ruby>わしいものがある。,There is doubt about some so-called domestic products.,
<div class='furi-hint'>げんこう</div>原稿<div class='hint'>draft; manuscript</div>,げんこう,draft; manuscript,<ruby>作者<rt>さくしゃ</rt></ruby>から <ruby>原稿<rt>げんこう</rt></ruby>を <ruby>受け<ruby>取<rt>うけと</rt></ruby>りました。,The manuscript was received from the author.,
<div class='furi-hint'>けっかん</div>欠陥<div class='hint'>defect; fault</div>,けっかん,defect; fault,その <ruby>製品<rt>せいひん</rt></ruby>に <ruby>欠陥<rt>けっかん</rt></ruby>が <ruby>見<rt>み</rt></ruby>つかりました。,I found a defect in the product.,
<div class='furi-hint'>おちいる</div>陥る<div class='hint'>fall in; fall into</div>,おちいる,fall in; fall into,<ruby>彼<rt>かれ</rt></ruby>はジレンマに <ruby>陥<rt>おちい</rt></ruby>った。,He was in a dilemma.,
<div class='furi-hint'>ずいひつ</div>随筆<div class='hint'>essay</div>,ずいひつ,essay,この <ruby>本<rt>ほん</rt></ruby>は <ruby>新聞<rt>しんぶん</rt></ruby>に <ruby>掲載<rt>けいさい</rt></ruby>された <ruby>随筆<rt>ずいひつ</rt></ruby>をまとめたものだ。,This book is a collection of essays published in the newspaper.,
<div class='furi-hint'>おに</div>鬼<div class='hint'>devil; fiend; ogre</div>,おに,devil; fiend; ogre,<ruby>彼<rt>かれ</rt></ruby>は <ruby>鬼<rt>おに</rt></ruby>のような <ruby>人<rt>ひと</rt></ruby>だ。,He is like a demon.,
<div class='furi-hint'>まほう</div>魔法<div class='hint'>magic; sorcery</div>,まほう,magic; sorcery,<ruby>彼女<rt>かのじょ</rt></ruby>はまるで <ruby>魔法<rt>まほう</rt></ruby>にかかったみたいだ。,She acts as if she is under a spell.,
<div class='furi-hint'>あくま</div>悪魔<div class='hint'>demon; devil</div>,あくま,demon; devil,<ruby>彼<rt>かれ</rt></ruby>はまるで <ruby>悪魔<rt>あくま</rt></ruby>みたいな <ruby>男<rt>おとこ</rt></ruby>だ。,That man is just like the devil.,
<div class='furi-hint'>まじゅつ</div>魔術<div class='hint'>magic; sorcery</div>,まじゅつ,magic; sorcery,<ruby>彼女<rt>かのじょ</rt></ruby>は <ruby>魔術<rt>まじゅつ</rt></ruby>を <ruby>使<rt>つか</rt></ruby>って <ruby>彼<rt>かれ</rt></ruby>に <ruby>復讐<rt>ふくしゅう</rt></ruby>した。,She took revenge on him by using magic.,
でっかい<div class='hint'>big; huge</div>,でっかい,big; huge,<ruby>彼<rt>かれ</rt></ruby>にはでっかい <ruby>夢<rt>ゆめ</rt></ruby>がある。,He is ambitious.,
<div class='furi-hint'>みわく</div>魅惑<div class='hint'>enchantment; fascination</div>,みわく,enchantment; fascination,<ruby>彼女<rt>かのじょ</rt></ruby>は <ruby>観客<rt>かんきゃく</rt></ruby>を <ruby>魅惑<rt>みわく</rt></ruby>する <ruby>演技<rt>えんぎ</rt></ruby>をした。,She gave a performance that enchanted the audience.,
<div class='furi-hint'>たましい</div>魂<div class='hint'>soul; spirit</div>,たましい,soul; spirit,<ruby>彼<rt>かれ</rt></ruby>の <ruby>魂<rt>たましい</rt></ruby>は <ruby>永遠<rt>えいえん</rt></ruby>に <ruby>生<rt>い</rt></ruby>き <ruby>続<rt>つづ</rt></ruby>けるでしょう。,His spirit will live on for eternity.,
<div class='furi-hint'>ひ</div>碑<div class='hint'>monument</div>,ひ,monument,<ruby>校舎<rt>こうしゃ</rt></ruby>の <ruby>傍<rt>かたわら</rt></ruby>に <ruby>碑<rt>ひ</rt></ruby>が <ruby>建<rt>た</rt></ruby>っています。,A monument has been erected beside the schoolhouse.,
<div class='furi-hint'>じしゃく</div>磁石<div class='hint'>compass; magnet</div>,じしゃく,compass; magnet,このチラシ <ruby>磁石<rt>じしゃく</rt></ruby>で <ruby>冷蔵庫<rt>れいぞうこ</rt></ruby>に <ruby>貼<rt>は</rt></ruby>っておいて。,The leaflet is stuck to the refrigerator with a magnet.,
<div class='furi-hint'>ひんぱん</div>頻繁<div class='hint'>frequent; very often</div>,ひんぱん,frequent; very often,<ruby>彼<rt>かれ</rt></ruby>とは <ruby>頻繁<rt>ひんぱん</rt></ruby>に <ruby>連絡<rt>れんらく</rt></ruby>を <ruby>取り<ruby>合<rt>とりあ</rt></ruby>っています。,I have frequent contact with him.,
<div class='furi-hint'>かいこ</div>回顧<div class='hint'>reminiscence</div>,かいこ,reminiscence,<ruby>彼<rt>かれ</rt></ruby>は <ruby>遠<rt>とお</rt></ruby>い <ruby>昔<rt>むかし</rt></ruby>を <ruby>回顧<rt>かいこ</rt></ruby>した。,He recollected times gone by.,
<div class='furi-hint'>けんびきょう</div>顕微鏡<div class='hint'>microscope</div>,けんびきょう,microscope,<ruby>小学校<rt>しょうがっこう</rt></ruby>で <ruby>顕微鏡<rt>けんびきょう</rt></ruby>の <ruby>使い<ruby>方<rt>つかいかた</rt></ruby>を <ruby>習<rt>なら</rt></ruby>いました。,I learnt how to use a microscope at elementary school.,
<div class='furi-hint'>いただき</div>頂き<div class='hint'>unexpected gain</div>,いただき,unexpected gain,これで <ruby>優勝<rt>ゆうしょう</rt></ruby>は <ruby>頂<rt>いただ</rt></ruby>きだ。,Now; victory is ours for the taking.,
<div class='furi-hint'>ちょうてん</div>頂点<div class='hint'>apex; peak</div>,ちょうてん,apex; peak,<ruby>彼<rt>かれ</rt></ruby>は <ruby>組織<rt>そしき</rt></ruby>の <ruby>頂点<rt>ちょうてん</rt></ruby>に <ruby>上り<ruby>詰<rt>のぼりつ</rt></ruby>めた。,He rose to the top of the organization.,
<div class='furi-hint'>としごろ</div>年頃<div class='hint'>age range; marriageable age</div>,としごろ,age range; marriageable age,<ruby>部長<rt>ぶちょう</rt></ruby>には <ruby>年頃<rt>としごろ</rt></ruby>のお <ruby>嬢<rt>じょう</rt></ruby>さんがいるらしい。,Apparently the director has a daughter of marriageable age.,
<div class='furi-hint'>じゅんかん</div>循環<div class='hint'>circulation; cycle</div>,じゅんかん,circulation; cycle,<ruby>市内<rt>しない</rt></ruby>を <ruby>循環<rt>じゅんかん</rt></ruby>バスが <ruby>走<rt>はし</rt></ruby>っています。,A circular bus route runs around the city.,
<div class='furi-hint'>そうさく</div>創作<div class='hint'>creation; fiction writing</div>,そうさく,creation; fiction writing,<ruby>昨日<rt>きのう</rt></ruby> <ruby>創作<rt>そうさく</rt></ruby> <ruby>料理<rt>りょうり</rt></ruby>のお <ruby>店<rt>みせ</rt></ruby>に <ruby>行<rt>い</rt></ruby>った。,I went to an innovative restaurant yesterday.,
<div class='furi-hint'>そうぞう</div>創造<div class='hint'>creation</div>,そうぞう,creation,<ruby>神<rt>かみ</rt></ruby>が <ruby>人類<rt>じんるい</rt></ruby>を <ruby>創造<rt>そうぞう</rt></ruby>したと <ruby>信<rt>しん</rt></ruby>じる <ruby>人<rt>ひと</rt></ruby>もいる。,There are some who believe that God created the human race; too.,
<div class='furi-hint'>そうかん</div>創刊<div class='hint'>first issue; launching a magazine</div>,そうかん,first issue; launching a magazine,<ruby>新<rt>あたら</rt></ruby>しいコミック <ruby>雑誌<rt>ざっし</rt></ruby>が <ruby>創刊<rt>そうかん</rt></ruby>される。,A new comic magazine has been issued.,
いろは<div class='hint'>iroha; the Japanese syllabary</div>,いろは,iroha; the Japanese syllabary,<ruby>彼女<rt>かのじょ</rt></ruby>は <ruby>料理<rt>りょうり</rt></ruby>のいろはを <ruby>母親<rt>ははおや</rt></ruby>から <ruby>学<rt>まな</rt></ruby>んだ。,She learnt the basics of cookery from her mother.,
<div class='furi-hint'>けんどう</div>剣道<div class='hint'>fencing; swordsmanship</div>,けんどう,fencing; swordsmanship,<ruby>彼<rt>かれ</rt></ruby>は <ruby>剣道<rt>けんどう</rt></ruby>で <ruby>初段<rt>しょだん</rt></ruby>になった。,He reached level one in kendo.,
<div class='furi-hint'>しけい</div>死刑<div class='hint'>capital punishment; death penalty</div>,しけい,capital punishment; death penalty,<ruby>死刑<rt>しけい</rt></ruby>に <ruby>反対<rt>はんたい</rt></ruby>するデモが <ruby>行<rt>おこな</rt></ruby>われた。,A demonstration against capital punishment was held.,
<div class='furi-hint'>けい</div>刑<div class='hint'>penalty; punishment</div>,けい,penalty; punishment,<ruby>裁判<rt>さいばん</rt></ruby>で 5 <ruby>年<rt>ねん</rt></ruby>の <ruby>刑<rt>けい</rt></ruby>を <ruby>言い<ruby>渡<rt>いいわた</rt></ruby>された。,A penalty of five years was handed down at the trial.,
<div class='furi-hint'>ばち</div>罰<div class='hint'>divine punishment; retribution</div>,ばち,divine punishment; retribution,<ruby>悪<rt>わる</rt></ruby>い <ruby>事<rt>こと</rt></ruby>をすると <ruby>罰<rt>ばっ</rt></ruby>が <ruby>当<rt>あ</rt></ruby>たります。,If you do bad things you will be punished.,
<div class='furi-hint'>ばっそく</div>罰則<div class='hint'>penal regulations</div>,ばっそく,penal regulations,<ruby>彼<rt>かれ</rt></ruby>には <ruby>厳<rt>きび</rt></ruby>しい <ruby>罰則<rt>ばっそく</rt></ruby>が <ruby>与<rt>あた</rt></ruby>えられました。,A harsh penalty was given to him.,
<div class='furi-hint'>しょめい</div>署名<div class='hint'>autograph; signature</div>,しょめい,autograph; signature,その <ruby>法案<rt>ほうあん</rt></ruby>に <ruby>反対<rt>はんたい</rt></ruby>する <ruby>人<rt>ひと</rt></ruby>たちが <ruby>署名<rt>しょめい</rt></ruby>を <ruby>集<rt>あつ</rt></ruby>めている。,They are collecting signatures of people who oppose the bill.,
<div class='furi-hint'>ぜいむしょ</div>税務署<div class='hint'>tax office</div>,ぜいむしょ,tax office,<ruby>父<rt>ちち</rt></ruby>は <ruby>税務署<rt>ぜいむしょ</rt></ruby>に <ruby>勤<rt>つと</rt></ruby>めているので 3 <ruby>月<rt>がつ</rt></ruby>はとても <ruby>忙<rt>いそが</rt></ruby>しい。,My father works for the tax office so he is very busy in March.,
<div class='furi-hint'>ろうか</div>老化<div class='hint'>aging</div>,ろうか,aging,<ruby>誰<rt>だれ</rt></ruby>も <ruby>老化<rt>ろうか</rt></ruby>は <ruby>避<rt>さ</rt></ruby>けられない。,No one can avoid getting old.,
<div class='furi-hint'>ろうご</div>老後<div class='hint'>one's old age</div>,ろうご,one's old age,<ruby>老後<rt>ろうご</rt></ruby>は <ruby>田舎<rt>いなか</rt></ruby>に <ruby>住<rt>す</rt></ruby>みたいです。,I want to live in the country when I am old.,
<div class='furi-hint'>ねつれつ</div>熱烈<div class='hint'>ardent; fervent</div>,ねつれつ,ardent; fervent,<ruby>彼<rt>かれ</rt></ruby>はあの <ruby>歌手<rt>かしゅ</rt></ruby>の <ruby>熱烈<rt>ねつれつ</rt></ruby>なファンです。,He is a keen fan of that singer.,
<div class='furi-hint'>せいじゅく</div>成熟<div class='hint'>maturity; ripeness</div>,せいじゅく,maturity; ripeness,<ruby>彼<rt>かれ</rt></ruby>はまだ <ruby>精神<rt>せいしん</rt></ruby> <ruby>的<rt>てき</rt></ruby>に <ruby>成熟<rt>せいじゅく</rt></ruby>していない。,He is still emotionally immature.,
<div class='furi-hint'>そうじゅく</div>早熟<div class='hint'>forward; precocious</div>,そうじゅく,forward; precocious,<ruby>最近<rt>さいきん</rt></ruby>の <ruby>子供<rt>こども</rt></ruby>は <ruby>早熟<rt>そうじゅく</rt></ruby>です。,Children these days are precocious.,
<div class='furi-hint'>みじゅく</div>未熟<div class='hint'>unripe; unskilled</div>,みじゅく,unripe; unskilled,<ruby>私<rt>わたし</rt></ruby>はまだまだ <ruby>未熟<rt>みじゅく</rt></ruby>です。,I am still immature.,
<div class='furi-hint'>じゅくご</div>熟語<div class='hint'>compound word; idiom</div>,じゅくご,compound word; idiom,<ruby>熟語<rt>じゅくご</rt></ruby>を <ruby>覚<rt>おぼ</rt></ruby>えると <ruby>表現<rt>ひょうげん</rt></ruby>の <ruby>幅<rt>はば</rt></ruby>が <ruby>広<rt>ひろ</rt></ruby>がります。,If you learn idioms; you can enhance your range of expression.,
<div class='furi-hint'>みくろ</div>ミクロ<div class='hint'>micro; microeconomics</div>,みくろ,micro; microeconomics,<ruby>彼<rt>かれ</rt></ruby>はミクロの <ruby>世界<rt>せかい</rt></ruby>に <ruby>興味<rt>きょうみ</rt></ruby>を <ruby>持<rt>も</rt></ruby>っています。,He is interested in the microscopic world.,
<div class='furi-hint'>ちんもく</div>沈黙<div class='hint'>reticence; silence</div>,ちんもく,reticence; silence,<ruby>彼<rt>かれ</rt></ruby>はしばらく <ruby>沈黙<rt>ちんもく</rt></ruby>していた。,He was silent for a while.,
<div class='furi-hint'>けだもの</div>獣<div class='hint'>beast; brute</div>,けだもの,beast; brute,けだもののような <ruby>叫び<ruby>声<rt>さけびごえ</rt></ruby>が <ruby>聞<rt>き</rt></ruby>こえた。,A cry like that of a beast was heard.,
<div class='furi-hint'>ぶんけん</div>文献<div class='hint'>literature</div>,ぶんけん,literature,<ruby>論文<rt>ろんぶん</rt></ruby>を <ruby>書<rt>か</rt></ruby>くためにいろいろな <ruby>文献<rt>ぶんけん</rt></ruby>を <ruby>読<rt>よ</rt></ruby>みました。,I read many articles in order to write my thesis.,
<div class='furi-hint'>けんけつ</div>献血<div class='hint'>blood donation</div>,けんけつ,blood donation,<ruby>献血<rt>けんけつ</rt></ruby>は <ruby>人<rt>ひと</rt></ruby>の <ruby>命<rt>いのち</rt></ruby>を <ruby>救<rt>すく</rt></ruby>う。,Blood donation saves people's lives.,
<div class='furi-hint'>こんだて</div>献立<div class='hint'>menu</div>,こんだて,menu,<ruby>今日<rt>きょう</rt></ruby>の <ruby>献立<rt>こんだて</rt></ruby>は <ruby>私<rt>わたし</rt></ruby>の <ruby>好<rt>す</rt></ruby>きなものばかりです。,Today's menu has all the things I like.,
<div class='furi-hint'>げた</div>下駄<div class='hint'>geta; wooden clogs</div>,げた,geta; wooden clogs,<ruby>下駄<rt>げた</rt></ruby>は <ruby>素足<rt>すあし</rt></ruby>に <ruby>履<rt>は</rt></ruby>くものです。,Japanese wooden sandals are worn barefoot.,
<div class='furi-hint'>おろしうり</div>卸売り<div class='hint'>wholesale</div>,おろしうり,wholesale,<ruby>彼<rt>かれ</rt></ruby>は <ruby>卸売<rt>おろしう</rt></ruby>りの <ruby>仕事<rt>しごと</rt></ruby>をしています。,He works in wholesale.,
<div class='furi-hint'>ぼうきゃく</div>忘却<div class='hint'>forgetfulness</div>,ぼうきゃく,forgetfulness,やがてその <ruby>事件<rt>じけん</rt></ruby>は <ruby>忘却<rt>ぼうきゃく</rt></ruby>された。,The event was forgotten before long.,
<div class='furi-hint'>けいしちょう</div>警視庁<div class='hint'>Metropolitan Police Office</div>,けいしちょう,Metropolitan Police Office,<ruby>彼<rt>かれ</rt></ruby>は <ruby>警視庁<rt>けいしちょう</rt></ruby>に <ruby>勤務<rt>きんむ</rt></ruby>している。,He is working for the Tokyo Metropolitan Police Department.,
<div class='furi-hint'>しょみん</div>庶民<div class='hint'>common people</div>,しょみん,common people,<ruby>彼<rt>かれ</rt></ruby>の <ruby>家<rt>いえ</rt></ruby>は <ruby>庶民<rt>しょみん</rt></ruby>には <ruby>手<rt>て</rt></ruby>が <ruby>届<rt>とど</rt></ruby>かないような <ruby>豪邸<rt>ごうてい</rt></ruby>だ。,He has a luxurious home that is not within the financial reach of ordinary people.,
<div class='furi-hint'>ますい</div>麻酔<div class='hint'>anesthetic</div>,ますい,anesthetic,<ruby>彼<rt>かれ</rt></ruby>は <ruby>麻酔<rt>ますい</rt></ruby>から <ruby>目覚<rt>めざ</rt></ruby>めた。,He came round from the anesthetic.,
<div class='furi-hint'>まやく</div>麻薬<div class='hint'>drug; narcotic</div>,まやく,drug; narcotic,<ruby>彼<rt>かれ</rt></ruby>は <ruby>麻薬<rt>まやく</rt></ruby>で <ruby>捕<rt>つか</rt></ruby>まったことがある。,He used to be hooked on drugs.,
<div class='furi-hint'>ふはい</div>腐敗<div class='hint'>corruption; rotting</div>,ふはい,corruption; rotting,あの <ruby>国<rt>くに</rt></ruby>の <ruby>政府<rt>せいふ</rt></ruby>は <ruby>腐敗<rt>ふはい</rt></ruby>している。,The government in that country is corrupt.,
<div class='furi-hint'>とこ</div>床<div class='hint'>bed</div>,とこ,bed,<ruby>彼女<rt>かのじょ</rt></ruby>は<ruby>一 <ruby>週間<rt>しゅうかん</rt></ruby> <ruby>前<rt>まえ</rt></ruby>から <ruby>床<rt>とこ</rt></ruby>についている。,She has been in bed for a week.,
<div class='furi-hint'>きしょう</div>起床<div class='hint'>arising; getting up</div>,きしょう,arising; getting up,<ruby>彼<rt>かれ</rt></ruby>は <ruby>毎朝<rt>まいあさ</rt></ruby> 7 <ruby>時<rt>じ</rt></ruby>に <ruby>起床<rt>きしょう</rt></ruby>します。,He gets up at seven o'clock every morning.,
<div class='furi-hint'>せめんと</div>セメント<div class='hint'>cement</div>,せめんと,cement,<ruby>壁<rt>かべ</rt></ruby>のひび <ruby>割<rt>わ</rt></ruby>れにセメントをぬりました。,I spread cement on the crack in the wall.,
<div class='furi-hint'>おりたたみ</div>折り畳み<div class='hint'>collapsible</div>,おりたたみ,collapsible,<ruby>折り<ruby>畳<rt>おりたた</rt></ruby>み <ruby>傘<rt>がさ</rt></ruby>を <ruby>持<rt>も</rt></ruby>って <ruby>出<rt>で</rt></ruby>かけた。,I took a folding umbrella when I went out.,
<div class='furi-hint'>じゃっかん</div>若干<div class='hint'>a little; somewhat</div>,じゃっかん,a little; somewhat,まだ <ruby>若干<rt>じゃっかん</rt></ruby> <ruby>時間<rt>じかん</rt></ruby>の <ruby>余裕<rt>よゆう</rt></ruby>があります。,We still have a little time to spare.,
<div class='furi-hint'>かんしょう</div>干渉<div class='hint'>interference</div>,かんしょう,interference,<ruby>子供<rt>こども</rt></ruby>は <ruby>親<rt>おや</rt></ruby>に <ruby>干渉<rt>かんしょう</rt></ruby>されるのが <ruby>嫌<rt>きら</rt></ruby>いです。,Children hate it when parents interfere.,
<div class='furi-hint'>のき</div>軒<div class='hint'>row</div>,のき,row,その <ruby>通<rt>とお</rt></ruby>りは <ruby>飲食<rt>いんしょく</rt></ruby> <ruby>店<rt>てん</rt></ruby>が <ruby>軒<rt>のき</rt></ruby>を <ruby>並<rt>なら</rt></ruby>べている。,There is a row of restaurants along the street.,
<div class='furi-hint'>きどう</div>軌道<div class='hint'>planetary orbit; track</div>,きどう,planetary orbit; track,<ruby>仕事<rt>しごと</rt></ruby>は <ruby>軌道<rt>きどう</rt></ruby>に <ruby>乗<rt>の</rt></ruby>っています。,Work is going on the right track.,
<div class='furi-hint'>かんかつ</div>管轄<div class='hint'>control; jurisdiction</div>,かんかつ,control; jurisdiction,<ruby>管轄<rt>かんかつ</rt></ruby>の <ruby>警察<rt>けいさつ</rt></ruby> <ruby>署<rt>しょ</rt></ruby>で <ruby>免許<rt>めんきょ</rt></ruby> <ruby>書<rt>しょ</rt></ruby>を <ruby>交付<rt>こうふ</rt></ruby>します。,The licenses are issued at the police station of jurisdiction.,
<div class='furi-hint'>ざんてい</div>暫定<div class='hint'>provisional; tentative</div>,ざんてい,provisional; tentative,イラクに <ruby>暫定<rt>ざんてい</rt></ruby> <ruby>政権<rt>せいけん</rt></ruby>ができた。,An interim government has been formed in Iraq.,
<div class='furi-hint'>ぼうとう</div>冒頭<div class='hint'>beginning; opening</div>,ぼうとう,beginning; opening,<ruby>会見<rt>かいけん</rt></ruby>の <ruby>冒頭<rt>ぼうとう</rt></ruby>で <ruby>社長<rt>しゃちょう</rt></ruby>が <ruby>謝罪<rt>しゃざい</rt></ruby>した。,The president apologized at the opening of the interview.,
<div class='furi-hint'>こんちゅう</div>昆虫<div class='hint'>insect</div>,こんちゅう,insect,カブト<ruby>虫<rt>かぶとむし</rt></ruby>は <ruby>昆虫<rt>こんちゅう</rt></ruby>の <ruby>王様<rt>おうさま</rt></ruby>です。,The rhinoceros beetle is the king of insects.,
<div class='furi-hint'>ぜせい</div>是正<div class='hint'>correction</div>,ぜせい,correction,<ruby>会社<rt>かいしゃ</rt></ruby>の <ruby>状況<rt>じょうきょう</rt></ruby>を <ruby>是正<rt>ぜせい</rt></ruby>しなくてはいけません。,The company's circumstances must be put right.,
<div class='furi-hint'>ぜひとも</div>是非とも<div class='hint'>at any cost</div>,ぜひとも,at any cost,<ruby>是非<rt>ぜひ</rt></ruby>ともお <ruby>会<rt>あ</rt></ruby>い <ruby>願<rt>ねが</rt></ruby>えませんでしょうか。,Would it be at all possible to meet?,
<div class='furi-hint'>ていぼう</div>堤防<div class='hint'>bank; embankment</div>,ていぼう,bank; embankment,<ruby>堤防<rt>ていぼう</rt></ruby>で <ruby>釣<rt>つ</rt></ruby>りをしている <ruby>人<rt>ひと</rt></ruby>がいる。,Someone is on the embankment fishing.,
<div class='furi-hint'>そんちょう</div>尊重<div class='hint'>esteem; respect</div>,そんちょう,esteem; respect,<ruby>彼女<rt>かのじょ</rt></ruby>の <ruby>気持<rt>きも</rt></ruby>ちを <ruby>尊重<rt>そんちょう</rt></ruby>したい。,I want to respect her feelings.,
<div class='furi-hint'>けいい</div>敬意<div class='hint'>regard; respect</div>,けいい,regard; respect,<ruby>国王<rt>こくおう</rt></ruby>への <ruby>敬意<rt>けいい</rt></ruby>を <ruby>表<rt>あら</rt></ruby>わす。,Respect for the king is shown.,
<div class='furi-hint'>ぷろぽーず</div>プロポーズ<div class='hint'>proposal of marriage</div>,ぷろぽーず,proposal of marriage,<ruby>昨日<rt>きのう</rt></ruby> <ruby>彼<rt>かれ</rt></ruby>にプロポーズされました。,I was proposed to yesterday by him.,
<div class='furi-hint'>けいろう</div>敬老<div class='hint'>respect for the aged</div>,けいろう,respect for the aged,<ruby>敬老<rt>けいろう</rt></ruby>の <ruby>日<rt>ひ</rt></ruby>に <ruby>祖母<rt>そぼ</rt></ruby>にプレゼントを <ruby>贈<rt>おく</rt></ruby>りました。,I gave a present to my grandmother on Respect-for-the-Aged Day.,
<div class='furi-hint'>けいえん</div>敬遠<div class='hint'>keeping at a distance</div>,けいえん,keeping at a distance,<ruby>彼女<rt>かのじょ</rt></ruby>はわがままなので <ruby>敬遠<rt>けいえん</rt></ruby>されています。,She is shunned because she is selfish.,
<div class='furi-hint'>しきち</div>敷地<div class='hint'>ground; site</div>,しきち,ground; site,<ruby>敷地<rt>しきち</rt></ruby> <ruby>内<rt>ない</rt></ruby>は <ruby>駐車<rt>ちゅうしゃ</rt></ruby> <ruby>禁止<rt>きんし</rt></ruby>です。,No parking on site.,
<div class='furi-hint'>やしき</div>屋敷<div class='hint'>mansion</div>,やしき,mansion,その <ruby>屋敷<rt>やしき</rt></ruby>には <ruby>幽霊<rt>ゆうれい</rt></ruby>が <ruby>出<rt>で</rt></ruby>るという <ruby>噂<rt>うわさ</rt></ruby>だ。,There is a rumor that the house is haunted.,
<div class='furi-hint'>ようしゃ</div>容赦<div class='hint'>forgiveness; pardon</div>,ようしゃ,forgiveness; pardon,<ruby>彼<rt>かれ</rt></ruby>は <ruby>試合<rt>しあい</rt></ruby>の <ruby>時<rt>とき</rt></ruby>は <ruby>容赦<rt>ようしゃ</rt></ruby>しない。,When playing a match he shows no mercy.,
<div class='furi-hint'>ひれつ</div>卑劣<div class='hint'>base; mean</div>,ひれつ,base; mean,お <ruby>年寄<rt>としよ</rt></ruby>りを <ruby>騙<rt>だま</rt></ruby>すなんて <ruby>卑劣<rt>ひれつ</rt></ruby>だ。,It is contemptible to trick elderly people.,
<div class='furi-hint'>げきれい</div>激励<div class='hint'>encouragement</div>,げきれい,encouragement,<ruby>知事<rt>ちじ</rt></ruby>が <ruby>激励<rt>げきれい</rt></ruby>に <ruby>訪<rt>おとず</rt></ruby>れた。,The governor visited to give encouragement.,
<div class='furi-hint'>ばくろ</div>暴露<div class='hint'>disclosure; exposure</div>,ばくろ,disclosure; exposure,<ruby>友人<rt>ゆうじん</rt></ruby>が <ruby>私<rt>わたし</rt></ruby>の <ruby>過去<rt>かこ</rt></ruby>を <ruby>暴露<rt>ばくろ</rt></ruby>した。,A friend exposed my past.,
<div class='furi-hint'>ひろうえん</div>披露宴<div class='hint'>wedding reception</div>,ひろうえん,wedding reception,<ruby>友達<rt>ともだち</rt></ruby>の <ruby>披露宴<rt>ひろうえん</rt></ruby>に <ruby>出席<rt>しゅっせき</rt></ruby>しました。,I attended a friend's wedding reception.,
<div class='furi-hint'>ろこつ</div>露骨<div class='hint'>candid; indecent</div>,ろこつ,candid; indecent,<ruby>彼女<rt>かのじょ</rt></ruby>の <ruby>表現<rt>ひょうげん</rt></ruby>はかなり <ruby>露骨<rt>ろこつ</rt></ruby>です。,She's very outspoken in her manner.,
<div class='furi-hint'>ゆうれい</div>幽霊<div class='hint'>apparition; ghost</div>,ゆうれい,apparition; ghost,<ruby>彼女<rt>かのじょ</rt></ruby>は <ruby>昨日<rt>きのう</rt></ruby> <ruby>幽霊<rt>ゆうれい</rt></ruby>を <ruby>見<rt>み</rt></ruby>たらしい。,Apparently she saw a ghost yesterday.,
<div class='furi-hint'>きばん</div>基盤<div class='hint'>base; bedrock</div>,きばん,base; bedrock,その <ruby>会社<rt>かいしゃ</rt></ruby>は <ruby>基盤<rt>きばん</rt></ruby>がしっかりしている。,The company has a solid foundation.,
<div class='furi-hint'>みんしゅう</div>民衆<div class='hint'>populace; the people</div>,みんしゅう,populace; the people,<ruby>現在<rt>げんざい</rt></ruby>の <ruby>政府<rt>せいふ</rt></ruby>は <ruby>民衆<rt>みんしゅう</rt></ruby>の <ruby>支持<rt>しじ</rt></ruby>を <ruby>失<rt>うしな</rt></ruby>っている。,The present government is losing the people's support.,
<div class='furi-hint'>まう</div>舞う<div class='hint'>dance; flutter</div>,まう,dance; flutter,<ruby>部屋<rt>へや</rt></ruby> <ruby>中<rt>じゅう</rt></ruby>にほこりが <ruby>舞<rt>ま</rt></ruby>っている。,The dust is dancing all over the room.,
しみじみ<div class='hint'>fully; keenly</div>,しみじみ,fully; keenly,<ruby>二人<rt>ふたり</rt></ruby>でしみじみと <ruby>語り<ruby>合<rt>かたりあ</rt></ruby>った。,The two of them talked fondly.,
<div class='furi-hint'>ぶとう</div>舞踏<div class='hint'>dancing</div>,ぶとう,dancing,<ruby>彼<rt>かれ</rt></ruby>は <ruby>伝統<rt>でんとう</rt></ruby> <ruby>舞踏<rt>ぶとう</rt></ruby>を <ruby>見<rt>み</rt></ruby>るのが <ruby>好<rt>す</rt></ruby>きだ。,He likes to watch the traditional dance.,
<div class='furi-hint'>じっせん</div>実践<div class='hint'>implementation</div>,じっせん,implementation,<ruby>彼<rt>かれ</rt></ruby>は <ruby>良<rt>よ</rt></ruby>いと <ruby>思<rt>おも</rt></ruby>ったことはすぐ <ruby>実践<rt>じっせん</rt></ruby>する。,He puts into immediate practice things that he believes are good.,
<div class='furi-hint'>どうわ</div>童話<div class='hint'>fairy tale</div>,どうわ,fairy tale,<ruby>私<rt>わたし</rt></ruby>は <ruby>寝<rt>ね</rt></ruby>る <ruby>前<rt>まえ</rt></ruby>に <ruby>子供<rt>こども</rt></ruby>に <ruby>童話<rt>どうわ</rt></ruby>を <ruby>読<rt>よ</rt></ruby>んでやる。,I read a fairy tale to the child before she goes to sleep.,
<div class='furi-hint'>どうどうと</div>堂々と<div class='hint'>grandly; magnificent</div>,どうどうと,grandly; magnificent,<ruby>彼<rt>かれ</rt></ruby>は <ruby>堂々<rt>どうどう</rt></ruby>と <ruby>社長<rt>しゃちょう</rt></ruby>を <ruby>批判<rt>ひはん</rt></ruby>した。,He criticized the president with confidence.,
<div class='furi-hint'>ちゅうけん</div>中堅<div class='hint'>nucleus; the mainstay</div>,ちゅうけん,nucleus; the mainstay,<ruby>彼<rt>かれ</rt></ruby>は <ruby>中堅<rt>ちゅうけん</rt></ruby> <ruby>社員<rt>しゃいん</rt></ruby>だ。,He is mid-career.,
<div class='furi-hint'>だらく</div>堕落<div class='hint'>corruption; degeneration</div>,だらく,corruption; degeneration,あの <ruby>政治<rt>せいじ</rt></ruby> <ruby>家<rt>か</rt></ruby>は <ruby>堕落<rt>だらく</rt></ruby>している。,That politician is corrupt.,
<div class='furi-hint'>じゅく</div>塾<div class='hint'>after-school classes; cram school</div>,じゅく,after-school classes; cram school,<ruby>週<rt>しゅう</rt></ruby> 2 <ruby>回<rt>かい</rt></ruby> <ruby>学習<rt>がくしゅう</rt></ruby> <ruby>塾<rt>じゅく</rt></ruby>に <ruby>通<rt>かよ</rt></ruby>っています。,He goes to cram school twice a week.,
<div class='furi-hint'>べっそう</div>別荘<div class='hint'>second home</div>,べっそう,second home,<ruby>彼<rt>かれ</rt></ruby>は <ruby>海辺<rt>うみべ</rt></ruby>に <ruby>別荘<rt>べっそう</rt></ruby>を <ruby>持<rt>も</rt></ruby>っている。,He has a second home at the beach.,
<div class='furi-hint'>しょうれい</div>奨励<div class='hint'>encouragement</div>,しょうれい,encouragement,うちの <ruby>会社<rt>かいしゃ</rt></ruby>では <ruby>英語<rt>えいご</rt></ruby> <ruby>研修<rt>けんしゅう</rt></ruby>を <ruby>受<rt>う</rt></ruby>けることが <ruby>奨励<rt>しょうれい</rt></ruby>されています。,In our company we are encouraged to take training in English.,
<div class='furi-hint'>ゆうよ</div>猶予<div class='hint'>postponement</div>,ゆうよ,postponement,<ruby>彼<rt>かれ</rt></ruby>を <ruby>救<rt>すく</rt></ruby>うには <ruby>一時<rt>いっとき</rt></ruby>の <ruby>猶予<rt>ゆうよ</rt></ruby>もなかった。,There was not a moment's grace to save him.,
<div class='furi-hint'>ねらい</div>狙い<div class='hint'>aim; target</div>,ねらい,aim; target,<ruby>狙<rt>ねら</rt></ruby>いを <ruby>定<rt>さだ</rt></ruby>めて <ruby>矢<rt>や</rt></ruby>を <ruby>放<rt>はな</rt></ruby>った。,I took aim and fired the arrow.,
<div class='furi-hint'>もうれつ</div>猛烈<div class='hint'>vehement; violent</div>,もうれつ,vehement; violent,<ruby>彼<rt>かれ</rt></ruby>は <ruby>猛烈<rt>もうれつ</rt></ruby>に <ruby>働<rt>はたら</rt></ruby>いた。,He worked extremely hard.,
<div class='furi-hint'>ひょうしょう</div>表彰<div class='hint'>award; commendation</div>,ひょうしょう,award; commendation,<ruby>彼<rt>かれ</rt></ruby>はマラソン <ruby>大会<rt>たいかい</rt></ruby>で <ruby>優勝<rt>ゆうしょう</rt></ruby>し <ruby>表彰<rt>ひょうしょう</rt></ruby>された。,He won the marathon and was congratulated.,
<div class='furi-hint'>ちょうこく</div>彫刻<div class='hint'>carving; sculpture</div>,ちょうこく,carving; sculpture,この <ruby>彫刻<rt>ちょうこく</rt></ruby>はロダン <ruby>作<rt>さく</rt></ruby>だ。,This sculpture is Rodin's work.,
<div class='furi-hint'>にゅあんす</div>ニュアンス<div class='hint'>nuance</div>,にゅあんす,nuance,<ruby>二人<rt>ふたり</rt></ruby>の <ruby>言<rt>い</rt></ruby>うことは <ruby>微妙<rt>びみょう</rt></ruby>にニュアンスが <ruby>違<rt>ちが</rt></ruby>います。,There is a slight difference in the nuance of what the two of them say.,
<div class='furi-hint'>しきさい</div>色彩<div class='hint'>color; coloring</div>,しきさい,color; coloring,この <ruby>絵<rt>え</rt></ruby>は <ruby>色彩<rt>しきさい</rt></ruby>が <ruby>調和<rt>ちょうわ</rt></ruby>している。,The colors in the picture are in harmony.,
<div class='furi-hint'>きがん</div>祈願<div class='hint'>prayer</div>,きがん,prayer,<ruby>神社<rt>じんじゃ</rt></ruby>で <ruby>大学<rt>だいがく</rt></ruby>の <ruby>合格<rt>ごうかく</rt></ruby> <ruby>祈願<rt>きがん</rt></ruby>をしてきた。,I prayed at the Shinto shrine for success in my university exams.,
<div class='furi-hint'>ぜん</div>禅<div class='hint'>Zen Buddhism</div>,ぜん,Zen Buddhism,<ruby>彼<rt>かれ</rt></ruby>は <ruby>禅<rt>ぜん</rt></ruby>に <ruby>興味<rt>きょうみ</rt></ruby>を <ruby>持<rt>も</rt></ruby>っています。,He is interested in Zen.,
<div class='furi-hint'>そだい</div>粗大<div class='hint'>coarse; rough</div>,そだい,coarse; rough,<ruby>明日<rt>あす</rt></ruby>は <ruby>粗大<rt>そだい</rt></ruby>ごみの <ruby>回収<rt>かいしゅう</rt></ruby> <ruby>日<rt>び</rt></ruby>です。,Tomorrow is the big garbage collection day.,
<div class='furi-hint'>かつ</div>且つ<div class='hint'>as well; at the same time</div>,かつ,as well; at the same time,<ruby>大胆<rt>だいたん</rt></ruby> <ruby>且<rt>か</rt></ruby>つ <ruby>注意深<rt>ちゅういぶか</rt></ruby>くありなさい。,Be bold yet cautious.,
<div class='furi-hint'>ざんこく</div>残酷<div class='hint'>cruel; ruthless</div>,ざんこく,cruel; ruthless,それはとても <ruby>残酷<rt>ざんこく</rt></ruby>な <ruby>事件<rt>じけん</rt></ruby>だ。,It is a very cruel incident.,
<div class='furi-hint'>れいこく</div>冷酷<div class='hint'>cruel; unfeeling</div>,れいこく,cruel; unfeeling,<ruby>犯人<rt>はんにん</rt></ruby>は <ruby>冷酷<rt>れいこく</rt></ruby>な <ruby>男<rt>おとこ</rt></ruby>だ。,Criminals are cruel men.,
<div class='furi-hint'>かんてい</div>官邸<div class='hint'>official residence</div>,かんてい,official residence,<ruby>官邸<rt>かんてい</rt></ruby>の <ruby>前<rt>まえ</rt></ruby>に <ruby>記者<rt>きしゃ</rt></ruby>が <ruby>集<rt>あつ</rt></ruby>まりました。,The journalists gathered in front of the official residence.,
<div class='furi-hint'>れんぽう</div>連邦<div class='hint'>federation</div>,れんぽう,federation,スイスは <ruby>連邦<rt>れんぽう</rt></ruby> <ruby>国<rt>こく</rt></ruby>だ。,Switzerland is a federal country.,
<div class='furi-hint'>りんかく</div>輪郭<div class='hint'>contour; outline</div>,りんかく,contour; outline,<ruby>彼女<rt>かのじょ</rt></ruby>はやせて <ruby>顔<rt>かお</rt></ruby>の <ruby>輪郭<rt>りんかく</rt></ruby>がすっきりした。,She lost weight and the shape of her face gained definition.,
<div class='furi-hint'>しんせい</div>神聖<div class='hint'>holy; sacred</div>,しんせい,holy; sacred,インドでは <ruby>牛<rt>うし</rt></ruby>は <ruby>神聖<rt>しんせい</rt></ruby>な <ruby>生き<ruby>物<rt>いきもの</rt></ruby>です。,Cows are sacred animals in India.,
<div class='furi-hint'>せいしょ</div>聖書<div class='hint'>Bible</div>,せいしょ,Bible,このフレーズは <ruby>聖書<rt>せいしょ</rt></ruby>からの <ruby>一節<rt>いっせつ</rt></ruby>だ。,This phrase is a passage from the Bible.,
<div class='furi-hint'>ぜん</div>善<div class='hint'>good; goodness</div>,ぜん,good; goodness,<ruby>善<rt>ぜん</rt></ruby>は <ruby>急<rt>いそ</rt></ruby>げ。,Strike while the iron is hot.,
<div class='furi-hint'>ぜんい</div>善意<div class='hint'>favorable sense; good intention</div>,ぜんい,favorable sense; good intention,<ruby>皆<rt>みな</rt></ruby>さんの <ruby>善意<rt>ぜんい</rt></ruby>に <ruby>感謝<rt>かんしゃ</rt></ruby>します。,We wish to express our gratitude for your kindness.,
<div class='furi-hint'>みせす</div>ミセス<div class='hint'>married women</div>,みせす,married women,ミセスのための <ruby>雑誌<rt>ざっし</rt></ruby>を <ruby>買<rt>か</rt></ruby>ってきた。,I bought a married women's magazine.,
<div class='furi-hint'>よくよく</div>善く善く<div class='hint'>very carefully</div>,よくよく,very carefully,よくよく <ruby>考<rt>かんが</rt></ruby>えてみるとこの <ruby>転職<rt>てんしょく</rt></ruby>は <ruby>間違<rt>まちが</rt></ruby>いだった。,Thinking about it carefully; it was a mistake to change jobs.,
<div class='furi-hint'>しゅうぜん</div>修繕<div class='hint'>repair</div>,しゅうぜん,repair,その <ruby>建物<rt>たてもの</rt></ruby>は <ruby>修繕<rt>しゅうぜん</rt></ruby>が <ruby>必要<rt>ひつよう</rt></ruby>だ。,This building needs some repairs.,
<div class='furi-hint'>よこづな</div>横綱<div class='hint'>champion sumo wrestler</div>,よこづな,champion sumo wrestler,<ruby>今<rt>いま</rt></ruby>は <ruby>日本人<rt>にほんじん</rt></ruby>の <ruby>横綱<rt>よこづな</rt></ruby>がいない。,There is no Japanese grand champion sumo wrestler at the moment.,
<div class='furi-hint'>もうらする</div>網羅する<div class='hint'>comprehend; encompass</div>,もうらする,comprehend; encompass,そのデータベースは <ruby>世界中<rt>せかいじゅう</rt></ruby>の <ruby>情報<rt>じょうほう</rt></ruby>を <ruby>網羅<rt>もうら</rt></ruby>している。,The database covers information all over the world.,
<div class='furi-hint'>そくばく</div>束縛<div class='hint'>restraint; restriction</div>,そくばく,restraint; restriction,<ruby>仕事<rt>しごと</rt></ruby>に <ruby>束縛<rt>そくばく</rt></ruby>されたくはありません。,I don't want to be restricted by work.,
<div class='furi-hint'>さいほう</div>裁縫<div class='hint'>needlework; sewing</div>,さいほう,needlework; sewing,<ruby>祖母<rt>そぼ</rt></ruby>はよくお <ruby>裁縫<rt>さいほう</rt></ruby>をしていた。,My grandmother often sewed.,
<div class='furi-hint'>しもん</div>指紋<div class='hint'>fingerprint</div>,しもん,fingerprint,グラスに <ruby>指紋<rt>しもん</rt></ruby>を <ruby>付<rt>つ</rt></ruby>けないようにしてね。,Try not to get fingerprints on the glass.,
<div class='furi-hint'>もみじ</div>紅葉<div class='hint'>Japanese maple; red leaves</div>,もみじ,Japanese maple; red leaves,<ruby>紅葉<rt>こうよう</rt></ruby>がとってもきれいですね。,The fall colors are beautiful.,
<div class='furi-hint'>こうはく</div>紅白<div class='hint'>red and white</div>,こうはく,red and white,<ruby>会場<rt>かいじょう</rt></ruby>に <ruby>紅白<rt>こうはく</rt></ruby>の <ruby>幕<rt>まく</rt></ruby>が <ruby>掛<rt>か</rt></ruby>かっています。,Curtains with red and white stripes are hanging in the hall.,
<div class='furi-hint'>まつ</div>松<div class='hint'>pine</div>,まつ,pine,あの <ruby>松の<ruby>木<rt>まつのき</rt></ruby>は <ruby>立派<rt>りっぱ</rt></ruby>ですね。,That pine tree is fantastic.,
<div class='furi-hint'>すぎ</div>杉<div class='hint'>cryptomeria; Japanese cedar</div>,すぎ,cryptomeria; Japanese cedar,<ruby>杉<rt>すぎ</rt></ruby>の <ruby>花粉<rt>かふん</rt></ruby>にアレルギーがあります。,I'm allergic to Japanese cedar pollen.,
<div class='furi-hint'>ばいう</div>梅雨<div class='hint'>rainy season</div>,ばいう,rainy season,<ruby>梅雨<rt>ばいう</rt></ruby> <ruby>前線<rt>ぜんせん</rt></ruby>が <ruby>停滞<rt>ていたい</rt></ruby>している。,The seasonal rain front has been stalled.,
<div class='furi-hint'>じゅもく</div>樹木<div class='hint'>tree; trees and shrubs</div>,じゅもく,tree; trees and shrubs,<ruby>樹木<rt>じゅもく</rt></ruby>のある <ruby>公園<rt>こうえん</rt></ruby>に <ruby>行<rt>い</rt></ruby>くと <ruby>気持<rt>きも</rt></ruby>ちが <ruby>休<rt>やす</rt></ruby>まります。,I feel relaxed when I go to a park that has trees.,
<div class='furi-hint'>よくそう</div>浴槽<div class='hint'>bathtub</div>,よくそう,bathtub,<ruby>今日<rt>きょう</rt></ruby> <ruby>浴槽<rt>よくそう</rt></ruby>を <ruby>掃除<rt>そうじ</rt></ruby>しました。,I cleaned the bathtub today.,
てっきり<div class='hint'>surely</div>,てっきり,surely,てっきりもう <ruby>帰<rt>かえ</rt></ruby>ったと <ruby>思<rt>おも</rt></ruby>ってましたよ。,I thought that he had already gone home.,
<div class='furi-hint'>せん</div>栓<div class='hint'>plug; stopper</div>,せん,plug; stopper,ワインの <ruby>栓<rt>せん</rt></ruby>を <ruby>抜<rt>ぬ</rt></ruby>いてください。,Open the wine; please.,
<div class='furi-hint'>かくう</div>架空<div class='hint'>fictitious; overhead</div>,かくう,fictitious; overhead,<ruby>架空<rt>かくう</rt></ruby>ではなく <ruby>現実<rt>げんじつ</rt></ruby>の <ruby>話<rt>はなし</rt></ruby>をしようよ。,Let's talk about reality; not fiction.,
<div class='furi-hint'>じゅうじか</div>十字架<div class='hint'>cross; crucifix</div>,じゅうじか,cross; crucifix,イエス・キリストは <ruby>十字架<rt>じゅうじか</rt></ruby>にかけられました。,Jesus Christ was put on the cross.,
<div class='furi-hint'>しょうぎ</div>将棋<div class='hint'>Japanese chess; shogi</div>,しょうぎ,Japanese chess; shogi,<ruby>祖父<rt>そふ</rt></ruby>から <ruby>将棋<rt>しょうぎ</rt></ruby>を <ruby>教<rt>おそ</rt></ruby>わった。,I learnt Japanese chess from my grandfather.,
<div class='furi-hint'>ご</div>碁<div class='hint'>go</div>,ご,go,<ruby>祖父<rt>そふ</rt></ruby>の <ruby>趣味<rt>しゅみ</rt></ruby>は <ruby>碁<rt>ご</rt></ruby>です。,My grandfather's hobby is go.,
<div class='furi-hint'>そぼく</div>素朴<div class='hint'>artless; simple</div>,そぼく,artless; simple,<ruby>彼女<rt>かのじょ</rt></ruby>は <ruby>素朴<rt>そぼく</rt></ruby>で <ruby>優<rt>やさ</rt></ruby>しい <ruby>人<rt>ひと</rt></ruby>です。,She is a simple and gentle person.,
<div class='furi-hint'>ふにん</div>赴任<div class='hint'>proceeding to a new post; transfer</div>,ふにん,proceeding to a new post; transfer,<ruby>彼<rt>かれ</rt></ruby>は <ruby>東京<rt>とうきょう</rt></ruby>に <ruby>赴任<rt>ふにん</rt></ruby>した。,He was transferred to Tokyo.,
<div class='furi-hint'>くうきょ</div>空虚<div class='hint'>emptiness; inanity</div>,くうきょ,emptiness; inanity,<ruby>彼<rt>かれ</rt></ruby>の <ruby>言葉<rt>ことば</rt></ruby>は <ruby>空虚<rt>くうきょ</rt></ruby>なものに <ruby>感<rt>かん</rt></ruby>じられる。,His words seemed to be empty.,
<div class='furi-hint'>ぎゃくさつ</div>虐殺<div class='hint'>massacre; slaughter</div>,ぎゃくさつ,massacre; slaughter,<ruby>戦争<rt>せんそう</rt></ruby>で <ruby>多<rt>おお</rt></ruby>くの <ruby>市民<rt>しみん</rt></ruby>が <ruby>虐殺<rt>ぎゃくさつ</rt></ruby>された。,A lot of citizens were slaughtered in the war.,
<div class='furi-hint'>はいりょ</div>配慮<div class='hint'>care; consideration</div>,はいりょ,care; consideration,<ruby>相手<rt>あいて</rt></ruby>の <ruby>気持<rt>きも</rt></ruby>ちに <ruby>配慮<rt>はいりょ</rt></ruby>することも <ruby>大切<rt>たいせつ</rt></ruby>です。,It is also important to consider other people's feelings.,
<div class='furi-hint'>かんぺき</div>完璧<div class='hint'>flawless; perfect</div>,かんぺき,flawless; perfect,<ruby>彼<rt>かれ</rt></ruby>の フランス<ruby>語<rt>ふらんすご</rt></ruby>は <ruby>完璧<rt>かんぺき</rt></ruby>です。,His French is perfect.,
<div class='furi-hint'>はくち</div>白痴<div class='hint'>idiocy; idiot</div>,はくち,idiocy; idiot,「 <ruby>白痴<rt>はくち</rt></ruby>」はロシア <ruby>文学<rt>ぶんがく</rt></ruby>の <ruby>作品<rt>さくひん</rt></ruby>です。,&quot;Idiot&quot; is a work of Russian literature.,
<div class='furi-hint'>ぐち</div>愚痴<div class='hint'>idle complaint</div>,ぐち,idle complaint,<ruby>彼女<rt>かのじょ</rt></ruby>に <ruby>愚痴<rt>ぐち</rt></ruby>を <ruby>聞<rt>き</rt></ruby>かされました。,I was made to listen to her complain.,
<div class='furi-hint'>みさき</div>岬<div class='hint'>cape; headland</div>,みさき,cape; headland,この <ruby>岬<rt>みさき</rt></ruby>からの <ruby>眺<rt>なが</rt></ruby>めは <ruby>最高<rt>さいこう</rt></ruby>です。,The view from this cape is fantastic.,
ざっと<div class='hint'>roughly</div>,ざっと,roughly,ざっと <ruby>見<rt>み</rt></ruby>たが <ruby>良<rt>よ</rt></ruby>くできている。,I only looked quickly but it seems to be well done.,
<div class='furi-hint'>みね</div>峰<div class='hint'>high mountain; peak</div>,みね,high mountain; peak,<ruby>峰<rt>みね</rt></ruby>からの <ruby>景色<rt>けしき</rt></ruby>は <ruby>最高<rt>さいこう</rt></ruby>です。,The view from the peak is fantastic.,
<div class='furi-hint'>ぶんき</div>分岐<div class='hint'>divergence</div>,ぶんき,divergence,その <ruby>先<rt>さき</rt></ruby>で <ruby>道<rt>みち</rt></ruby>が <ruby>分岐<rt>ぶんき</rt></ruby>しています。,The road diverges up ahead.,
<div class='furi-hint'>たいこ</div>太鼓<div class='hint'>drum; professional jester</div>,たいこ,drum; professional jester,<ruby>彼<rt>かれ</rt></ruby>は <ruby>太鼓<rt>たいこ</rt></ruby>の <ruby>奏者<rt>そうしゃ</rt></ruby>です。,He is a professional jester.,
<div class='furi-hint'>しさ</div>示唆<div class='hint'>hint; suggestion</div>,しさ,hint; suggestion,<ruby>彼<rt>かれ</rt></ruby>は <ruby>部下<rt>ぶか</rt></ruby>に <ruby>別<rt>べつ</rt></ruby>の <ruby>手段<rt>しゅだん</rt></ruby>を <ruby>示唆<rt>しさ</rt></ruby>した。,He suggested another way to the subordinate.,
<div class='furi-hint'>ぎんみ</div>吟味<div class='hint'>scrutiny</div>,ぎんみ,scrutiny,<ruby>材料<rt>ざいりょう</rt></ruby>を <ruby>吟味<rt>ぎんみ</rt></ruby>して <ruby>買<rt>か</rt></ruby>った。,I examined the materials closely before buying them.,
<div class='furi-hint'>やっかい</div>厄介<div class='hint'>annoyance; trouble</div>,やっかい,annoyance; trouble,これは <ruby>実<rt>じつ</rt></ruby>に <ruby>厄介<rt>やっかい</rt></ruby>な <ruby>問題<rt>もんだい</rt></ruby>だ。,This is indeed an awkward question.,
<div class='furi-hint'>いかが</div>如何<div class='hint'>how; what</div>,いかが,how; what,<ruby>人前<rt>ひとまえ</rt></ruby>であのような <ruby>行為<rt>こうい</rt></ruby>は <ruby>如何<rt>いかが</rt></ruby>なものでしょう。,That kind of behavior in front of other people is disgraceful.,
<div class='furi-hint'>とつじょ</div>突如<div class='hint'>suddenly; unexpectedly</div>,とつじょ,suddenly; unexpectedly,<ruby>突如<rt>とつじょ</rt></ruby> <ruby>現<rt>あらわ</rt></ruby>れた <ruby>熊<rt>くま</rt></ruby>にあたりは <ruby>大騒<rt>おおさわ</rt></ruby>ぎになった。,There was a great fuss around the bear that suddenly appeared.,
<div class='furi-hint'>くれぐれも</div>呉れ呉れも<div class='hint'>earnestly; honestly</div>,くれぐれも,earnestly; honestly,くれぐれもお <ruby>体<rt>からだ</rt></ruby>に <ruby>気<rt>き</rt></ruby>をつけてください。,Please take good care of yourself.,
<div class='furi-hint'>やつ</div>奴<div class='hint'>chap; guy; thing</div>,やつ,chap; guy; thing,やつは <ruby>人<rt>ひと</rt></ruby>の <ruby>言<rt>い</rt></ruby>う <ruby>事<rt>こと</rt></ruby>を <ruby>聞<rt>き</rt></ruby>かない。,That guy doesn't do as he is told.,
<div class='furi-hint'>ひまつぶし</div>暇潰し<div class='hint'>kill time</div>,ひまつぶし,kill time,<ruby>暇<rt>ひま</rt></ruby>つぶしに <ruby>映画<rt>えいが</rt></ruby>を <ruby>見<rt>み</rt></ruby>た。,I watched a movie to kill time.,
<div class='furi-hint'>ぶんぴつ</div>分泌<div class='hint'>secretion</div>,ぶんぴつ,secretion,<ruby>食生活<rt>しょくせいかつ</rt></ruby>はホルモンの <ruby>分泌<rt>ぶんぴつ</rt></ruby>に <ruby>影響<rt>えいきょう</rt></ruby>する。,Eating habits influence the secretion of hormones.,
<div class='furi-hint'>はんらん</div>氾濫<div class='hint'>flood</div>,はんらん,flood,<ruby>大雨<rt>おおあめ</rt></ruby>で <ruby>川<rt>かわ</rt></ruby>が <ruby>氾濫<rt>はんらん</rt></ruby>しそうです。,I heard that the river is flooded because of the heavy rain.,
<div class='furi-hint'>どうさつ</div>洞察<div class='hint'>insight; penetration</div>,どうさつ,insight; penetration,<ruby>彼<rt>かれ</rt></ruby>の <ruby>洞察<rt>どうさつ</rt></ruby>は <ruby>鋭<rt>するど</rt></ruby>い。,His insight is sharp.,
<div class='furi-hint'>てんぽ</div>店舗<div class='hint'>shop; store</div>,てんぽ,shop; store,<ruby>店舗<rt>てんぽ</rt></ruby> <ruby>改装<rt>かいそう</rt></ruby>のため <ruby>来週<rt>らいしゅう</rt></ruby>まで <ruby>休業<rt>きゅうぎょう</rt></ruby>します。,The store will be closed until next week for redecoration.,
いっそ<div class='hint'>might as well; much more</div>,いっそ,might as well; much more,いっそ <ruby>何<rt>なに</rt></ruby>もかも <ruby>話<rt>はな</rt></ruby>してみたらどうですか。,Wouldn't it be better to talk about everything?,
<div class='furi-hint'>ほそう</div>舗装<div class='hint'>pavement; paving</div>,ほそう,pavement; paving,この <ruby>道<rt>みち</rt></ruby>は <ruby>去年<rt>きょねん</rt></ruby> <ruby>舗装<rt>ほそう</rt></ruby>されました。,This road was paved last year.,
<div class='furi-hint'>ていさつ</div>偵察<div class='hint'>scouting</div>,ていさつ,scouting,<ruby>兵士<rt>へいし</rt></ruby>が <ruby>敵<rt>てき</rt></ruby>の <ruby>偵察<rt>ていさつ</rt></ruby>に <ruby>行<rt>い</rt></ruby>きました。,The soldier went to scout for the enemy.,
<div class='furi-hint'>かけ</div>賭け<div class='hint'>bet; gamble; wager</div>,かけ,bet; gamble; wager,どのチームが <ruby>優勝<rt>ゆうしょう</rt></ruby>するか <ruby>賭<rt>か</rt></ruby>けをした。,I made a bet on which team would win.,
<div class='furi-hint'>じゃぐち</div>蛇口<div class='hint'>faucet</div>,じゃぐち,faucet,<ruby>蛇口<rt>じゃぐち</rt></ruby>が <ruby>固<rt>かた</rt></ruby>くて <ruby>水<rt>みず</rt></ruby>が <ruby>出<rt>だ</rt></ruby>せない。,The faucet is stiff and I cannot turn on the water.,
<div class='furi-hint'>やばん</div>野蛮<div class='hint'>barbarous; savage</div>,やばん,barbarous; savage,<ruby>彼<rt>かれ</rt></ruby>の <ruby>野蛮<rt>やばん</rt></ruby>な <ruby>行動<rt>こうどう</rt></ruby>に <ruby>彼女<rt>かのじょ</rt></ruby>は <ruby>我慢<rt>がまん</rt></ruby>できなかった。,She couldn't put up with his barbaric behavior.,
<div class='furi-hint'>ほたる</div>蛍<div class='hint'>firefly; glowfly</div>,ほたる,firefly; glowfly,<ruby>蛍<rt>ほたる</rt></ruby>がたくさん <ruby>飛<rt>と</rt></ruby>んでいます。,There are a lot of fireflies flying about.,
<div class='furi-hint'>なおさら</div>尚更<div class='hint'>all the more</div>,なおさら,all the more,<ruby>彼女<rt>かのじょ</rt></ruby>のことがなおさら <ruby>好<rt>す</rt></ruby>きになった。,I came to like her more and more.,
<div class='furi-hint'>なえ</div>苗<div class='hint'>sapling; seedling</div>,なえ,sapling; seedling,<ruby>田<rt>た</rt></ruby>んぼに <ruby>苗<rt>なえ</rt></ruby>を <ruby>植<rt>う</rt></ruby>えています。,We are planting the seedlings in the rice field.,
<div class='furi-hint'>かいそう</div>海藻<div class='hint'>marine algae; seaweed</div>,かいそう,marine algae; seaweed,<ruby>海藻<rt>かいそう</rt></ruby>はミネラルが <ruby>豊富<rt>ほうふ</rt></ruby>です。,Seaweed is packed with minerals.,
<div class='furi-hint'>ごうか</div>豪華<div class='hint'>gorgeous; splendid</div>,ごうか,gorgeous; splendid,<ruby>会場<rt>かいじょう</rt></ruby>に <ruby>豪華<rt>ごうか</rt></ruby>な <ruby>花<rt>はな</rt></ruby>が <ruby>飾<rt>かざ</rt></ruby>ってあった。,Gorgeous flowers were displayed in the hall.,
<div class='furi-hint'>まっしょう</div>抹消<div class='hint'>removal</div>,まっしょう,removal,<ruby>彼<rt>かれ</rt></ruby>のデータは <ruby>抹消<rt>まっしょう</rt></ruby>されています。,His data has been erased.,
<div class='furi-hint'>ふじょ</div>扶助<div class='hint'>support; sustenance</div>,ふじょ,support; sustenance,その <ruby>家族<rt>かぞく</rt></ruby>は <ruby>公的<rt>こうてき</rt></ruby> <ruby>扶助<rt>ふじょ</rt></ruby>を <ruby>受<rt>う</rt></ruby>けている。,That family receives public assistance.,
<div class='furi-hint'>ふよう</div>扶養<div class='hint'>maintenance; support</div>,ふよう,maintenance; support,<ruby>私<rt>わたし</rt></ruby>は <ruby>妻<rt>つま</rt></ruby>と <ruby>子供<rt>こども</rt></ruby>を <ruby>扶養<rt>ふよう</rt></ruby>しています。,I am supporting a wife and child.,
<div class='furi-hint'>とうじょう</div>搭乗<div class='hint'>boarding; embarkation</div>,とうじょう,boarding; embarkation,<ruby>搭乗<rt>とうじょう</rt></ruby>のご <ruby>案内<rt>あんない</rt></ruby>をいたします。,I will show you on board.,
さらさら<div class='hint'>gently; smoothly</div>,さらさら,gently; smoothly,<ruby>小川<rt>おがわ</rt></ruby>の <ruby>水<rt>みず</rt></ruby>がさらさら <ruby>流<rt>なが</rt></ruby>れている。,The water in the brook flows gently.,
<div class='furi-hint'>だん</div>壇<div class='hint'>altar; platform</div>,だん,altar; platform,<ruby>代表<rt>だいひょう</rt></ruby>の <ruby>挨拶<rt>あいさつ</rt></ruby>をするために <ruby>壇上<rt>だんじょう</rt></ruby>に <ruby>上<rt>あ</rt></ruby>がった。,As the representative; I stepped onto the platform to give the greeting.,
<div class='furi-hint'>かだん</div>花壇<div class='hint'>flower bed</div>,かだん,flower bed,<ruby>花壇<rt>かだん</rt></ruby>にチューリップの <ruby>花<rt>はな</rt></ruby>が <ruby>咲<rt>さ</rt></ruby>いた。,Tulips are blooming in the flower bed.,
<div class='furi-hint'>がくふ</div>楽譜<div class='hint'>music; musical score</div>,がくふ,music; musical score,ギターの <ruby>練習<rt>れんしゅう</rt></ruby>のために <ruby>楽譜<rt>がくふ</rt></ruby>を <ruby>買<rt>か</rt></ruby>った。,I bought some sheet music for practicing the guitar.,
<div class='furi-hint'>きんしん</div>謹慎<div class='hint'>penitence; restraint</div>,きんしん,penitence; restraint,<ruby>騒<rt>さわ</rt></ruby>ぎを <ruby>起<rt>お</rt></ruby>こし <ruby>彼<rt>かれ</rt></ruby>は <ruby>謹慎<rt>きんしん</rt></ruby> <ruby>処分<rt>しょぶん</rt></ruby>を <ruby>受<rt>う</rt></ruby>けた。,The person who caused the disturbance underwent disciplinary procedures.,
<div class='furi-hint'>きょうゆ</div>教諭<div class='hint'>instructor; teacher</div>,きょうゆ,instructor; teacher,<ruby>祖父<rt>そふ</rt></ruby>は <ruby>小学校<rt>しょうがっこう</rt></ruby>の <ruby>教諭<rt>きょうゆ</rt></ruby>だった。,My grandfather was a teacher at the elementary school.,
<div class='furi-hint'>めいよ</div>名誉<div class='hint'>dignity; honor</div>,めいよ,dignity; honor,このような <ruby>賞<rt>しょう</rt></ruby>をいただけて <ruby>大変<rt>たいへん</rt></ruby> <ruby>名誉<rt>めいよ</rt></ruby>に <ruby>思<rt>おも</rt></ruby>います。,I am very honored to receive such a prize.,
<div class='furi-hint'>ほさ</div>補佐<div class='hint'>assistance; help</div>,ほさ,assistance; help,<ruby>私<rt>わたし</rt></ruby>があなたを <ruby>補佐<rt>ほさ</rt></ruby>します。,I will help you.,
<div class='furi-hint'>さむらい</div>侍<div class='hint'>samurai; warrior</div>,さむらい,samurai; warrior,これは 200 <ruby>年<rt>ねん</rt></ruby> <ruby>前<rt>まえ</rt></ruby>の <ruby>侍<rt>さむらい</rt></ruby>の <ruby>刀<rt>かたな</rt></ruby>だ。,This samurai sword is from 200 years ago.,
<div class='furi-hint'>どうはん</div>同伴<div class='hint'>accompanying</div>,どうはん,accompanying,<ruby>東京<rt>とうきょう</rt></ruby>には <ruby>妻<rt>つま</rt></ruby>を <ruby>同伴<rt>どうはん</rt></ruby>して <ruby>行<rt>い</rt></ruby>きます。,I will go to Tokyo accompanied by my wife.,
<div class='furi-hint'>ほうし</div>奉仕<div class='hint'>attendance; service</div>,ほうし,attendance; service,<ruby>祖父<rt>そふ</rt></ruby>は <ruby>退職<rt>たいしょく</rt></ruby> <ruby>後<rt>ご</rt></ruby>に <ruby>奉仕<rt>ほうし</rt></ruby> <ruby>活動<rt>かつどう</rt></ruby>を <ruby>始<rt>はじ</rt></ruby>めた。,After retirement; my grandfather started working voluntarily.,
<div class='furi-hint'>とりまく</div>取り巻く<div class='hint'>encircle; surround</div>,とりまく,encircle; surround,<ruby>私<rt>わたし</rt></ruby>たちを <ruby>取り<ruby>巻<rt>とりま</rt></ruby>く <ruby>環境<rt>かんきょう</rt></ruby>は <ruby>大<rt>おお</rt></ruby>きく <ruby>変化<rt>へんか</rt></ruby>しました。,The environment that surrounds us has changed greatly.,
<div class='furi-hint'>とうき</div>陶器<div class='hint'>ceramics; pottery</div>,とうき,ceramics; pottery,<ruby>彼<rt>かれ</rt></ruby>は <ruby>陶器<rt>とうき</rt></ruby>を <ruby>集<rt>あつ</rt></ruby>めるのが <ruby>趣味<rt>しゅみ</rt></ruby>です。,HIs hobby is to collect pottery.,
<div class='furi-hint'>ちんれつ</div>陳列<div class='hint'>display; exhibit</div>,ちんれつ,display; exhibit,<ruby>商品<rt>しょうひん</rt></ruby>がきれいに <ruby>陳列<rt>ちんれつ</rt></ruby>されています。,The products are beautifully displayed.,
<div class='furi-hint'>かんむり</div>冠<div class='hint'>coronet; crown</div>,かんむり,coronet; crown,<ruby>王様<rt>おうさま</rt></ruby>は <ruby>金<rt>きん</rt></ruby>の <ruby>冠<rt>かんむり</rt></ruby>をかぶっていた。,The king was wearing a golden crown.,
<div class='furi-hint'>だいなまいと</div>ダイナマイト<div class='hint'>dynamite</div>,だいなまいと,dynamite,ダイナマイトが <ruby>爆発<rt>ばくはつ</rt></ruby>した。,The dynamite exploded.,
<div class='furi-hint'>かんこんそうさい</div>冠婚葬祭<div class='hint'>ceremonial occasions</div>,かんこんそうさい,ceremonial occasions,<ruby>日本<rt>にほん</rt></ruby>では <ruby>冠婚葬祭<rt>かんこんそうさい</rt></ruby>に <ruby>黒<rt>くろ</rt></ruby>を <ruby>着<rt>き</rt></ruby>るのが <ruby>普通<rt>ふつう</rt></ruby>です。,It is usual to wear black for ceremonial occasions in Japan.,
<div class='furi-hint'>ていこく</div>帝国<div class='hint'>empire</div>,ていこく,empire,2000 <ruby>年<rt>ねん</rt></ruby> <ruby>前<rt>まえ</rt></ruby>ローマには <ruby>大<rt>だい</rt></ruby> <ruby>帝国<rt>ていこく</rt></ruby>が <ruby>存在<rt>そんざい</rt></ruby>した。,A great empire existed in Rome 2;000 years ago.,
<div class='furi-hint'>しっこう</div>執行<div class='hint'>execution; performance</div>,しっこう,execution; performance,<ruby>公務<rt>こうむ</rt></ruby>の <ruby>執行<rt>しっこう</rt></ruby>を <ruby>妨<rt>さまた</rt></ruby>げてはいけない。,You must not disrupt the performance of official duties.,
<div class='furi-hint'>しっぴつ</div>執筆<div class='hint'>writing</div>,しっぴつ,writing,<ruby>彼<rt>かれ</rt></ruby>は <ruby>新<rt>あたら</rt></ruby>しい <ruby>本<rt>ほん</rt></ruby>を <ruby>執筆<rt>しっぴつ</rt></ruby> <ruby>中<rt>ちゅう</rt></ruby>です。,He is writing a new book.,
<div class='furi-hint'>こしつ</div>固執<div class='hint'>adherence; persistence</div>,こしつ,adherence; persistence,<ruby>順位<rt>じゅんい</rt></ruby>に <ruby>固執<rt>こしつ</rt></ruby>せずゲームを <ruby>楽<rt>たの</rt></ruby>しみたい。,I want to enjoy the game without insisting on the order.,
<div class='furi-hint'>おろそか</div>疎か<div class='hint'>negligent</div>,おろそか,negligent,<ruby>勉強<rt>べんきょう</rt></ruby>を <ruby>疎<rt>おろ</rt></ruby>かにしてはいけません。,Do not neglect your studies.,
<div class='furi-hint'>かそ</div>過疎<div class='hint'>depopulation</div>,かそ,depopulation,その <ruby>村<rt>むら</rt></ruby>では <ruby>過疎<rt>かそ</rt></ruby> <ruby>化<rt>か</rt></ruby>の <ruby>問題<rt>もんだい</rt></ruby>が <ruby>深刻<rt>しんこく</rt></ruby>だ。,The problem of under-population is serious in that village.,
<div class='furi-hint'>へいがい</div>弊害<div class='hint'>abuse; evil</div>,へいがい,abuse; evil,<ruby>喫煙<rt>きつえん</rt></ruby>の <ruby>弊害<rt>へいがい</rt></ruby>について <ruby>考<rt>かんが</rt></ruby>えてみましょう。,Let's consider the evils of smoking.,
<div class='furi-hint'>はいせき</div>排斥<div class='hint'>expulsion; rejection</div>,はいせき,expulsion; rejection,あの <ruby>国<rt>くに</rt></ruby>はいまだに <ruby>外国<rt>がいこく</rt></ruby> <ruby>語<rt>ご</rt></ruby>を <ruby>排斥<rt>はいせき</rt></ruby>しようとしている。,That country tries to exclude foreign languages even now.,
<div class='furi-hint'>こうごう</div>皇后<div class='hint'>empress; queen</div>,こうごう,empress; queen,その <ruby>国<rt>くに</rt></ruby>の <ruby>皇后<rt>こうごう</rt></ruby>はとても <ruby>美<rt>うつく</rt></ruby>しい。,The empress of that country is very beautiful.,
<div class='furi-hint'>とくめい</div>匿名<div class='hint'>anonymity; incognito</div>,とくめい,anonymity; incognito,ラジオ <ruby>番組<rt>ばんぐみ</rt></ruby>に <ruby>匿名<rt>とくめい</rt></ruby>でメールを <ruby>出<rt>だ</rt></ruby>した。,I sent an anonymous email to the radio program.,
<div class='furi-hint'>こと</div>琴<div class='hint'>harp; koto</div>,こと,harp; koto,<ruby>彼女<rt>かのじょ</rt></ruby>はお <ruby>琴<rt>こと</rt></ruby>を <ruby>習<rt>なら</rt></ruby>っています。,She is learning the koto.,
<div class='furi-hint'>じぜん</div>慈善<div class='hint'>charity</div>,じぜん,charity,<ruby>彼女<rt>かのじょ</rt></ruby>は <ruby>慈善<rt>じぜん</rt></ruby> <ruby>団体<rt>だんたい</rt></ruby>で <ruby>活動<rt>かつどう</rt></ruby>している。,She is active in the charity.,
<div class='furi-hint'>じひ</div>慈悲<div class='hint'>compassion; mercy</div>,じひ,compassion; mercy,<ruby>彼女<rt>かのじょ</rt></ruby>は <ruby>慈悲<rt>じひ</rt></ruby> <ruby>深<rt>ふか</rt></ruby>い <ruby>人<rt>ひと</rt></ruby>だ。,She is a kind person.,
<div class='furi-hint'>ちゃっく</div>チャック<div class='hint'>fastener; zipper</div>,ちゃっく,fastener; zipper,ズボンのチャックが <ruby>開<rt>あ</rt></ruby>いているよ。,Your fly is open.,
<div class='furi-hint'>いかん</div>遺憾<div class='hint'>regrettable</div>,いかん,regrettable,このような <ruby>結果<rt>けっか</rt></ruby>になったことを <ruby>誠<rt>まこと</rt></ruby>に <ruby>遺憾<rt>いかん</rt></ruby>に <ruby>存<rt>ぞん</rt></ruby>じます。,It is deeply regrettable that this kind of thing occurred.,
<div class='furi-hint'>ゆうゆう</div>悠々<div class='hint'>comfort; leisure</div>,ゆうゆう,comfort; leisure,<ruby>彼<rt>かれ</rt></ruby>は <ruby>悠々<rt>ゆうゆう</rt></ruby>と <ruby>人生<rt>じんせい</rt></ruby>を <ruby>楽<rt>たの</rt></ruby>しんでいる。,He's enjoying an easy life.,
<div class='furi-hint'>ちょうえき</div>懲役<div class='hint'>imprisonment; penal servitude</div>,ちょうえき,imprisonment; penal servitude,<ruby>被告<rt>ひこく</rt></ruby>に <ruby>懲役<rt>ちょうえき</rt></ruby> 5 <ruby>年<rt>ねん</rt></ruby>の <ruby>判決<rt>はんけつ</rt></ruby>が <ruby>下<rt>くだ</rt></ruby>された。,A verdict of five years' imprisonment was handed down to the defendant.,
<div class='furi-hint'>とうがらし</div>唐辛子<div class='hint'>red pepper</div>,とうがらし,red pepper,<ruby>料理<rt>りょうり</rt></ruby>に <ruby>唐辛子<rt>とうがらし</rt></ruby>を <ruby>入<rt>い</rt></ruby>れすぎた。,I put too much chili powder in this dish.,
<div class='furi-hint'>めいろう</div>明朗<div class='hint'>cheerful</div>,めいろう,cheerful,<ruby>彼女<rt>かのじょ</rt></ruby>は <ruby>明朗<rt>めいろう</rt></ruby> <ruby>活発<rt>かっぱつ</rt></ruby>な <ruby>性格<rt>せいかく</rt></ruby>です。,She has a cheerful and active personality.,
<div class='furi-hint'>ろうどく</div>朗読<div class='hint'>reading aloud</div>,ろうどく,reading aloud,<ruby>彼<rt>かれ</rt></ruby>は <ruby>美<rt>うつく</rt></ruby>しい <ruby>詩<rt>し</rt></ruby>を <ruby>朗読<rt>ろうどく</rt></ruby>してくれた。,He read some beautiful poetry aloud.,
<div class='furi-hint'>そうしつ</div>喪失<div class='hint'>forfeit; loss</div>,そうしつ,forfeit; loss,<ruby>仕事<rt>しごと</rt></ruby>がうまく <ruby>行<rt>い</rt></ruby>かず <ruby>彼<rt>かれ</rt></ruby>は <ruby>自信<rt>じしん</rt></ruby>を <ruby>喪失<rt>そうしつ</rt></ruby>している。,Things aren't going well at work; and he has lost confidence.,
<div class='furi-hint'>ほうび</div>褒美<div class='hint'>prize; reward</div>,ほうび,prize; reward,その <ruby>犬<rt>いぬ</rt></ruby>はご <ruby>褒美<rt>ほうび</rt></ruby>にクッキーをもらった。,The dog got a cookie as a reward.,
<div class='furi-hint'>かれい</div>華麗<div class='hint'>magnificent</div>,かれい,magnificent,<ruby>彼女<rt>かのじょ</rt></ruby>の <ruby>華麗<rt>かれい</rt></ruby>な <ruby>演技<rt>えんぎ</rt></ruby>にうっとりした。,I was entranced by her beautiful performance.,
<div class='furi-hint'>しょさい</div>書斎<div class='hint'>library; study</div>,しょさい,library; study,お <ruby>客様<rt>きゃくさま</rt></ruby>を <ruby>書斎<rt>しょさい</rt></ruby>にお <ruby>通<rt>とお</rt></ruby>しして。,Show the guest into the study.,
<div class='furi-hint'>ひたすら</div>只管<div class='hint'>at all; in the least</div>,ひたすら,at all; in the least,<ruby>彼<rt>かれ</rt></ruby>はひたすら <ruby>努力<rt>どりょく</rt></ruby>しています。,He is working hard single-mindedly.,
<div class='furi-hint'>こい</div>鯉<div class='hint'>carp</div>,こい,carp,その <ruby>池<rt>いけ</rt></ruby>には <ruby>大<rt>おお</rt></ruby>きな <ruby>鯉<rt>こい</rt></ruby>がいます。,There is a big carp in the pond.,
<div class='furi-hint'>かわら</div>瓦<div class='hint'>tile-roofing</div>,かわら,tile-roofing,<ruby>台風<rt>たいふう</rt></ruby>で <ruby>屋根<rt>やね</rt></ruby>の <ruby>瓦<rt>かわら</rt></ruby>がはがれた。,The roof tiles came off because of the typhoon.,
<div class='furi-hint'>なぎさ</div>渚<div class='hint'>beach; waterside</div>,なぎさ,beach; waterside,<ruby>私<rt>わたし</rt></ruby>は <ruby>夕暮<rt>ゆうぐ</rt></ruby>れのなぎさが <ruby>好<rt>す</rt></ruby>きです。,I like the beach in the evening.,
<div class='furi-hint'>ねおん</div>ネオン<div class='hint'>neon; neon sign</div>,ねおん,neon; neon sign,<ruby>街<rt>まち</rt></ruby>のネオンがまぶしい。,The neon lights in the town are dazzling.,
<div class='furi-hint'>あほう</div>阿呆<div class='hint'>fool; idiot</div>,あほう,fool; idiot,<ruby>何<rt>なん</rt></ruby>てあほうな <ruby>奴<rt>やつ</rt></ruby>だ。,What an idiot!,
<div class='furi-hint'>かま</div>鎌<div class='hint'>sickle</div>,かま,sickle,<ruby>鎌<rt>かま</rt></ruby>で <ruby>草<rt>くさ</rt></ruby>を <ruby>刈<rt>か</rt></ruby>った。,The grass was cut with a scythe.,
<div class='furi-hint'>くり</div>栗<div class='hint'>chestnut</div>,くり,chestnut,デザートは <ruby>栗<rt>くり</rt></ruby>のパイです。,There is chestnut pie for dessert.,
<div class='furi-hint'>ひっす</div>必須<div class='hint'>indispensable</div>,ひっす,indispensable,この <ruby>仕事<rt>しごと</rt></ruby>には <ruby>日本語<rt>にほんご</rt></ruby> <ruby>力<rt>りょく</rt></ruby>が <ruby>必須<rt>ひっす</rt></ruby>です。,Japanese ability is indispensable for this job.,
<div class='furi-hint'>とら</div>虎<div class='hint'>drunkard; tiger</div>,とら,drunkard; tiger,この <ruby>動物<rt>どうぶつ</rt></ruby> <ruby>園<rt>えん</rt></ruby>には <ruby>虎<rt>とら</rt></ruby>が 2 <ruby>頭<rt>とう</rt></ruby>います。,There are two tigers in this zoo.,
<div class='furi-hint'>くま</div>熊<div class='hint'>bear</div>,くま,bear,<ruby>山<rt>やま</rt></ruby>を <ruby>歩<rt>ある</rt></ruby>くときは <ruby>熊<rt>くま</rt></ruby>に <ruby>気<rt>き</rt></ruby>をつけなさい。,Watch out for bears when you walk in the mountains.,
<div class='furi-hint'>しゅうと</div>舅<div class='hint'>one's father-in-law</div>,しゅうと,one's father-in-law,うちのしゅうとは <ruby>嫁<rt>よめ</rt></ruby>に <ruby>甘<rt>あま</rt></ruby>い。,The father-in-law is kind to his daughter-in-law.,
<div class='furi-hint'>つづり</div>綴り<div class='hint'>spelling</div>,つづり,spelling,この <ruby>単語<rt>たんご</rt></ruby>のつづりは <ruby>間違<rt>まちが</rt></ruby>っています。,This word is spelt wrong.,
<div class='furi-hint'>くじ</div>籤<div class='hint'>lottery; raffle</div>,くじ,lottery; raffle,この <ruby>箱<rt>はこ</rt></ruby>からくじをひいてください。,Please draw the lot from this box.,
<div class='furi-hint'>ひな</div>雛<div class='hint'>chick; doll; tiny</div>,ひな,chick; doll; tiny,ツバメの <ruby>雛<rt>ひな</rt></ruby>がかえった。,The swallow's chicks hatched.,
<div class='furi-hint'>ひよこ</div>雛<div class='hint'>chick; fledgling</div>,ひよこ,chick; fledgling,<ruby>庭<rt>にわ</rt></ruby>でひよこが <ruby>遊<rt>あそ</rt></ruby>んでいる。,The chicks are playing in the garden.,
<div class='furi-hint'>こっけい</div>滑稽<div class='hint'>funny; laughable</div>,こっけい,funny; laughable,この <ruby>映画<rt>えいが</rt></ruby>はひどくこっけいだ。,This movie is awfully funny.,
<div class='furi-hint'>ばくだい</div>莫大<div class='hint'>immense; vast</div>,ばくだい,immense; vast,この <ruby>計画<rt>けいかく</rt></ruby>には <ruby>莫大<rt>ばくだい</rt></ruby>なお <ruby>金<rt>かね</rt></ruby>が <ruby>必要<rt>ひつよう</rt></ruby>です。,Vast sums of money are needed for this plan.,
<div class='furi-hint'>にわか</div>俄<div class='hint'>improvised; suddenly; temporary</div>,にわか,improvised; suddenly; temporary,にわか <ruby>講師<rt>こうし</rt></ruby>なので <ruby>苦労<rt>くろう</rt></ruby>した。,I had a hard time because I was just improvising as a teacher.,
なめる<div class='hint'>lap; lick</div>,なめる,lap; lick,<ruby>君<rt>きみ</rt></ruby>は <ruby>世<rt>よ</rt></ruby>の <ruby>中<rt>なか</rt></ruby>をなめている。,You are experiencing the world around you.,
<div class='furi-hint'>そうりょ</div>僧侶<div class='hint'>bonze; Buddhist priest</div>,そうりょ,bonze; Buddhist priest,<ruby>僧侶<rt>そうりょ</rt></ruby>がデモ <ruby>行進<rt>こうしん</rt></ruby>をするという <ruby>事件<rt>じけん</rt></ruby>が <ruby>起<rt>お</rt></ruby>きた。,There was an incident when priests held a demonstration march.,
<div class='furi-hint'>すさまじい</div>凄まじい<div class='hint'>terrible</div>,すさまじい,terrible,すさまじい <ruby>揺<rt>ゆ</rt></ruby>れで <ruby>家屋<rt>かおく</rt></ruby>が <ruby>倒壊<rt>とうかい</rt></ruby>した。,The house collapsed due to a terrible tremor.,
<div class='furi-hint'>たこ</div>凧<div class='hint'>kite</div>,たこ,kite,<ruby>日本<rt>にほん</rt></ruby>では <ruby>正月<rt>しょうがつ</rt></ruby>によくたこを <ruby>揚<rt>あ</rt></ruby>げます。,We often fly kites on New Year's in Japan.,
<div class='furi-hint'>ほのか</div>仄か<div class='hint'>faint; subtle</div>,ほのか,faint; subtle,ほのかなバラの <ruby>香<rt>かお</rt></ruby>りがする。,There is a faint smell of roses.,
<div class='furi-hint'>はたき</div>叩き<div class='hint'>feather duster</div>,はたき,feather duster,はたきでほこりを <ruby>落<rt>お</rt></ruby>としました。,I removed the dust with a duster.,
<div class='furi-hint'>のろい</div>呪い<div class='hint'>curse; spell</div>,のろい,curse; spell,<ruby>魔女<rt>まじょ</rt></ruby>は <ruby>恐<rt>おそ</rt></ruby>ろしいのろいをかけました。,The witch cast a frightening curse.,
<div class='furi-hint'>つる</div>吊る<div class='hint'>hang; suspend</div>,つる,hang; suspend,カーテンを <ruby>吊<rt>つ</rt></ruby>ってください。,Please hang these curtains.,
<div class='furi-hint'>かなう</div>叶う<div class='hint'>be able to; be fulfilled</div>,かなう,be able to; be fulfilled,マイホームの <ruby>夢<rt>ゆめ</rt></ruby>が <ruby>叶<rt>かな</rt></ruby>って <ruby>嬉<rt>うれ</rt></ruby>しい。,I am happy that I fulfilled the dream of owning my own home.,
<div class='furi-hint'>かなえる</div>叶える<div class='hint'>fulfill; grant</div>,かなえる,fulfill; grant,<ruby>彼<rt>かれ</rt></ruby>は <ruby>夢<rt>ゆめ</rt></ruby>を <ruby>叶<rt>かな</rt></ruby>えるための <ruby>努力<rt>どりょく</rt></ruby>を <ruby>惜<rt>お</rt></ruby>しまない。,He spares no effort to fulfill his dreams.,
<div class='furi-hint'>たいせき</div>堆積<div class='hint'>accumulation; pile</div>,たいせき,accumulation; pile,<ruby>島内<rt>とうない</rt></ruby>に <ruby>火山灰<rt>かざんばい</rt></ruby>が <ruby>大量<rt>たいりょう</rt></ruby>に <ruby>堆積<rt>たいせき</rt></ruby>した。,There are large volcanic ash deposits on the island.,
<div class='furi-hint'>あか</div>垢<div class='hint'>dirt; grime</div>,あか,dirt; grime,タオルで <ruby>垢<rt>あか</rt></ruby>をこすった。,I scrubbed the dirt with the towel.,
<div class='furi-hint'>しっと</div>嫉妬<div class='hint'>envy; jealousy</div>,しっと,envy; jealousy,<ruby>彼女<rt>かのじょ</rt></ruby>は <ruby>彼<rt>かれ</rt></ruby>の <ruby>恋人<rt>こいびと</rt></ruby>に <ruby>嫉妬<rt>しっと</rt></ruby>していた。,She envied his lover.,
<div class='furi-hint'>しゅうとめ</div>姑<div class='hint'>one's mother-in-law</div>,しゅうとめ,one's mother-in-law,しゅうとめと <ruby>嫁<rt>よめ</rt></ruby>の <ruby>間<rt>あいだ</rt></ruby>がこじれている。,Relations between the mother-in-law and the daughter-in-law have turned sour.,
<div class='furi-hint'>はまる</div>嵌まる<div class='hint'>fit; put in</div>,はまる,fit; put in,<ruby>最近<rt>さいきん</rt></ruby> <ruby>太<rt>ふと</rt></ruby>って <ruby>上着<rt>うわぎ</rt></ruby>のボタンがはまりません。,Recently; I have gotten fat and can't do up the button of my jacket.,
<div class='furi-hint'>ねじ</div>捻子<div class='hint'>screw</div>,ねじ,screw,ねじをもっと <ruby>強<rt>つよ</rt></ruby>くしめてください。,Turn the screw harder.,
わいわい<div class='hint'>excitedly; get excited</div>,わいわい,excitedly; get excited,みんなでわいわい <ruby>騒<rt>さわ</rt></ruby>いだ。,We all made a lot of noise reveling.,
<div class='furi-hint'>ささげる</div>捧げる<div class='hint'>dedicate</div>,ささげる,dedicate,<ruby>彼等<rt>かれら</rt></ruby>は <ruby>青春<rt>せいしゅん</rt></ruby>をスポーツに <ruby>捧<rt>ささ</rt></ruby>げています。,They are committing their youth to sports.,
<div class='furi-hint'>しゃれ</div>洒落<div class='hint'>pun; witticism</div>,しゃれ,pun; witticism,<ruby>父<rt>ちち</rt></ruby>はつまらない <ruby>洒落<rt>しゃれ</rt></ruby>を <ruby>言<rt>い</rt></ruby>うのが <ruby>好<rt>す</rt></ruby>きだ。,My father likes to tell stupid jokes.,
<div class='furi-hint'>きつね</div>狐<div class='hint'>fox; vixen</div>,きつね,fox; vixen,<ruby>山<rt>やま</rt></ruby>で <ruby>野生<rt>やせい</rt></ruby>の <ruby>狐<rt>きつね</rt></ruby>を <ruby>見<rt>み</rt></ruby>ました。,I saw a wild fox in the mountains.,
<div class='furi-hint'>しん</div>芯<div class='hint'>centre; core; lead</div>,しん,centre; core; lead,<ruby>鉛筆<rt>えんぴつ</rt></ruby>の <ruby>芯<rt>しん</rt></ruby>が <ruby>折<rt>お</rt></ruby>れた。,The pencil lead broke.,
<div class='furi-hint'>きのこ</div>茸<div class='hint'>mushroom</div>,きのこ,mushroom,スパゲティーにきのこを <ruby>入<rt>い</rt></ruby>れた。,I put mushrooms in the spaghetti.,
<div class='furi-hint'>わら</div>藁<div class='hint'>straw</div>,わら,straw,<ruby>溺<rt>おぼ</rt></ruby>れる <ruby>者<rt>もの</rt></ruby>はわらをもつかむ。,A drowning man will clutch at straws.,
<div class='furi-hint'>すき</div>隙<div class='hint'>gap; space</div>,すき,gap; space,<ruby>心<rt>こころ</rt></ruby>に <ruby>隙<rt>すき</rt></ruby>があるから <ruby>騙<rt>だま</rt></ruby>されるのだ。,You were cheated because you let your guard down.,
<div class='furi-hint'>すきま</div>隙間<div class='hint'>crack; gap</div>,すきま,crack; gap,<ruby>猫<rt>ねこ</rt></ruby>がドアの <ruby>隙間<rt>すきま</rt></ruby>から <ruby>入<rt>はい</rt></ruby>って <ruby>来<rt>き</rt></ruby>た。,The cat entered through a crack in the door.,
<div class='furi-hint'>たそがれ</div>黄昏<div class='hint'>dusk</div>,たそがれ,dusk,<ruby>私<rt>わたし</rt></ruby>はたそがれの <ruby>海<rt>うみ</rt></ruby>が <ruby>大好<rt>だいす</rt></ruby>きです。,I love the sea at dusk.,
<div class='furi-hint'>もも</div>股<div class='hint'>peach; the thigh</div>,もも,peach; the thigh,<ruby>昨日<rt>きのう</rt></ruby>たくさん <ruby>運動<rt>うんどう</rt></ruby>したのでももが <ruby>筋肉<rt>きんにく</rt></ruby> <ruby>痛<rt>つう</rt></ruby>です。,I did a lot of exercise yesterday and my thighs ache.,
<div class='furi-hint'>わん</div>椀<div class='hint'>bowl</div>,わん,bowl,ご <ruby>飯<rt>はん</rt></ruby>をおわんに <ruby>盛<rt>も</rt></ruby>った。,I piled rice up in the bowl.,
<div class='furi-hint'>どうせい</div>同棲<div class='hint'>living together</div>,どうせい,living together,<ruby>二人<rt>ふたり</rt></ruby>は <ruby>同棲<rt>どうせい</rt></ruby>しています。,The two of them are living together.,
<div class='furi-hint'>つえ</div>杖<div class='hint'>cane; walking stick</div>,つえ,cane; walking stick,<ruby>今<rt>こん</rt></ruby> <ruby>足<rt>あし</rt></ruby>を <ruby>骨折<rt>こっせつ</rt></ruby>して <ruby>杖<rt>つえ</rt></ruby>を <ruby>使<rt>つか</rt></ruby>っています。,I fractured my foot and am using a cane now.,
<div class='furi-hint'>たる</div>樽<div class='hint'>barrel; cask; keg</div>,たる,barrel; cask; keg,ビールを <ruby>樽<rt>たる</rt></ruby>から <ruby>飲<rt>の</rt></ruby>んだ。,We drank beer from the barrel.,
<div class='furi-hint'>ぴんと</div>ピント<div class='hint'>focus</div>,ぴんと,focus,この <ruby>写真<rt>しゃしん</rt></ruby>はピントがずれています。,This photo is out of focus.,
<div class='furi-hint'>おけ</div>桶<div class='hint'>bucket; pail</div>,おけ,bucket; pail,<ruby>桶<rt>おけ</rt></ruby>に <ruby>水<rt>みず</rt></ruby>を <ruby>汲<rt>く</rt></ruby>んだ。,I drew water into the tub.,
<div class='furi-hint'>まひ</div>麻痺<div class='hint'>palsy; paralysis</div>,まひ,palsy; paralysis,ストライキで <ruby>交通<rt>こうつう</rt></ruby>がまひしている。,Traffic has been paralyzed because of the strike.,
<div class='furi-hint'>めまい</div>目眩<div class='hint'>dizziness; giddiness</div>,めまい,dizziness; giddiness,<ruby>暑<rt>あつ</rt></ruby>さでめまいがしてきた。,I became dizzy from the heat.,
<div class='furi-hint'>はげ</div>禿<div class='hint'>bald; treeless</div>,はげ,bald; treeless,<ruby>父<rt>ちち</rt></ruby>ははげを <ruby>気<rt>き</rt></ruby>にしています。,My father is worried about going bald.,
<div class='furi-hint'>すそ</div>裾<div class='hint'>bottom; hem</div>,すそ,bottom; hem,パンツの <ruby>裾<rt>すそ</rt></ruby>に <ruby>泥<rt>どろ</rt></ruby>がはねた。,Mud splashed onto the hem of my pants.,
<div class='furi-hint'>さお</div>竿<div class='hint'>bamboo pole; carrying-pole</div>,さお,bamboo pole; carrying-pole,<ruby>物干<rt>ものほ</rt></ruby>し <ruby>竿<rt>さお</rt></ruby>を <ruby>買い<ruby>換<rt>かいか</rt></ruby>えた。,I bought a new laundry pole.,
<div class='furi-hint'>しま</div>縞<div class='hint'>stripes</div>,しま,stripes,そのチームのユニホームはしま <ruby>模様<rt>もよう</rt></ruby>だ。,The team's uniform has a striped pattern.,
<div class='furi-hint'>かじ</div>舵<div class='hint'>helm; manage; rudder</div>,かじ,helm; manage; rudder,<ruby>彼<rt>かれ</rt></ruby>は <ruby>仕事<rt>しごと</rt></ruby>のかじを <ruby>取<rt>と</rt></ruby>るのが <ruby>上手<rt>じょうず</rt></ruby>です。,He is skillful at taking control at work.,
<div class='furi-hint'>かに</div>蟹<div class='hint'>crab</div>,かに,crab,<ruby>砂浜<rt>すなはま</rt></ruby>で <ruby>蟹<rt>かに</rt></ruby>の <ruby>親子<rt>おやこ</rt></ruby>をみつけた。,We found a crab and its baby on the beach.,
<div class='furi-hint'>はちみつ</div>蜂蜜<div class='hint'>honey</div>,はちみつ,honey,<ruby>私<rt>わたし</rt></ruby>はヨーグルトに <ruby>蜂蜜<rt>はちみつ</rt></ruby>を <ruby>入<rt>い</rt></ruby>れます。,I put honey in the yogurt.,
<div class='furi-hint'>らせん</div>螺旋<div class='hint'>screw; spiral</div>,らせん,screw; spiral,その <ruby>俳優<rt>はいゆう</rt></ruby>はホテルのらせん <ruby>階段<rt>かいだん</rt></ruby>を <ruby>降<rt>お</rt></ruby>りていった。,The actor came down the hotel's spiral staircase.,
<div class='furi-hint'>せみ</div>蝉<div class='hint'>cicada</div>,せみ,cicada,せみは <ruby>代表<rt>だいひょう</rt></ruby> <ruby>的<rt>てき</rt></ruby>な <ruby>夏<rt>なつ</rt></ruby>の <ruby>季語<rt>きご</rt></ruby>です。,The word &quot;cicada&quot; is a typical season word for summer.,
<div class='furi-hint'>ふくしゅう</div>復讐<div class='hint'>revenge; vengeance</div>,ふくしゅう,revenge; vengeance,<ruby>彼<rt>かれ</rt></ruby>は <ruby>復讐<rt>ふくしゅう</rt></ruby>をあきらめた。,He gave up on revenge.,
<div class='furi-hint'>ひけつ</div>秘訣<div class='hint'>key; secret</div>,ひけつ,key; secret,うまく <ruby>踊<rt>おど</rt></ruby>るひけつを <ruby>教<rt>おし</rt></ruby>えてください。,Please teach me the secrets of how to dance well.,
うんざり<div class='hint'>disgusting</div>,うんざり,disgusting,<ruby>彼<rt>かれ</rt></ruby>のしつこさにはうんざりです。,I am annoyed by his persistence.,
<div class='furi-hint'>へんぼう</div>変貌<div class='hint'>transformation</div>,へんぼう,transformation,<ruby>東京<rt>とうきょう</rt></ruby>はここ 10 <ruby>年<rt>ねん</rt></ruby>で <ruby>大<rt>おお</rt></ruby>きく <ruby>変貌<rt>へんぼう</rt></ruby>した。,Tokyo has changed enormously in the past ten years.,
<div class='furi-hint'>しょうちゅう</div>焼酎<div class='hint'>Japanese liquor; shochu</div>,しょうちゅう,Japanese liquor; shochu,<ruby>彼<rt>かれ</rt></ruby>は <ruby>焼酎<rt>しょうちゅう</rt></ruby>が <ruby>好<rt>す</rt></ruby>きです。,He likes Japanese liquor.,
<div class='furi-hint'>さび</div>錆<div class='hint'>patina; rust</div>,さび,patina; rust,<ruby>包丁<rt>ほうちょう</rt></ruby>に <ruby>錆<rt>さび</rt></ruby>がついた。,The kitchen knife is rusty.,
<div class='furi-hint'>ひらめく</div>閃く<div class='hint'>flash</div>,ひらめく,flash,いい <ruby>考<rt>かんが</rt></ruby>えがひらめいた。,I had a flash of inspiration.,
<div class='furi-hint'>かすみ</div>霞<div class='hint'>dimness of sight; mist</div>,かすみ,dimness of sight; mist,<ruby>山頂<rt>さんちょう</rt></ruby>に <ruby>霞<rt>かすみ</rt></ruby>がかかっている。,There is mist on top of the mountain.,
<div class='furi-hint'>あっせん</div>斡旋<div class='hint'>mediation</div>,あっせん,mediation,その <ruby>会社<rt>かいしゃ</rt></ruby>に <ruby>就職<rt>しゅうしょく</rt></ruby>の <ruby>斡旋<rt>あっせん</rt></ruby>を <ruby>頼<rt>たの</rt></ruby>みました。,I asked the company for help finding employment.,
<div class='furi-hint'>せいとん</div>整頓<div class='hint'>arrangement</div>,せいとん,arrangement,<ruby>引き<ruby>出<rt>ひきだ</rt></ruby>しの <ruby>整頓<rt>せいとん</rt></ruby>には <ruby>仕切<rt>しき</rt></ruby>りが <ruby>便利<rt>べんり</rt></ruby>です。,Dividers are useful for keeping drawers tidy.,
<div class='furi-hint'>せんべい</div>煎餅<div class='hint'>biscuit; rice cracker</div>,せんべい,biscuit; rice cracker,<ruby>彼女<rt>かのじょ</rt></ruby>はおせんべいが <ruby>大好<rt>だいす</rt></ruby>きです。,She loves rice crackers.,
<div class='furi-hint'>たい</div>鯛<div class='hint'>sea bream; tai</div>,たい,sea bream; tai,お <ruby>祝<rt>いわ</rt></ruby>いのときによく <ruby>鯛<rt>たい</rt></ruby>を <ruby>食<rt>た</rt></ruby>べる。,We often eat sea bream at times of celebration.,
<div class='furi-hint'>あじ</div>鯵<div class='hint'>mackerel</div>,あじ,mackerel,アジの <ruby>干物<rt>ひもの</rt></ruby>は <ruby>大好<rt>だいす</rt></ruby>きです。,I love dried horse mackerel.,
<div class='furi-hint'>きりん</div>麒麟<div class='hint'>Chinese unicorn; giraffe</div>,きりん,Chinese unicorn; giraffe,きりんの <ruby>首<rt>くび</rt></ruby>は <ruby>長<rt>なが</rt></ruby>い。,Giraffes have long necks.,
<div class='furi-hint'>まーじゃん</div>麻雀<div class='hint'>mahjong</div>,まーじゃん,mahjong,<ruby>友人<rt>ゆうじん</rt></ruby>は <ruby>大<rt>だい</rt></ruby>の <ruby>麻雀<rt>まーじゃん</rt></ruby> <ruby>好<rt>ず</rt></ruby>きです。,My friend is a big Mahjong player.,
<div class='furi-hint'>ひばり</div>雲雀<div class='hint'>skylark</div>,ひばり,skylark,ひばりの <ruby>鳴き<ruby>声<rt>なきごえ</rt></ruby>が <ruby>聞<rt>き</rt></ruby>こえます。,I can hear a lark singing.,
<div class='furi-hint'>りゅうちょう</div>流暢<div class='hint'>flowing; fluent</div>,りゅうちょう,flowing; fluent,<ruby>彼<rt>かれ</rt></ruby>は <ruby>流暢<rt>りゅうちょう</rt></ruby>な <ruby>日本語<rt>にほんご</rt></ruby>を <ruby>話<rt>はな</rt></ruby>します。,He speaks fluent Japanese.,
<div class='furi-hint'>かとりっく</div>カトリック<div class='hint'>Catholic</div>,かとりっく,Catholic,<ruby>彼<rt>かれ</rt></ruby>はカトリック <ruby>教徒<rt>きょうと</rt></ruby>です。,He is a Catholic.,
<div class='furi-hint'>さじ</div>匙<div class='hint'>spoon</div>,さじ,spoon,さすがの <ruby>彼<rt>かれ</rt></ruby>もその <ruby>問題<rt>もんだい</rt></ruby>には <ruby>匙<rt>さじ</rt></ruby>を <ruby>投<rt>な</rt></ruby>げた。,As usual; he's thrown in the towel.,
<div class='furi-hint'>いきがい</div>生き甲斐<div class='hint'>reason for living</div>,いきがい,reason for living,<ruby>彼<rt>かれ</rt></ruby>は <ruby>今<rt>いま</rt></ruby>の <ruby>生活<rt>せいかつ</rt></ruby>に <ruby>生<rt>い</rt></ruby>きがいを <ruby>感<rt>かん</rt></ruby>じている。,He feels something to live for in his present life.,
<div class='furi-hint'>とげ</div>棘<div class='hint'>thorn</div>,とげ,thorn,バラのとげが <ruby>指<rt>ゆび</rt></ruby>に <ruby>刺<rt>さ</rt></ruby>さった。,A rose thorn pricked my finger.,
<div class='furi-hint'>よみがえる</div>甦る<div class='hint'>come back to life again; revive</div>,よみがえる,come back to life again; revive,<ruby>懐<rt>なつ</rt></ruby>かしい <ruby>記憶<rt>きおく</rt></ruby>がよみがえった。,I recalled some nostalgic memories.,
<div class='furi-hint'>しつけ</div>躾<div class='hint'>discipline; training</div>,しつけ,discipline; training,<ruby>家庭<rt>かてい</rt></ruby>でのしつけは <ruby>大切<rt>たいせつ</rt></ruby>だ。,Discipline at home is important.,
<div class='furi-hint'>だんな</div>旦那<div class='hint'>husband; master; sir</div>,だんな,husband; master; sir,うちのだんなは <ruby>京都<rt>きょうと</rt></ruby> <ruby>出身<rt>しゅっしん</rt></ruby>です。,My husband is from Kyoto.,
<div class='furi-hint'>すね</div>脛<div class='hint'>shin</div>,すね,shin,<ruby>転<rt>ころ</rt></ruby>んですねを <ruby>打<rt>う</rt></ruby>った。,I fell over and bumped my shin.,
<div class='furi-hint'>ごい</div>語彙<div class='hint'>vocabulary</div>,ごい,vocabulary,この <ruby>子<rt>こ</rt></ruby>は 4 <ruby>才<rt>さい</rt></ruby>にしては <ruby>語彙<rt>ごい</rt></ruby>が <ruby>豊富<rt>ほうふ</rt></ruby>だ。,This child has a rich vocabulary for a four-year old.,
<div class='furi-hint'>おきて</div>掟<div class='hint'>regulations; rules</div>,おきて,regulations; rules,おきてに <ruby>従<rt>したが</rt></ruby>わない <ruby>者<rt>もの</rt></ruby>は <ruby>罰<rt>ばっ</rt></ruby>せられる。,People who don't observe the law are punished.,
<div class='furi-hint'>まくる</div>捲る<div class='hint'>turn up</div>,まくる,turn up,ズボンのすそをまくって <ruby>作業<rt>さぎょう</rt></ruby>をした。,I rolled up the leg of my pants and started work.,
<div class='furi-hint'>くちばし</div>嘴<div class='hint'>beak; bill</div>,くちばし,beak; bill,<ruby>鳥<rt>とり</rt></ruby>がくちばしで <ruby>木<rt>き</rt></ruby>をつついていました。,A bird was pecking a tree with its beak.,
<div class='furi-hint'>つぼ</div>壺<div class='hint'>pot</div>,つぼ,pot,このつぼはとても <ruby>高価<rt>こうか</rt></ruby>なものです。,This jar is a very expensive item.,
<div class='furi-hint'>きぐ</div>危惧<div class='hint'>fear; misgivings</div>,きぐ,fear; misgivings,<ruby>政策<rt>せいさく</rt></ruby>の <ruby>失敗<rt>しっぱい</rt></ruby>が <ruby>危惧<rt>きぐ</rt></ruby>されています。,There are misgivings about the failure of the policy.,
<div class='furi-hint'>すいこう</div>推敲<div class='hint'>polishing; refinement</div>,すいこう,polishing; refinement,<ruby>今<rt>いま</rt></ruby> <ruby>最終<rt>さいしゅう</rt></ruby> <ruby>原稿<rt>げんこう</rt></ruby>を <ruby>推敲<rt>すいこう</rt></ruby>しています。,I'm polishing the final manuscript now.,
ややこしい<div class='hint'>complex; complicated; intricate</div>,ややこしい,complex; complicated; intricate,この <ruby>仕事<rt>しごと</rt></ruby>はややこしいですね。,This work is complicated.,
<div class='furi-hint'>つくり</div>旁<div class='hint'>construction; make up</div>,つくり,construction; make up,<ruby>今日<rt>きょう</rt></ruby>は <ruby>漢字<rt>かんじ</rt></ruby>のつくりについて <ruby>習<rt>なら</rt></ruby>った。,We learnt about how the Chinese characters were formed today.,
<div class='furi-hint'>だいだいいろ</div>橙色<div class='hint'>orange</div>,だいだいいろ,orange,そのチームは <ruby>白<rt>しろ</rt></ruby>とだいだい <ruby>色<rt>いろ</rt></ruby>のユニホームだ。,The team's uniform is white and orange.,
<div class='furi-hint'>おり</div>檻<div class='hint'>cage</div>,おり,cage,おりの <ruby>中<rt>なか</rt></ruby>にライオンの <ruby>親子<rt>おやこ</rt></ruby>がいた。,A lion and her cubs were in the cage.,
<div class='furi-hint'>ゆううつ</div>憂鬱<div class='hint'>gloom; melancholy</div>,ゆううつ,gloom; melancholy,<ruby>試験<rt>しけん</rt></ruby>の <ruby>事<rt>こと</rt></ruby>を <ruby>考<rt>かんが</rt></ruby>えるとゆううつになります。,I get depressed thinking about exams.,
<div class='furi-hint'>こんろ</div>焜炉<div class='hint'>portable cooking stove</div>,こんろ,portable cooking stove,<ruby>野外<rt>やがい</rt></ruby>ではコンロを <ruby>使<rt>つか</rt></ruby>って <ruby>料理<rt>りょうり</rt></ruby>する。,We use a stove outdoors to cook.,
<div class='furi-hint'>あざ</div>痣<div class='hint'>birthmark; bruise</div>,あざ,birthmark; bruise,<ruby>転<rt>ころ</rt></ruby>んで <ruby>膝<rt>ひざ</rt></ruby>にあざができました。,I fell down and bruised my knee.,
<div class='furi-hint'>こぶ</div>瘤<div class='hint'>bump; lump</div>,こぶ,bump; lump,<ruby>転<rt>ころ</rt></ruby>んで <ruby>頭<rt>あたま</rt></ruby>にこぶができた。,I fell down and bumped my head.,
<div class='furi-hint'>にきび</div>面皰<div class='hint'>acne; pimple</div>,にきび,acne; pimple,チョコレートを <ruby>食<rt>た</rt></ruby>べすぎてにきびができてしまった。,I have pimples from eating too much chocolate.,
<div class='furi-hint'>かご</div>籠<div class='hint'>basket; cage; coop</div>,かご,basket; cage; coop,<ruby>竹<rt>たけ</rt></ruby>で <ruby>籠<rt>かご</rt></ruby>を <ruby>編<rt>あ</rt></ruby>みました。,The basket was woven with bamboo.,
<div class='furi-hint'>わな</div>罠<div class='hint'>snare; trap</div>,わな,snare; trap,<ruby>鳥<rt>とり</rt></ruby>がわなに <ruby>掛<rt>か</rt></ruby>かった。,The bird was caught in the trap.,
<div class='furi-hint'>ござ</div>茣蓙<div class='hint'>grass matting; mat</div>,ござ,grass matting; mat,あのござの <ruby>上<rt>うえ</rt></ruby>に <ruby>荷物<rt>にもつ</rt></ruby>を <ruby>置<rt>お</rt></ruby>いてください。,Please put the luggage on the straw mat.,
<div class='furi-hint'>くも</div>蜘蛛<div class='hint'>spider</div>,くも,spider,<ruby>私<rt>わたし</rt></ruby>はくもが <ruby>大嫌<rt>だいきら</rt></ruby>いです。,I hate spiders.,
<div class='furi-hint'>とんぼ</div>蜻蛉<div class='hint'>dragonfly</div>,とんぼ,dragonfly,<ruby>土手<rt>どて</rt></ruby>にたくさんトンボが <ruby>飛<rt>と</rt></ruby>んでいた。,There were a lot of dragonflies flying around the river bank.,
<div class='furi-hint'>きゅうきょ</div>急遽<div class='hint'>in a hurry; in haste</div>,きゅうきょ,in a hurry; in haste,きゅうきょ <ruby>彼<rt>かれ</rt></ruby>はアメリカへ <ruby>発<rt>た</rt></ruby>った。,He left for the United States in haste.,
